docs	Set up job	﻿2026-10-03T14:59:25.2275218Z Current runner version: '2.337.0'
docs	Set up job	2026-10-03T14:59:25.2298040Z ##[group]Runner Image Provisioner
docs	Set up job	2026-10-03T14:59:25.2298763Z Hosted Compute Agent
docs	Set up job	2026-10-03T14:59:25.2299257Z Version: 20260901.588
docs	Set up job	2026-10-03T14:59:25.2299930Z Commit: f88ec8081b781fac6c440065ac7ff9e710ce3d0b
docs	Set up job	2026-10-03T14:59:25.2300522Z Build Date: 2026-09-01T19:56:44Z
docs	Set up job	2026-10-03T14:59:25.2301094Z Worker ID: {06437811-1ce3-4f8e-8dc5-05a8699b4041}
docs	Set up job	2026-10-03T14:59:25.2301681Z Azure Region: westus3
docs	Set up job	2026-10-03T14:59:25.2302149Z ##[endgroup]
docs	Set up job	2026-10-03T14:59:25.2303364Z ##[group]Operating System
docs	Set up job	2026-10-03T14:59:25.2303868Z Ubuntu
docs	Set up job	2026-10-03T14:59:25.2304277Z 24.04.5
docs	Set up job	2026-10-03T14:59:25.2304762Z LTS
docs	Set up job	2026-10-03T14:59:25.2305278Z ##[endgroup]
docs	Set up job	2026-10-03T14:59:25.2305758Z ##[group]Runner Image
docs	Set up job	2026-10-03T14:59:25.2306245Z Image: ubuntu-24.04
docs	Set up job	2026-10-03T14:59:25.2306682Z Version: 20260927.320.1
docs	Set up job	2026-10-03T14:59:25.2308146Z Included Software: https://github.com/actions/runner-images/blob/ubuntu24/20260927.320/images/ubuntu/Ubuntu2404-Readme.md
docs	Set up job	2026-10-03T14:59:25.2309634Z Image Release: https://github.com/actions/runner-images/releases/tag/ubuntu24%2F20260927.320
docs	Set up job	2026-10-03T14:59:25.2310417Z ##[endgroup]
docs	Set up job	2026-10-03T14:59:25.2311318Z ##[group]GITHUB_TOKEN Permissions
docs	Set up job	2026-10-03T14:59:25.2313121Z Contents: read
docs	Set up job	2026-10-03T14:59:25.2313688Z Metadata: read
docs	Set up job	2026-10-03T14:59:25.2314222Z ##[endgroup]
docs	Set up job	2026-10-03T14:59:25.2315925Z Secret source: Actions
docs	Set up job	2026-10-03T14:59:25.2316981Z Cache mode: write
docs	Set up job	2026-10-03T14:59:25.2317825Z Prepare workflow directory
docs	Set up job	2026-10-03T14:59:25.2583862Z Prepare all required actions
docs	Set up job	2026-10-03T14:59:25.2625350Z Getting action download info
docs	Set up job	2026-10-03T14:59:25.5468887Z Download action repository 'actions/checkout@v4' (SHA:11d5960a326750d5838078e36cf38b85af677262)
docs	Set up job	2026-10-03T14:59:25.8264692Z Download action repository 'actions/setup-python@v5' (SHA:a26af69be951a213d495a4c3e4e4022e16d87065)
docs	Set up job	2026-10-03T14:59:26.0360771Z Complete job name: docs
docs	Run actions/checkout@v4	﻿2026-10-03T14:59:26.0969107Z ##[group]Run actions/checkout@v4
docs	Run actions/checkout@v4	2026-10-03T14:59:26.0969797Z with:
docs	Run actions/checkout@v4	2026-10-03T14:59:26.0970176Z   persist-credentials: false
docs	Run actions/checkout@v4	2026-10-03T14:59:26.0970607Z   repository: andres18113/cisco-muejeje
docs	Run actions/checkout@v4	2026-10-03T14:59:26.0973692Z   token: ***
docs	Run actions/checkout@v4	2026-10-03T14:59:26.0974035Z   ssh-strict: true
docs	Run actions/checkout@v4	2026-10-03T14:59:26.0974381Z   ssh-user: git
docs	Run actions/checkout@v4	2026-10-03T14:59:26.0974710Z   clean: true
docs	Run actions/checkout@v4	2026-10-03T14:59:26.0975062Z   sparse-checkout-cone-mode: true
docs	Run actions/checkout@v4	2026-10-03T14:59:26.0975472Z   fetch-depth: 1
docs	Run actions/checkout@v4	2026-10-03T14:59:26.0975803Z   fetch-tags: false
docs	Run actions/checkout@v4	2026-10-03T14:59:26.0976148Z   show-progress: true
docs	Run actions/checkout@v4	2026-10-03T14:59:26.0976488Z   lfs: false
docs	Run actions/checkout@v4	2026-10-03T14:59:26.0976996Z   submodules: false
docs	Run actions/checkout@v4	2026-10-03T14:59:26.0977353Z   set-safe-directory: true
docs	Run actions/checkout@v4	2026-10-03T14:59:26.0977748Z   allow-unsafe-pr-checkout: false
docs	Run actions/checkout@v4	2026-10-03T14:59:26.0978309Z ##[endgroup]
docs	Run actions/checkout@v4	2026-10-03T14:59:26.1798043Z Syncing repository: andres18113/cisco-muejeje
docs	Run actions/checkout@v4	2026-10-03T14:59:26.1799747Z ##[group]Getting Git version info
docs	Run actions/checkout@v4	2026-10-03T14:59:26.1800361Z Working directory is '/home/runner/work/cisco-muejeje/cisco-muejeje'
docs	Run actions/checkout@v4	2026-10-03T14:59:26.1801355Z [command]/usr/bin/git version
docs	Run actions/checkout@v4	2026-10-03T14:59:26.1902505Z git version 2.55.0
docs	Run actions/checkout@v4	2026-10-03T14:59:26.1922319Z ##[endgroup]
docs	Run actions/checkout@v4	2026-10-03T14:59:26.1936200Z Temporarily overriding HOME='/home/runner/work/_temp/790bc261-c7de-4af0-ba1f-3ba959b39813' before making global git config changes
docs	Run actions/checkout@v4	2026-10-03T14:59:26.1937440Z Adding repository directory to the temporary git global config as a safe directory
docs	Run actions/checkout@v4	2026-10-03T14:59:26.1940884Z [command]/usr/bin/git config --global --add safe.directory /home/runner/work/cisco-muejeje/cisco-muejeje
docs	Run actions/checkout@v4	2026-10-03T14:59:26.1989682Z Deleting the contents of '/home/runner/work/cisco-muejeje/cisco-muejeje'
docs	Run actions/checkout@v4	2026-10-03T14:59:26.1998064Z ##[group]Initializing the repository
docs	Run actions/checkout@v4	2026-10-03T14:59:26.2006704Z [command]/usr/bin/git init /home/runner/work/cisco-muejeje/cisco-muejeje
docs	Run actions/checkout@v4	2026-10-03T14:59:26.2102053Z hint: Using 'master' as the name for the initial branch. This default branch name
docs	Run actions/checkout@v4	2026-10-03T14:59:26.2103591Z hint: will change to "main" in Git 3.0. To configure the initial branch name
docs	Run actions/checkout@v4	2026-10-03T14:59:26.2108769Z hint: to use in all of your new repositories, which will suppress this warning,
docs	Run actions/checkout@v4	2026-10-03T14:59:26.2110184Z hint: call:
docs	Run actions/checkout@v4	2026-10-03T14:59:26.2111014Z hint:
docs	Run actions/checkout@v4	2026-10-03T14:59:26.2111730Z hint: 	git config --global init.defaultBranch <name>
docs	Run actions/checkout@v4	2026-10-03T14:59:26.2112491Z hint:
docs	Run actions/checkout@v4	2026-10-03T14:59:26.2113191Z hint: Names commonly chosen instead of 'master' are 'main', 'trunk' and
docs	Run actions/checkout@v4	2026-10-03T14:59:26.2114333Z hint: 'development'. The just-created branch can be renamed via this command:
docs	Run actions/checkout@v4	2026-10-03T14:59:26.2115250Z hint:
docs	Run actions/checkout@v4	2026-10-03T14:59:26.2115734Z hint: 	git branch -m <name>
docs	Run actions/checkout@v4	2026-10-03T14:59:26.2116302Z hint:
docs	Run actions/checkout@v4	2026-10-03T14:59:26.2117180Z hint: Disable this message with "git config set advice.defaultBranchName false"
docs	Run actions/checkout@v4	2026-10-03T14:59:26.2118445Z Initialized empty Git repository in /home/runner/work/cisco-muejeje/cisco-muejeje/.git/
docs	Run actions/checkout@v4	2026-10-03T14:59:26.2120609Z [command]/usr/bin/git remote add origin https://github.com/andres18113/cisco-muejeje
docs	Run actions/checkout@v4	2026-10-03T14:59:26.2167047Z ##[endgroup]
docs	Run actions/checkout@v4	2026-10-03T14:59:26.2168017Z ##[group]Disabling automatic garbage collection
docs	Run actions/checkout@v4	2026-10-03T14:59:26.2170646Z [command]/usr/bin/git config --local gc.auto 0
docs	Run actions/checkout@v4	2026-10-03T14:59:26.2199769Z ##[endgroup]
docs	Run actions/checkout@v4	2026-10-03T14:59:26.2200624Z ##[group]Setting up auth
docs	Run actions/checkout@v4	2026-10-03T14:59:26.2205184Z [command]/usr/bin/git config --local --name-only --get-regexp core\.sshCommand
docs	Run actions/checkout@v4	2026-10-03T14:59:26.2236108Z [command]/usr/bin/git submodule foreach --recursive sh -c "git config --local --name-only --get-regexp 'core\.sshCommand' && git config --local --unset-all 'core.sshCommand' || :"
docs	Run actions/checkout@v4	2026-10-03T14:59:26.2561094Z [command]/usr/bin/git config --local --name-only --get-regexp http\.https\:\/\/github\.com\/\.extraheader
docs	Run actions/checkout@v4	2026-10-03T14:59:26.2595449Z [command]/usr/bin/git submodule foreach --recursive sh -c "git config --local --name-only --get-regexp 'http\.https\:\/\/github\.com\/\.extraheader' && git config --local --unset-all 'http.https://github.com/.extraheader' || :"
docs	Run actions/checkout@v4	2026-10-03T14:59:26.2799455Z [command]/usr/bin/git config --local --name-only --get-regexp ^includeIf\.gitdir:
docs	Run actions/checkout@v4	2026-10-03T14:59:26.2833988Z [command]/usr/bin/git submodule foreach --recursive git config --local --show-origin --name-only --get-regexp remote.origin.url
docs	Run actions/checkout@v4	2026-10-03T14:59:26.3044403Z [command]/usr/bin/git config --local http.https://github.com/.extraheader AUTHORIZATION: basic ***
docs	Run actions/checkout@v4	2026-10-03T14:59:26.3083679Z ##[endgroup]
docs	Run actions/checkout@v4	2026-10-03T14:59:26.3084753Z ##[group]Fetching the repository
docs	Run actions/checkout@v4	2026-10-03T14:59:26.3093229Z [command]/usr/bin/git -c protocol.version=2 fetch --no-tags --prune --no-recurse-submodules --depth=1 origin +ec3b01f84896c9a392f7cc142443460c9d76b8eb:refs/remotes/origin/feature/server-pt-goal-foundations
docs	Run actions/checkout@v4	2026-10-03T14:59:30.1895041Z From https://github.com/andres18113/cisco-muejeje
docs	Run actions/checkout@v4	2026-10-03T14:59:30.1896536Z  * [new ref]         ec3b01f84896c9a392f7cc142443460c9d76b8eb -> origin/feature/server-pt-goal-foundations
docs	Run actions/checkout@v4	2026-10-03T14:59:30.1899223Z ##[endgroup]
docs	Run actions/checkout@v4	2026-10-03T14:59:30.1899900Z ##[group]Determining the checkout info
docs	Run actions/checkout@v4	2026-10-03T14:59:30.1901102Z ##[endgroup]
docs	Run actions/checkout@v4	2026-10-03T14:59:30.1927848Z [command]/usr/bin/git sparse-checkout disable
docs	Run actions/checkout@v4	2026-10-03T14:59:30.1957600Z [command]/usr/bin/git config --local --unset-all extensions.worktreeConfig
docs	Run actions/checkout@v4	2026-10-03T14:59:30.1990503Z ##[group]Checking out the ref
docs	Run actions/checkout@v4	2026-10-03T14:59:30.1996413Z [command]/usr/bin/git checkout --progress --force -B feature/server-pt-goal-foundations refs/remotes/origin/feature/server-pt-goal-foundations
docs	Run actions/checkout@v4	2026-10-03T14:59:31.1425387Z Switched to a new branch 'feature/server-pt-goal-foundations'
docs	Run actions/checkout@v4	2026-10-03T14:59:31.1441023Z branch 'feature/server-pt-goal-foundations' set up to track 'origin/feature/server-pt-goal-foundations'.
docs	Run actions/checkout@v4	2026-10-03T14:59:31.1456691Z ##[endgroup]
docs	Run actions/checkout@v4	2026-10-03T14:59:31.1497005Z [command]/usr/bin/git log -1 --format=%H
docs	Run actions/checkout@v4	2026-10-03T14:59:31.1520366Z ec3b01f84896c9a392f7cc142443460c9d76b8eb
docs	Run actions/checkout@v4	2026-10-03T14:59:31.1538277Z ##[group]Removing auth
docs	Run actions/checkout@v4	2026-10-03T14:59:31.1541468Z [command]/usr/bin/git config --local --name-only --get-regexp core\.sshCommand
docs	Run actions/checkout@v4	2026-10-03T14:59:31.1571143Z [command]/usr/bin/git submodule foreach --recursive sh -c "git config --local --name-only --get-regexp 'core\.sshCommand' && git config --local --unset-all 'core.sshCommand' || :"
docs	Run actions/checkout@v4	2026-10-03T14:59:31.1769626Z [command]/usr/bin/git config --local --name-only --get-regexp http\.https\:\/\/github\.com\/\.extraheader
docs	Run actions/checkout@v4	2026-10-03T14:59:31.1793629Z http.https://github.com/.extraheader
docs	Run actions/checkout@v4	2026-10-03T14:59:31.1799893Z [command]/usr/bin/git config --local --unset-all http.https://github.com/.extraheader
docs	Run actions/checkout@v4	2026-10-03T14:59:31.1834144Z [command]/usr/bin/git submodule foreach --recursive sh -c "git config --local --name-only --get-regexp 'http\.https\:\/\/github\.com\/\.extraheader' && git config --local --unset-all 'http.https://github.com/.extraheader' || :"
docs	Run actions/checkout@v4	2026-10-03T14:59:31.2033912Z [command]/usr/bin/git config --local --name-only --get-regexp ^includeIf\.gitdir:
docs	Run actions/checkout@v4	2026-10-03T14:59:31.2066170Z [command]/usr/bin/git submodule foreach --recursive git config --local --show-origin --name-only --get-regexp remote.origin.url
docs	Run actions/checkout@v4	2026-10-03T14:59:31.2263529Z ##[endgroup]
docs	Run actions/setup-python@v5	﻿2026-10-03T14:59:31.2547297Z ##[group]Run actions/setup-python@v5
docs	Run actions/setup-python@v5	2026-10-03T14:59:31.2548234Z with:
docs	Run actions/setup-python@v5	2026-10-03T14:59:31.2548929Z   python-version: 3.13
docs	Run actions/setup-python@v5	2026-10-03T14:59:31.2549708Z   check-latest: false
docs	Run actions/setup-python@v5	2026-10-03T14:59:31.2555797Z   token: ***
docs	Run actions/setup-python@v5	2026-10-03T14:59:31.2556543Z   update-environment: true
docs	Run actions/setup-python@v5	2026-10-03T14:59:31.2557608Z   allow-prereleases: false
docs	Run actions/setup-python@v5	2026-10-03T14:59:31.2558417Z   freethreaded: false
docs	Run actions/setup-python@v5	2026-10-03T14:59:31.2559147Z ##[endgroup]
docs	Run actions/setup-python@v5	2026-10-03T14:59:31.4040513Z ##[group]Installed versions
docs	Run actions/setup-python@v5	2026-10-03T14:59:31.7104478Z (node:2156) [DEP0040] DeprecationWarning: The `punycode` module is deprecated. Please use a userland alternative instead.
docs	Run actions/setup-python@v5	2026-10-03T14:59:31.7105203Z (Use `node --trace-deprecation ...` to show where the warning was created)
docs	Run actions/setup-python@v5	2026-10-03T14:59:31.7105782Z Successfully set up CPython (3.13.15)
docs	Run actions/setup-python@v5	2026-10-03T14:59:31.7106448Z ##[endgroup]
docs	Create checkout-local environment	﻿2026-10-03T14:59:31.7329518Z ##[group]Run python -m venv .venv
docs	Create checkout-local environment	2026-10-03T14:59:31.7329983Z ^[[36;1mpython -m venv .venv^[[0m
docs	Create checkout-local environment	2026-10-03T14:59:31.9856486Z shell: /usr/bin/bash -e {0}
docs	Create checkout-local environment	2026-10-03T14:59:31.9856963Z env:
docs	Create checkout-local environment	2026-10-03T14:59:31.9857248Z   pythonLocation: /opt/hostedtoolcache/Python/3.13.15/x64
docs	Create checkout-local environment	2026-10-03T14:59:31.9857682Z   PKG_CONFIG_PATH: /opt/hostedtoolcache/Python/3.13.15/x64/lib/pkgconfig
docs	Create checkout-local environment	2026-10-03T14:59:31.9858069Z   Python_ROOT_DIR: /opt/hostedtoolcache/Python/3.13.15/x64
docs	Create checkout-local environment	2026-10-03T14:59:31.9858414Z   Python2_ROOT_DIR: /opt/hostedtoolcache/Python/3.13.15/x64
docs	Create checkout-local environment	2026-10-03T14:59:31.9858751Z   Python3_ROOT_DIR: /opt/hostedtoolcache/Python/3.13.15/x64
docs	Create checkout-local environment	2026-10-03T14:59:31.9859087Z   LD_LIBRARY_PATH: /opt/hostedtoolcache/Python/3.13.15/x64/lib
docs	Create checkout-local environment	2026-10-03T14:59:31.9859392Z ##[endgroup]
docs	Install documentation tools	﻿2026-10-03T14:59:36.3645193Z ##[group]Run .venv/bin/python -m pip install --upgrade pip
docs	Install documentation tools	2026-10-03T14:59:36.3645598Z ^[[36;1m.venv/bin/python -m pip install --upgrade pip^[[0m
docs	Install documentation tools	2026-10-03T14:59:36.3645908Z ^[[36;1m.venv/bin/python -m pip install -e ".[docs]"^[[0m
docs	Install documentation tools	2026-10-03T14:59:36.3704821Z shell: /usr/bin/bash -e {0}
docs	Install documentation tools	2026-10-03T14:59:36.3705060Z env:
docs	Install documentation tools	2026-10-03T14:59:36.3705310Z   pythonLocation: /opt/hostedtoolcache/Python/3.13.15/x64
docs	Install documentation tools	2026-10-03T14:59:36.3705664Z   PKG_CONFIG_PATH: /opt/hostedtoolcache/Python/3.13.15/x64/lib/pkgconfig
docs	Install documentation tools	2026-10-03T14:59:36.3705992Z   Python_ROOT_DIR: /opt/hostedtoolcache/Python/3.13.15/x64
docs	Install documentation tools	2026-10-03T14:59:36.3706300Z   Python2_ROOT_DIR: /opt/hostedtoolcache/Python/3.13.15/x64
docs	Install documentation tools	2026-10-03T14:59:36.3706602Z   Python3_ROOT_DIR: /opt/hostedtoolcache/Python/3.13.15/x64
docs	Install documentation tools	2026-10-03T14:59:36.3707079Z   LD_LIBRARY_PATH: /opt/hostedtoolcache/Python/3.13.15/x64/lib
docs	Install documentation tools	2026-10-03T14:59:36.3707345Z ##[endgroup]
docs	Install documentation tools	2026-10-03T14:59:36.6371259Z Requirement already satisfied: pip in ./.venv/lib/python3.13/site-packages (26.2.1)
docs	Install documentation tools	2026-10-03T14:59:37.0509650Z Obtaining file:///home/runner/work/cisco-muejeje/cisco-muejeje
docs	Install documentation tools	2026-10-03T14:59:37.0523974Z   Installing build dependencies: started
docs	Install documentation tools	2026-10-03T14:59:38.1530959Z   Installing build dependencies: finished with status 'done'
docs	Install documentation tools	2026-10-03T14:59:38.1535568Z   Checking if build backend supports build_editable: started
docs	Install documentation tools	2026-10-03T14:59:38.1868825Z   Checking if build backend supports build_editable: finished with status 'done'
docs	Install documentation tools	2026-10-03T14:59:38.1874468Z   Getting requirements to build editable: started
docs	Install documentation tools	2026-10-03T14:59:38.3137344Z   Getting requirements to build editable: finished with status 'done'
docs	Install documentation tools	2026-10-03T14:59:38.3148192Z   Installing backend dependencies: started
docs	Install documentation tools	2026-10-03T14:59:39.7412123Z   Installing backend dependencies: finished with status 'done'
docs	Install documentation tools	2026-10-03T14:59:39.7418452Z   Preparing editable metadata (pyproject.toml): started
docs	Install documentation tools	2026-10-03T14:59:39.9640019Z   Preparing editable metadata (pyproject.toml): finished with status 'done'
docs	Install documentation tools	2026-10-03T14:59:40.0208312Z Collecting mcp<2,>=1.13 (from mcp[cli]<2,>=1.13->packet-tracer-mcp==0.8.0)
docs	Install documentation tools	2026-10-03T14:59:40.0773104Z   Downloading mcp-1.30.0-py3-none-any.whl.metadata (9.3 kB)
docs	Install documentation tools	2026-10-03T14:59:40.1605811Z Collecting pydantic<3,>=2.11 (from packet-tracer-mcp==0.8.0)
docs	Install documentation tools	2026-10-03T14:59:40.1710835Z   Downloading pydantic-2.13.5-py3-none-any.whl.metadata (110 kB)
docs	Install documentation tools	2026-10-03T14:59:40.2342889Z Collecting mkdocs-material>=9.5 (from packet-tracer-mcp==0.8.0)
docs	Install documentation tools	2026-10-03T14:59:40.2449771Z   Downloading mkdocs_material-9.7.7-py3-none-any.whl.metadata (19 kB)
docs	Install documentation tools	2026-10-03T14:59:40.2829314Z Collecting anyio>=4.5 (from mcp<2,>=1.13->mcp[cli]<2,>=1.13->packet-tracer-mcp==0.8.0)
docs	Install documentation tools	2026-10-03T14:59:40.2932961Z   Downloading anyio-4.15.1-py3-none-any.whl.metadata (4.7 kB)
docs	Install documentation tools	2026-10-03T14:59:40.3032061Z Collecting httpx-sse>=0.4 (from mcp<2,>=1.13->mcp[cli]<2,>=1.13->packet-tracer-mcp==0.8.0)
docs	Install documentation tools	2026-10-03T14:59:40.3131167Z   Downloading httpx_sse-0.4.3-py3-none-any.whl.metadata (9.7 kB)
docs	Install documentation tools	2026-10-03T14:59:40.3258934Z Collecting httpx<1.0.0,>=0.27.1 (from mcp<2,>=1.13->mcp[cli]<2,>=1.13->packet-tracer-mcp==0.8.0)
docs	Install documentation tools	2026-10-03T14:59:40.3357526Z   Downloading httpx-0.28.1-py3-none-any.whl.metadata (7.1 kB)
docs	Install documentation tools	2026-10-03T14:59:40.3633532Z Collecting jsonschema>=4.20.0 (from mcp<2,>=1.13->mcp[cli]<2,>=1.13->packet-tracer-mcp==0.8.0)
docs	Install documentation tools	2026-10-03T14:59:40.3734762Z   Downloading jsonschema-4.26.0-py3-none-any.whl.metadata (7.6 kB)
docs	Install documentation tools	2026-10-03T14:59:40.4039508Z Collecting pydantic-settings>=2.5.2 (from mcp<2,>=1.13->mcp[cli]<2,>=1.13->packet-tracer-mcp==0.8.0)
docs	Install documentation tools	2026-10-03T14:59:40.4139286Z   Downloading pydantic_settings-2.15.0-py3-none-any.whl.metadata (3.9 kB)
docs	Install documentation tools	2026-10-03T14:59:40.4271576Z Collecting pyjwt>=2.10.1 (from pyjwt[crypto]>=2.10.1->mcp<2,>=1.13->mcp[cli]<2,>=1.13->packet-tracer-mcp==0.8.0)
docs	Install documentation tools	2026-10-03T14:59:40.4369899Z   Downloading pyjwt-2.15.1-py3-none-any.whl.metadata (3.5 kB)
docs	Install documentation tools	2026-10-03T14:59:40.5687604Z Collecting python-multipart>=0.0.9 (from mcp<2,>=1.13->mcp[cli]<2,>=1.13->packet-tracer-mcp==0.8.0)
docs	Install documentation tools	2026-10-03T14:59:40.5788001Z   Downloading python_multipart-0.0.32-py3-none-any.whl.metadata (2.1 kB)
docs	Install documentation tools	2026-10-03T14:59:40.5951795Z Collecting sse-starlette>=1.6.1 (from mcp<2,>=1.13->mcp[cli]<2,>=1.13->packet-tracer-mcp==0.8.0)
docs	Install documentation tools	2026-10-03T14:59:40.6051337Z   Downloading sse_starlette-3.5.0-py3-none-any.whl.metadata (15 kB)
docs	Install documentation tools	2026-10-03T14:59:40.6259469Z Collecting starlette>=0.27 (from mcp<2,>=1.13->mcp[cli]<2,>=1.13->packet-tracer-mcp==0.8.0)
docs	Install documentation tools	2026-10-03T14:59:40.6360357Z   Downloading starlette-1.7.0-py3-none-any.whl.metadata (6.6 kB)
docs	Install documentation tools	2026-10-03T14:59:40.6495908Z Collecting typing-extensions>=4.9.0 (from mcp<2,>=1.13->mcp[cli]<2,>=1.13->packet-tracer-mcp==0.8.0)
docs	Install documentation tools	2026-10-03T14:59:40.6600820Z   Downloading typing_extensions-4.16.0-py3-none-any.whl.metadata (3.3 kB)
docs	Install documentation tools	2026-10-03T14:59:40.7927223Z Collecting typing-inspection>=0.4.1 (from mcp<2,>=1.13->mcp[cli]<2,>=1.13->packet-tracer-mcp==0.8.0)
docs	Install documentation tools	2026-10-03T14:59:40.8027053Z   Downloading typing_inspection-0.4.4-py3-none-any.whl.metadata (2.6 kB)
docs	Install documentation tools	2026-10-03T14:59:40.8197474Z Collecting uvicorn>=0.31.1 (from mcp<2,>=1.13->mcp[cli]<2,>=1.13->packet-tracer-mcp==0.8.0)
docs	Install documentation tools	2026-10-03T14:59:40.8300699Z   Downloading uvicorn-0.54.0-py3-none-any.whl.metadata (6.6 kB)
docs	Install documentation tools	2026-10-03T14:59:40.8452381Z Collecting certifi (from httpx<1.0.0,>=0.27.1->mcp<2,>=1.13->mcp[cli]<2,>=1.13->packet-tracer-mcp==0.8.0)
docs	Install documentation tools	2026-10-03T14:59:40.8553802Z   Downloading certifi-2026.7.22-py3-none-any.whl.metadata (2.5 kB)
docs	Install documentation tools	2026-10-03T14:59:40.9027217Z Collecting httpcore==1.* (from httpx<1.0.0,>=0.27.1->mcp<2,>=1.13->mcp[cli]<2,>=1.13->packet-tracer-mcp==0.8.0)
docs	Install documentation tools	2026-10-03T14:59:40.9130716Z   Downloading httpcore-1.0.9-py3-none-any.whl.metadata (21 kB)
docs	Install documentation tools	2026-10-03T14:59:41.0214213Z Collecting idna (from httpx<1.0.0,>=0.27.1->mcp<2,>=1.13->mcp[cli]<2,>=1.13->packet-tracer-mcp==0.8.0)
docs	Install documentation tools	2026-10-03T14:59:41.0315630Z   Downloading idna-3.20-py3-none-any.whl.metadata (7.2 kB)
docs	Install documentation tools	2026-10-03T14:59:41.0416089Z Collecting h11>=0.16 (from httpcore==1.*->httpx<1.0.0,>=0.27.1->mcp<2,>=1.13->mcp[cli]<2,>=1.13->packet-tracer-mcp==0.8.0)
docs	Install documentation tools	2026-10-03T14:59:41.0517170Z   Downloading h11-0.16.0-py3-none-any.whl.metadata (8.3 kB)
docs	Install documentation tools	2026-10-03T14:59:41.0761677Z Collecting python-dotenv>=1.0.0 (from mcp[cli]<2,>=1.13->packet-tracer-mcp==0.8.0)
docs	Install documentation tools	2026-10-03T14:59:41.0863601Z   Downloading python_dotenv-1.2.4-py3-none-any.whl.metadata (29 kB)
docs	Install documentation tools	2026-10-03T14:59:41.1046074Z Collecting typer>=0.16.0 (from mcp[cli]<2,>=1.13->packet-tracer-mcp==0.8.0)
docs	Install documentation tools	2026-10-03T14:59:41.1152733Z   Downloading typer-0.27.2-py3-none-any.whl.metadata (16 kB)
docs	Install documentation tools	2026-10-03T14:59:41.1265216Z Collecting annotated-types>=0.6.0 (from pydantic<3,>=2.11->packet-tracer-mcp==0.8.0)
docs	Install documentation tools	2026-10-03T14:59:41.1368730Z   Downloading annotated_types-0.8.0-py3-none-any.whl.metadata (15 kB)
docs	Install documentation tools	2026-10-03T14:59:41.7572794Z Collecting pydantic-core==2.46.5 (from pydantic<3,>=2.11->packet-tracer-mcp==0.8.0)
docs	Install documentation tools	2026-10-03T14:59:41.7674640Z   Downloading pydantic_core-2.46.5-cp313-cp313-manylinux_2_17_x86_64.manylinux2014_x86_64.whl.metadata (6.6 kB)
docs	Install documentation tools	2026-10-03T14:59:41.8703978Z Collecting attrs>=22.2.0 (from jsonschema>=4.20.0->mcp<2,>=1.13->mcp[cli]<2,>=1.13->packet-tracer-mcp==0.8.0)
docs	Install documentation tools	2026-10-03T14:59:41.8804636Z   Downloading attrs-26.1.0-py3-none-any.whl.metadata (8.8 kB)
docs	Install documentation tools	2026-10-03T14:59:42.0731959Z Collecting jsonschema-specifications>=2023.03.6 (from jsonschema>=4.20.0->mcp<2,>=1.13->mcp[cli]<2,>=1.13->packet-tracer-mcp==0.8.0)
docs	Install documentation tools	2026-10-03T14:59:42.0832839Z   Downloading jsonschema_specifications-2025.9.1-py3-none-any.whl.metadata (2.9 kB)
docs	Install documentation tools	2026-10-03T14:59:42.1673651Z Collecting referencing>=0.28.4 (from jsonschema>=4.20.0->mcp<2,>=1.13->mcp[cli]<2,>=1.13->packet-tracer-mcp==0.8.0)
docs	Install documentation tools	2026-10-03T14:59:42.1777402Z   Downloading referencing-0.37.0-py3-none-any.whl.metadata (2.8 kB)
docs	Install documentation tools	2026-10-03T14:59:42.4683869Z Collecting rpds-py>=0.25.0 (from jsonschema>=4.20.0->mcp<2,>=1.13->mcp[cli]<2,>=1.13->packet-tracer-mcp==0.8.0)
docs	Install documentation tools	2026-10-03T14:59:42.4793223Z   Downloading rpds_py-2026.6.3-cp313-cp313-manylinux_2_17_x86_64.manylinux2014_x86_64.whl.metadata (4.1 kB)
docs	Install documentation tools	2026-10-03T14:59:42.5266991Z Collecting babel>=2.10 (from mkdocs-material>=9.5->packet-tracer-mcp==0.8.0)
docs	Install documentation tools	2026-10-03T14:59:42.5366111Z   Downloading babel-2.18.0-py3-none-any.whl.metadata (2.2 kB)
docs	Install documentation tools	2026-10-03T14:59:43.1507216Z Collecting backrefs>=5.7.post1 (from mkdocs-material>=9.5->packet-tracer-mcp==0.8.0)
docs	Install documentation tools	2026-10-03T14:59:43.1615812Z   Downloading backrefs-8.0-py313-none-any.whl.metadata (3.0 kB)
docs	Install documentation tools	2026-10-03T14:59:43.3790971Z Collecting colorama>=0.4 (from mkdocs-material>=9.5->packet-tracer-mcp==0.8.0)
docs	Install documentation tools	2026-10-03T14:59:43.3894867Z   Downloading colorama-0.4.6-py2.py3-none-any.whl.metadata (17 kB)
docs	Install documentation tools	2026-10-03T14:59:44.0005511Z Collecting jinja2>=3.1 (from mkdocs-material>=9.5->packet-tracer-mcp==0.8.0)
docs	Install documentation tools	2026-10-03T14:59:44.0108857Z   Downloading jinja2-3.1.6-py3-none-any.whl.metadata (2.9 kB)
docs	Install documentation tools	2026-10-03T14:59:44.5146300Z Collecting markdown>=3.2 (from mkdocs-material>=9.5->packet-tracer-mcp==0.8.0)
docs	Install documentation tools	2026-10-03T14:59:44.5247435Z   Downloading markdown-3.11-py3-none-any.whl.metadata (5.1 kB)
docs	Install documentation tools	2026-10-03T14:59:44.9822533Z Collecting mkdocs-material-extensions>=1.3 (from mkdocs-material>=9.5->packet-tracer-mcp==0.8.0)
docs	Install documentation tools	2026-10-03T14:59:44.9926208Z   Downloading mkdocs_material_extensions-1.3.1-py3-none-any.whl.metadata (6.9 kB)
docs	Install documentation tools	2026-10-03T14:59:45.1416945Z Collecting mkdocs<2,>=1.6 (from mkdocs-material>=9.5->packet-tracer-mcp==0.8.0)
docs	Install documentation tools	2026-10-03T14:59:45.1518767Z   Downloading mkdocs-1.6.1-py3-none-any.whl.metadata (6.0 kB)
docs	Install documentation tools	2026-10-03T14:59:45.1602833Z Collecting paginate>=0.5 (from mkdocs-material>=9.5->packet-tracer-mcp==0.8.0)
docs	Install documentation tools	2026-10-03T14:59:45.1704171Z   Downloading paginate-0.5.7-py2.py3-none-any.whl.metadata (11 kB)
docs	Install documentation tools	2026-10-03T14:59:45.1854328Z Collecting pygments>=2.16 (from mkdocs-material>=9.5->packet-tracer-mcp==0.8.0)
docs	Install documentation tools	2026-10-03T14:59:45.1958239Z   Downloading pygments-2.21.0-py3-none-any.whl.metadata (2.5 kB)
docs	Install documentation tools	2026-10-03T14:59:45.2497609Z Collecting pymdown-extensions>=10.2 (from mkdocs-material>=9.5->packet-tracer-mcp==0.8.0)
docs	Install documentation tools	2026-10-03T14:59:45.2602733Z   Downloading pymdown_extensions-12.1-py3-none-any.whl.metadata (2.8 kB)
docs	Install documentation tools	2026-10-03T14:59:45.2756958Z Collecting requests>=2.30 (from mkdocs-material>=9.5->packet-tracer-mcp==0.8.0)
docs	Install documentation tools	2026-10-03T14:59:45.2857355Z   Downloading requests-2.34.2-py3-none-any.whl.metadata (4.8 kB)
docs	Install documentation tools	2026-10-03T14:59:45.2987515Z Collecting click>=7.0 (from mkdocs<2,>=1.6->mkdocs-material>=9.5->packet-tracer-mcp==0.8.0)
docs	Install documentation tools	2026-10-03T14:59:45.3086487Z   Downloading click-8.5.0-py3-none-any.whl.metadata (2.6 kB)
docs	Install documentation tools	2026-10-03T14:59:45.3170582Z Collecting ghp-import>=1.0 (from mkdocs<2,>=1.6->mkdocs-material>=9.5->packet-tracer-mcp==0.8.0)
docs	Install documentation tools	2026-10-03T14:59:45.3272479Z   Downloading ghp_import-2.1.0-py3-none-any.whl.metadata (7.2 kB)
docs	Install documentation tools	2026-10-03T14:59:45.3713266Z Collecting markupsafe>=2.0.1 (from mkdocs<2,>=1.6->mkdocs-material>=9.5->packet-tracer-mcp==0.8.0)
docs	Install documentation tools	2026-10-03T14:59:45.3816993Z   Downloading markupsafe-3.0.4-cp313-cp313-manylinux2014_x86_64.manylinux_2_17_x86_64.manylinux_2_28_x86_64.whl.metadata (2.7 kB)
docs	Install documentation tools	2026-10-03T14:59:45.3934403Z Collecting mergedeep>=1.3.4 (from mkdocs<2,>=1.6->mkdocs-material>=9.5->packet-tracer-mcp==0.8.0)
docs	Install documentation tools	2026-10-03T14:59:45.4040030Z   Downloading mergedeep-1.3.4-py3-none-any.whl.metadata (4.3 kB)
docs	Install documentation tools	2026-10-03T14:59:45.4119716Z Collecting mkdocs-get-deps>=0.2.0 (from mkdocs<2,>=1.6->mkdocs-material>=9.5->packet-tracer-mcp==0.8.0)
docs	Install documentation tools	2026-10-03T14:59:45.4225061Z   Downloading mkdocs_get_deps-0.2.2-py3-none-any.whl.metadata (4.0 kB)
docs	Install documentation tools	2026-10-03T14:59:45.4309039Z Collecting packaging>=20.5 (from mkdocs<2,>=1.6->mkdocs-material>=9.5->packet-tracer-mcp==0.8.0)
docs	Install documentation tools	2026-10-03T14:59:45.4319760Z   Using cached packaging-26.3-py3-none-any.whl.metadata (3.5 kB)
docs	Install documentation tools	2026-10-03T14:59:45.4368940Z Collecting pathspec>=0.11.1 (from mkdocs<2,>=1.6->mkdocs-material>=9.5->packet-tracer-mcp==0.8.0)
docs	Install documentation tools	2026-10-03T14:59:45.4378501Z   Using cached pathspec-1.1.1-py3-none-any.whl.metadata (14 kB)
docs	Install documentation tools	2026-10-03T14:59:45.4446523Z Collecting pyyaml-env-tag>=0.1 (from mkdocs<2,>=1.6->mkdocs-material>=9.5->packet-tracer-mcp==0.8.0)
docs	Install documentation tools	2026-10-03T14:59:45.4550750Z   Downloading pyyaml_env_tag-1.1-py3-none-any.whl.metadata (5.5 kB)
docs	Install documentation tools	2026-10-03T14:59:45.4800972Z Collecting pyyaml>=5.1 (from mkdocs<2,>=1.6->mkdocs-material>=9.5->packet-tracer-mcp==0.8.0)
docs	Install documentation tools	2026-10-03T14:59:45.4902679Z   Downloading pyyaml-6.0.3-cp313-cp313-manylinux2014_x86_64.manylinux_2_17_x86_64.manylinux_2_28_x86_64.whl.metadata (2.4 kB)
docs	Install documentation tools	2026-10-03T14:59:45.5252719Z Collecting watchdog>=2.0 (from mkdocs<2,>=1.6->mkdocs-material>=9.5->packet-tracer-mcp==0.8.0)
docs	Install documentation tools	2026-10-03T14:59:45.5355775Z   Downloading watchdog-6.0.0-py3-none-manylinux2014_x86_64.whl.metadata (44 kB)
docs	Install documentation tools	2026-10-03T14:59:45.5526464Z Collecting python-dateutil>=2.8.1 (from ghp-import>=1.0->mkdocs<2,>=1.6->mkdocs-material>=9.5->packet-tracer-mcp==0.8.0)
docs	Install documentation tools	2026-10-03T14:59:45.5627668Z   Downloading python_dateutil-2.9.0.post0-py2.py3-none-any.whl.metadata (8.4 kB)
docs	Install documentation tools	2026-10-03T14:59:45.5810142Z Collecting platformdirs>=2.2.0 (from mkdocs-get-deps>=0.2.0->mkdocs<2,>=1.6->mkdocs-material>=9.5->packet-tracer-mcp==0.8.0)
docs	Install documentation tools	2026-10-03T14:59:45.5910003Z   Downloading platformdirs-4.12.2-py3-none-any.whl.metadata (5.5 kB)
docs	Install documentation tools	2026-10-03T14:59:45.7228334Z Collecting cryptography>=3.4.0 (from pyjwt[crypto]>=2.10.1->mcp<2,>=1.13->mcp[cli]<2,>=1.13->packet-tracer-mcp==0.8.0)
docs	Install documentation tools	2026-10-03T14:59:45.7331971Z   Downloading cryptography-50.0.2-cp311-abi3-manylinux_2_34_x86_64.whl.metadata (4.4 kB)
docs	Install documentation tools	2026-10-03T14:59:45.8010458Z Collecting cffi>=2.0.0 (from cryptography>=3.4.0->pyjwt[crypto]>=2.10.1->mcp<2,>=1.13->mcp[cli]<2,>=1.13->packet-tracer-mcp==0.8.0)
docs	Install documentation tools	2026-10-03T14:59:45.8113065Z   Downloading cffi-2.1.1-cp313-cp313-manylinux2014_x86_64.manylinux_2_17_x86_64.whl.metadata (2.5 kB)
docs	Install documentation tools	2026-10-03T14:59:45.8205706Z Collecting pycparser (from cffi>=2.0.0->cryptography>=3.4.0->pyjwt[crypto]>=2.10.1->mcp<2,>=1.13->mcp[cli]<2,>=1.13->packet-tracer-mcp==0.8.0)
docs	Install documentation tools	2026-10-03T14:59:45.8303785Z   Downloading pycparser-3.0-py3-none-any.whl.metadata (8.2 kB)
docs	Install documentation tools	2026-10-03T14:59:45.8413110Z Collecting six>=1.5 (from python-dateutil>=2.8.1->ghp-import>=1.0->mkdocs<2,>=1.6->mkdocs-material>=9.5->packet-tracer-mcp==0.8.0)
docs	Install documentation tools	2026-10-03T14:59:45.8513128Z   Downloading six-1.17.0-py2.py3-none-any.whl.metadata (1.7 kB)
docs	Install documentation tools	2026-10-03T14:59:45.9380927Z Collecting charset_normalizer<4,>=2 (from requests>=2.30->mkdocs-material>=9.5->packet-tracer-mcp==0.8.0)
docs	Install documentation tools	2026-10-03T14:59:45.9483561Z   Downloading charset_normalizer-3.5.2-cp313-cp313-manylinux2014_x86_64.manylinux_2_17_x86_64.manylinux_2_28_x86_64.whl.metadata (46 kB)
docs	Install documentation tools	2026-10-03T14:59:45.9688599Z Collecting urllib3<3,>=1.26 (from requests>=2.30->mkdocs-material>=9.5->packet-tracer-mcp==0.8.0)
docs	Install documentation tools	2026-10-03T14:59:45.9786315Z   Downloading urllib3-2.8.0-py3-none-any.whl.metadata (7.4 kB)
docs	Install documentation tools	2026-10-03T14:59:46.0596570Z Collecting shellingham>=1.3.0 (from typer>=0.16.0->mcp[cli]<2,>=1.13->packet-tracer-mcp==0.8.0)
docs	Install documentation tools	2026-10-03T14:59:46.0698782Z   Downloading shellingham-1.5.4-py2.py3-none-any.whl.metadata (3.5 kB)
docs	Install documentation tools	2026-10-03T14:59:46.1789454Z Collecting rich>=13.8.0 (from typer>=0.16.0->mcp[cli]<2,>=1.13->packet-tracer-mcp==0.8.0)
docs	Install documentation tools	2026-10-03T14:59:46.1890004Z   Downloading rich-15.0.0-py3-none-any.whl.metadata (18 kB)
docs	Install documentation tools	2026-10-03T14:59:46.1992423Z Collecting annotated-doc>=0.0.2 (from typer>=0.16.0->mcp[cli]<2,>=1.13->packet-tracer-mcp==0.8.0)
docs	Install documentation tools	2026-10-03T14:59:46.2092718Z   Downloading annotated_doc-0.0.5-py3-none-any.whl.metadata (6.5 kB)
docs	Install documentation tools	2026-10-03T14:59:46.2210058Z Collecting markdown-it-py>=2.2.0 (from rich>=13.8.0->typer>=0.16.0->mcp[cli]<2,>=1.13->packet-tracer-mcp==0.8.0)
docs	Install documentation tools	2026-10-03T14:59:46.2308608Z   Downloading markdown_it_py-4.2.0-py3-none-any.whl.metadata (7.4 kB)
docs	Install documentation tools	2026-10-03T14:59:46.2426315Z Collecting mdurl~=0.1 (from markdown-it-py>=2.2.0->rich>=13.8.0->typer>=0.16.0->mcp[cli]<2,>=1.13->packet-tracer-mcp==0.8.0)
docs	Install documentation tools	2026-10-03T14:59:46.2527105Z   Downloading mdurl-0.1.2-py3-none-any.whl.metadata (1.6 kB)
docs	Install documentation tools	2026-10-03T14:59:46.2704863Z Downloading mcp-1.30.0-py3-none-any.whl (234 kB)
docs	Install documentation tools	2026-10-03T14:59:46.3061462Z Downloading httpx-0.28.1-py3-none-any.whl (73 kB)
docs	Install documentation tools	2026-10-03T14:59:46.3273686Z Downloading httpcore-1.0.9-py3-none-any.whl (78 kB)
docs	Install documentation tools	2026-10-03T14:59:46.3422597Z Downloading pydantic-2.13.5-py3-none-any.whl (472 kB)
docs	Install documentation tools	2026-10-03T14:59:46.3941456Z Downloading pydantic_core-2.46.5-cp313-cp313-manylinux_2_17_x86_64.manylinux2014_x86_64.whl (2.1 MB)
docs	Install documentation tools	2026-10-03T14:59:46.5172282Z    ━━━━━━━━━━━━━━━━━━━━━━━━━━━━━━━━━━━━━━━━ 2.1/2.1 MB 17.6 MB/s  0:00:00
docs	Install documentation tools	2026-10-03T14:59:46.5273452Z Downloading annotated_types-0.8.0-py3-none-any.whl (13 kB)
docs	Install documentation tools	2026-10-03T14:59:46.5385727Z Downloading anyio-4.15.1-py3-none-any.whl (132 kB)
docs	Install documentation tools	2026-10-03T14:59:46.5550587Z Downloading h11-0.16.0-py3-none-any.whl (37 kB)
docs	Install documentation tools	2026-10-03T14:59:46.5666648Z Downloading httpx_sse-0.4.3-py3-none-any.whl (9.0 kB)
docs	Install documentation tools	2026-10-03T14:59:46.5776717Z Downloading idna-3.20-py3-none-any.whl (69 kB)
docs	Install documentation tools	2026-10-03T14:59:46.5903520Z Downloading jsonschema-4.26.0-py3-none-any.whl (90 kB)
docs	Install documentation tools	2026-10-03T14:59:46.6033820Z Downloading attrs-26.1.0-py3-none-any.whl (67 kB)
docs	Install documentation tools	2026-10-03T14:59:46.6165569Z Downloading jsonschema_specifications-2025.9.1-py3-none-any.whl (18 kB)
docs	Install documentation tools	2026-10-03T14:59:46.6691563Z Downloading mkdocs_material-9.7.7-py3-none-any.whl (9.3 MB)
docs	Install documentation tools	2026-10-03T14:59:46.9201529Z    ━━━━━━━━━━━━━━━━━━━━━━━━━━━━━━━━━━━━━━━━ 9.3/9.3 MB 37.8 MB/s  0:00:00
docs	Install documentation tools	2026-10-03T14:59:46.9305046Z Downloading mkdocs-1.6.1-py3-none-any.whl (3.9 MB)
docs	Install documentation tools	2026-10-03T14:59:47.0102139Z    ━━━━━━━━━━━━━━━━━━━━━━━━━━━━━━━━━━━━━━━━ 3.9/3.9 MB 47.2 MB/s  0:00:00
docs	Install documentation tools	2026-10-03T14:59:47.0203305Z Downloading babel-2.18.0-py3-none-any.whl (10.2 MB)
docs	Install documentation tools	2026-10-03T14:59:47.2313832Z    ━━━━━━━━━━━━━━━━━━━━━━━━━━━━━━━━━━━━━━━━ 10.2/10.2 MB 47.7 MB/s  0:00:00
docs	Install documentation tools	2026-10-03T14:59:47.2420996Z Downloading backrefs-8.0-py313-none-any.whl (400 kB)
docs	Install documentation tools	2026-10-03T14:59:47.2549681Z Downloading click-8.5.0-py3-none-any.whl (125 kB)
docs	Install documentation tools	2026-10-03T14:59:47.2665879Z Downloading colorama-0.4.6-py2.py3-none-any.whl (25 kB)
docs	Install documentation tools	2026-10-03T14:59:47.2781619Z Downloading ghp_import-2.1.0-py3-none-any.whl (11 kB)
docs	Install documentation tools	2026-10-03T14:59:47.3528878Z Downloading jinja2-3.1.6-py3-none-any.whl (134 kB)
docs	Install documentation tools	2026-10-03T14:59:47.3644399Z Downloading markdown-3.11-py3-none-any.whl (111 kB)
docs	Install documentation tools	2026-10-03T14:59:47.3759345Z Downloading markupsafe-3.0.4-cp313-cp313-manylinux2014_x86_64.manylinux_2_17_x86_64.manylinux_2_28_x86_64.whl (23 kB)
docs	Install documentation tools	2026-10-03T14:59:47.4628483Z Downloading mergedeep-1.3.4-py3-none-any.whl (6.4 kB)
docs	Install documentation tools	2026-10-03T14:59:47.4740837Z Downloading mkdocs_get_deps-0.2.2-py3-none-any.whl (9.6 kB)
docs	Install documentation tools	2026-10-03T14:59:47.4852056Z Downloading mkdocs_material_extensions-1.3.1-py3-none-any.whl (8.7 kB)
docs	Install documentation tools	2026-10-03T14:59:47.4875419Z Using cached packaging-26.3-py3-none-any.whl (129 kB)
docs	Install documentation tools	2026-10-03T14:59:47.4976306Z Downloading paginate-0.5.7-py2.py3-none-any.whl (13 kB)
docs	Install documentation tools	2026-10-03T14:59:47.5003507Z Using cached pathspec-1.1.1-py3-none-any.whl (57 kB)
docs	Install documentation tools	2026-10-03T14:59:47.5102008Z Downloading platformdirs-4.12.2-py3-none-any.whl (32 kB)
docs	Install documentation tools	2026-10-03T14:59:47.5739180Z Downloading pydantic_settings-2.15.0-py3-none-any.whl (69 kB)
docs	Install documentation tools	2026-10-03T14:59:47.5853849Z Downloading pygments-2.21.0-py3-none-any.whl (1.3 MB)
docs	Install documentation tools	2026-10-03T14:59:47.5944055Z    ━━━━━━━━━━━━━━━━━━━━━━━━━━━━━━━━━━━━━━━━ 1.3/1.3 MB 138.6 MB/s  0:00:00
docs	Install documentation tools	2026-10-03T14:59:47.6043979Z Downloading pyjwt-2.15.1-py3-none-any.whl (33 kB)
docs	Install documentation tools	2026-10-03T14:59:47.6158011Z Downloading cryptography-50.0.2-cp311-abi3-manylinux_2_34_x86_64.whl (4.8 MB)
docs	Install documentation tools	2026-10-03T14:59:47.7119129Z    ━━━━━━━━━━━━━━━━━━━━━━━━━━━━━━━━━━━━━━━━ 4.8/4.8 MB 47.8 MB/s  0:00:00
docs	Install documentation tools	2026-10-03T14:59:47.7222168Z Downloading cffi-2.1.1-cp313-cp313-manylinux2014_x86_64.manylinux_2_17_x86_64.whl (221 kB)
docs	Install documentation tools	2026-10-03T14:59:47.7340227Z Downloading pymdown_extensions-12.1-py3-none-any.whl (277 kB)
docs	Install documentation tools	2026-10-03T14:59:47.7471124Z Downloading python_dateutil-2.9.0.post0-py2.py3-none-any.whl (229 kB)
docs	Install documentation tools	2026-10-03T14:59:47.7589007Z Downloading python_dotenv-1.2.4-py3-none-any.whl (23 kB)
docs	Install documentation tools	2026-10-03T14:59:47.8318263Z Downloading python_multipart-0.0.32-py3-none-any.whl (30 kB)
docs	Install documentation tools	2026-10-03T14:59:47.8434304Z Downloading pyyaml-6.0.3-cp313-cp313-manylinux2014_x86_64.manylinux_2_17_x86_64.manylinux_2_28_x86_64.whl (801 kB)
docs	Install documentation tools	2026-10-03T14:59:47.8494673Z    ━━━━━━━━━━━━━━━━━━━━━━━━━━━━━━━━━━━━━━━━ 801.6/801.6 kB 128.4 MB/s  0:00:00
docs	Install documentation tools	2026-10-03T14:59:47.8594464Z Downloading pyyaml_env_tag-1.1-py3-none-any.whl (4.7 kB)
docs	Install documentation tools	2026-10-03T14:59:47.9247555Z Downloading referencing-0.37.0-py3-none-any.whl (26 kB)
docs	Install documentation tools	2026-10-03T14:59:47.9362907Z Downloading requests-2.34.2-py3-none-any.whl (73 kB)
docs	Install documentation tools	2026-10-03T14:59:47.9480081Z Downloading charset_normalizer-3.5.2-cp313-cp313-manylinux2014_x86_64.manylinux_2_17_x86_64.manylinux_2_28_x86_64.whl (254 kB)
docs	Install documentation tools	2026-10-03T14:59:47.9598173Z Downloading urllib3-2.8.0-py3-none-any.whl (135 kB)
docs	Install documentation tools	2026-10-03T14:59:47.9725554Z Downloading certifi-2026.7.22-py3-none-any.whl (136 kB)
docs	Install documentation tools	2026-10-03T14:59:47.9841076Z Downloading rpds_py-2026.6.3-cp313-cp313-manylinux_2_17_x86_64.manylinux2014_x86_64.whl (365 kB)
docs	Install documentation tools	2026-10-03T14:59:48.0531924Z Downloading six-1.17.0-py2.py3-none-any.whl (11 kB)
docs	Install documentation tools	2026-10-03T14:59:48.0645831Z Downloading sse_starlette-3.5.0-py3-none-any.whl (17 kB)
docs	Install documentation tools	2026-10-03T14:59:48.0769048Z Downloading starlette-1.7.0-py3-none-any.whl (78 kB)
docs	Install documentation tools	2026-10-03T14:59:48.0886903Z Downloading typer-0.27.2-py3-none-any.whl (123 kB)
docs	Install documentation tools	2026-10-03T14:59:48.1003252Z Downloading annotated_doc-0.0.5-py3-none-any.whl (5.3 kB)
docs	Install documentation tools	2026-10-03T14:59:48.1122040Z Downloading rich-15.0.0-py3-none-any.whl (310 kB)
docs	Install documentation tools	2026-10-03T14:59:48.1245126Z Downloading markdown_it_py-4.2.0-py3-none-any.whl (91 kB)
docs	Install documentation tools	2026-10-03T14:59:48.1358138Z Downloading mdurl-0.1.2-py3-none-any.whl (10.0 kB)
docs	Install documentation tools	2026-10-03T14:59:48.1469996Z Downloading shellingham-1.5.4-py2.py3-none-any.whl (9.8 kB)
docs	Install documentation tools	2026-10-03T14:59:48.1580591Z Downloading typing_extensions-4.16.0-py3-none-any.whl (45 kB)
docs	Install documentation tools	2026-10-03T14:59:48.1693860Z Downloading typing_inspection-0.4.4-py3-none-any.whl (14 kB)
docs	Install documentation tools	2026-10-03T14:59:48.1806684Z Downloading uvicorn-0.54.0-py3-none-any.whl (87 kB)
docs	Install documentation tools	2026-10-03T14:59:48.1957162Z Downloading watchdog-6.0.0-py3-none-manylinux2014_x86_64.whl (79 kB)
docs	Install documentation tools	2026-10-03T14:59:48.2071609Z Downloading pycparser-3.0-py3-none-any.whl (48 kB)
docs	Install documentation tools	2026-10-03T14:59:48.3936198Z Building wheels for collected packages: packet-tracer-mcp
docs	Install documentation tools	2026-10-03T14:59:48.3942878Z   Building editable for packet-tracer-mcp (pyproject.toml): started
docs	Install documentation tools	2026-10-03T14:59:48.4242062Z   Building editable for packet-tracer-mcp (pyproject.toml): finished with status 'done'
docs	Install documentation tools	2026-10-03T14:59:48.4245946Z   Created wheel for packet-tracer-mcp: filename=packet_tracer_mcp-0.8.0-py3-none-any.whl size=3665 sha256=b2e9d302d47cb5c8f4f60e8b9e62681d8ae93b48470b34e865af4bb5cf825565
docs	Install documentation tools	2026-10-03T14:59:48.4247558Z   Stored in directory: /tmp/pip-ephem-wheel-cache-iqohh4nj/wheels/ee/ea/d8/f4d1435975a760fb8724f7d0536d152ef219b0cc45a3e2d8d4
docs	Install documentation tools	2026-10-03T14:59:48.4258500Z Successfully built packet-tracer-mcp
docs	Install documentation tools	2026-10-03T14:59:48.5549811Z Installing collected packages: paginate, watchdog, urllib3, typing-extensions, six, shellingham, rpds-py, pyyaml, python-multipart, python-dotenv, pyjwt, pygments, pycparser, platformdirs, pathspec, packaging, mkdocs-material-extensions, mergedeep, mdurl, markupsafe, markdown, idna, httpx-sse, h11, colorama, click, charset_normalizer, certifi, backrefs, babel, attrs, annotated-types, annotated-doc, uvicorn, typing-inspection, requests, referencing, pyyaml-env-tag, python-dateutil, pymdown-extensions, pydantic-core, mkdocs-get-deps, markdown-it-py, jinja2, httpcore, cffi, anyio, starlette, rich, pydantic, jsonschema-specifications, httpx, ghp-import, cryptography, typer, sse-starlette, pydantic-settings, mkdocs, jsonschema, mkdocs-material, mcp, packet-tracer-mcp
docs	Install documentation tools	2026-10-03T14:59:54.6146046Z 
docs	Install documentation tools	2026-10-03T14:59:54.6193148Z Successfully installed annotated-doc-0.0.5 annotated-types-0.8.0 anyio-4.15.1 attrs-26.1.0 babel-2.18.0 backrefs-8.0 certifi-2026.7.22 cffi-2.1.1 charset_normalizer-3.5.2 click-8.5.0 colorama-0.4.6 cryptography-50.0.2 ghp-import-2.1.0 h11-0.16.0 httpcore-1.0.9 httpx-0.28.1 httpx-sse-0.4.3 idna-3.20 jinja2-3.1.6 jsonschema-4.26.0 jsonschema-specifications-2025.9.1 markdown-3.11 markdown-it-py-4.2.0 markupsafe-3.0.4 mcp-1.30.0 mdurl-0.1.2 mergedeep-1.3.4 mkdocs-1.6.1 mkdocs-get-deps-0.2.2 mkdocs-material-9.7.7 mkdocs-material-extensions-1.3.1 packaging-26.3 packet-tracer-mcp-0.8.0 paginate-0.5.7 pathspec-1.1.1 platformdirs-4.12.2 pycparser-3.0 pydantic-2.13.5 pydantic-core-2.46.5 pydantic-settings-2.15.0 pygments-2.21.0 pyjwt-2.15.1 pymdown-extensions-12.1 python-dateutil-2.9.0.post0 python-dotenv-1.2.4 python-multipart-0.0.32 pyyaml-6.0.3 pyyaml-env-tag-1.1 referencing-0.37.0 requests-2.34.2 rich-15.0.0 rpds-py-2026.6.3 shellingham-1.5.4 six-1.17.0 sse-starlette-3.5.0 starlette-1.7.0 typer-0.27.2 typing-extensions-4.16.0 typing-inspection-0.4.4 urllib3-2.8.0 uvicorn-0.54.0 watchdog-6.0.0
docs	Build documentation	﻿2026-10-03T14:59:54.8014052Z ##[group]Run .venv/bin/python -m mkdocs build --site-dir _site
docs	Build documentation	2026-10-03T14:59:54.8014437Z ^[[36;1m.venv/bin/python -m mkdocs build --site-dir _site^[[0m
docs	Build documentation	2026-10-03T14:59:54.8069745Z shell: /usr/bin/bash -e {0}
docs	Build documentation	2026-10-03T14:59:54.8069956Z env:
docs	Build documentation	2026-10-03T14:59:54.8070177Z   pythonLocation: /opt/hostedtoolcache/Python/3.13.15/x64
docs	Build documentation	2026-10-03T14:59:54.8070526Z   PKG_CONFIG_PATH: /opt/hostedtoolcache/Python/3.13.15/x64/lib/pkgconfig
docs	Build documentation	2026-10-03T14:59:54.8070855Z   Python_ROOT_DIR: /opt/hostedtoolcache/Python/3.13.15/x64
docs	Build documentation	2026-10-03T14:59:54.8071146Z   Python2_ROOT_DIR: /opt/hostedtoolcache/Python/3.13.15/x64
docs	Build documentation	2026-10-03T14:59:54.8071431Z   Python3_ROOT_DIR: /opt/hostedtoolcache/Python/3.13.15/x64
docs	Build documentation	2026-10-03T14:59:54.8071723Z   LD_LIBRARY_PATH: /opt/hostedtoolcache/Python/3.13.15/x64/lib
docs	Build documentation	2026-10-03T14:59:54.8071979Z ##[endgroup]
docs	Build documentation	2026-10-03T14:59:55.3350462Z 
docs	Build documentation	2026-10-03T14:59:55.3351003Z ^[[31m │  ⚠  Warning from the Material for MkDocs team^[[0m
docs	Build documentation	2026-10-03T14:59:55.3351452Z ^[[31m │^[[0m
docs	Build documentation	2026-10-03T14:59:55.3351772Z ^[[31m │^[[0m  MkDocs 2.0, the underlying framework of Material for MkDocs,
docs	Build documentation	2026-10-03T14:59:55.3352517Z ^[[31m │^[[0m  will introduce backward-incompatible changes, including:
docs	Build documentation	2026-10-03T14:59:55.3352807Z ^[[31m │^[[0m
docs	Build documentation	2026-10-03T14:59:55.3353111Z ^[[31m │  × ^[[0mAll plugins will stop working – the plugin system has been removed
docs	Build documentation	2026-10-03T14:59:55.3353544Z ^[[31m │  × ^[[0mAll theme overrides will break – the theming system has been rewritten
docs	Build documentation	2026-10-03T14:59:55.3353970Z ^[[31m │  × ^[[0mNo migration path exists – existing projects cannot be upgraded
docs	Build documentation	2026-10-03T14:59:55.3354390Z ^[[31m │  × ^[[0mClosed contribution model – community members can't report bugs
docs	Build documentation	2026-10-03T14:59:55.3354771Z ^[[31m │  × ^[[0mCurrently unlicensed – unsuitable for production use
docs	Build documentation	2026-10-03T14:59:55.3355045Z ^[[31m │^[[0m
docs	Build documentation	2026-10-03T14:59:55.3355230Z ^[[31m │^[[0m  Our full analysis:
docs	Build documentation	2026-10-03T14:59:55.3355431Z ^[[31m │^[[0m
docs	Build documentation	2026-10-03T14:59:55.3355781Z ^[[31m │^[[0m  ^[[4mhttps://squidfunk.github.io/mkdocs-material/blog/2026/02/18/mkdocs-2.0/^[[0m
docs	Build documentation	2026-10-03T14:59:55.3356160Z ^[[0m
docs	Build documentation	2026-10-03T14:59:55.4121586Z INFO    -  Cleaning site directory
docs	Build documentation	2026-10-03T14:59:55.4122214Z INFO    -  Building documentation to directory: /home/runner/work/cisco-muejeje/cisco-muejeje/_site
docs	Build documentation	2026-10-03T14:59:55.5065765Z INFO    -  The following pages exist in the docs directory, but are not included in the "nav" configuration:
docs	Build documentation	2026-10-03T14:59:55.5066473Z   - architecture/cp-scale-qualification.md
docs	Build documentation	2026-10-03T14:59:55.5066988Z   - architecture/e95-stabilization.md
docs	Build documentation	2026-10-03T14:59:55.5067302Z   - architecture/e95-stage-3a4-readiness.md
docs	Build documentation	2026-10-03T14:59:55.5067650Z   - architecture/eigrp-runtime-qualification.md
docs	Build documentation	2026-10-03T14:59:55.5068035Z   - architecture/enterprise-compiler.md
docs	Build documentation	2026-10-03T14:59:55.5068407Z   - architecture/enterprise-configuration.md
docs	Build documentation	2026-10-03T14:59:55.5068800Z   - architecture/enterprise-control-plane.md
docs	Build documentation	2026-10-03T14:59:55.5069175Z   - architecture/enterprise-domain.md
docs	Build documentation	2026-10-03T14:59:55.5069529Z   - architecture/enterprise-security.md
docs	Build documentation	2026-10-03T14:59:55.5069907Z   - architecture/enterprise-services.md
docs	Build documentation	2026-10-03T14:59:55.5070281Z   - architecture/enterprise-voice.md
docs	Build documentation	2026-10-03T14:59:55.5070644Z   - architecture/ripv2-runtime-qualification.md
docs	Build documentation	2026-10-03T14:59:55.5071089Z   - architecture/router0-forwarding-workload-contract.md
docs	Build documentation	2026-10-03T14:59:55.5071565Z   - architecture/stage-3a4-bounded-live-qualification.md
docs	Build documentation	2026-10-03T14:59:55.5072022Z   - architecture/stage-3a4-serial-product-slice-2a.md
docs	Build documentation	2026-10-03T14:59:55.5072477Z   - architecture/stage-3a4-serial-product-slice-2b.md
docs	Build documentation	2026-10-03T14:59:55.5072787Z   - architecture/technical-debt.md
docs	Build documentation	2026-10-03T14:59:55.5073035Z   - architecture/university-topology-acceptance.md
docs	Build documentation	2026-10-03T14:59:55.5073318Z   - engineering/server-pt-sp2-claude-handoff-prompt.md
docs	Build documentation	2026-10-03T14:59:55.5073611Z   - engineering/server-pt-sp2-operational-handoff.md
docs	Build documentation	2026-10-03T14:59:55.5073905Z   - engineering/change-briefs/server-pt-c31-commissioning.md
docs	Build documentation	2026-10-03T14:59:55.5074246Z   - engineering/change-briefs/server-pt-sp2-generalized-dhcp-relay.md
docs	Build documentation	2026-10-03T14:59:55.5074827Z   - qa/e95-runtime-debt.md
docs	Build documentation	2026-10-03T14:59:55.5075029Z   - reference/cp-scale/README.md
docs	Build documentation	2026-10-03T14:59:55.5075296Z   - reference/cp-scale/ACCESS_POINT_POE_PROVENANCE_AUDIT_20260907.md
docs	Build documentation	2026-10-03T14:59:55.5075607Z   - reference/cp-scale/NEXT_GOVERNED_POE_LIVE_RELAY.md
docs	Build documentation	2026-10-03T14:59:55.5075882Z   - reference/cp-scale/POE2_AP_PSE_RESULT_20260907.md
docs	Build documentation	2026-10-03T14:59:55.5076175Z   - reference/cp-scale/POE_ACCESSPOINT_DIFFERENTIAL_20260907.md
docs	Build documentation	2026-10-03T14:59:55.5076489Z   - reference/cp-scale/POE_INLINE_CALIBRATION_20260907.md
docs	Build documentation	2026-10-03T14:59:55.5077004Z   - reference/cp-scale/ROUTER0_POE_FACTORY_STRUCTURE_20260907.md
docs	Build documentation	2026-10-03T14:59:55.5077327Z   - reference/cp-scale/ROUTER0_POE_OPERATOR_RUNBOOK.md
docs	Build documentation	2026-10-03T14:59:55.5077609Z   - reference/cp-scale/ROUTER0_POE_RESUME_20260906.md
docs	Build documentation	2026-10-03T14:59:55.5077917Z   - reference/cp-scale/ROUTER0_POE_SESSION_HANDOFF_20260906.md
docs	Build documentation	2026-10-03T14:59:55.5078233Z   - reference/cp-scale/diseno_logico_IMP.md
docs	Build documentation	2026-10-03T14:59:55.5078509Z   - reference/cp-scale/floor2_network_foundation_root_cause.md
docs	Build documentation	2026-10-03T14:59:55.5078965Z   - reference/cp-scale/topologia_completa_IMP.md
docs	Build documentation	2026-10-03T14:59:55.5079278Z   - reference/cp-scale/voice_root_cause_implementation_retrospective.md
docs	Build documentation	2026-10-03T14:59:55.5079718Z   - reference/cp-scale/canonical-live-evidence/poe3a-20260907T213914Z-20f42991/CLASSIFICATION.md
docs	Build documentation	2026-10-03T14:59:55.5080124Z   - reference/server-pt/server-pt-dhcp-public-delivery.md
docs	Build documentation	2026-10-03T14:59:55.5080431Z   - reference/server-pt/server-pt-services-brief-0850de3.md
docs	Build documentation	2026-10-03T14:59:55.5080729Z   - reference/server-pt/server-pt-services-brief-9973f66.md
docs	Build documentation	2026-10-03T14:59:55.5081081Z   - reference/server-pt/assignments/Codex_243_Focused_Closure_and_Remaining_LIVE.md
docs	Build documentation	2026-10-03T14:59:55.5081520Z   - reference/server-pt/assignments/Codex_A02_Evidence_Closure_and_Diagnostic_Preparation.md
docs	Build documentation	2026-10-03T14:59:55.5081935Z   - reference/server-pt/assignments/Codex_Continuation_A1_Q3_Q1_S1b.md
docs	Build documentation	2026-10-03T14:59:55.5082295Z   - reference/server-pt/assignments/Codex_Next_Product_Readiness_5296984.md
docs	Build documentation	2026-10-03T14:59:55.5082674Z   - reference/server-pt/assignments/Codex_ServerPT_Diagnostic_Goal_DRAFT.md
docs	Build documentation	2026-10-03T14:59:55.5083034Z   - reference/server-pt/assignments/Next_Work_S3_Q3_FASTLOOP_PROPOSAL.md
docs	Build documentation	2026-10-03T14:59:55.5083394Z   - reference/server-pt/assignments/Prompt_SP1_Routed_DNS_HTTP.md
docs	Build documentation	2026-10-03T14:59:55.5083832Z   - reference/server-pt/assignments/Prompt_SP2_Generalized_DHCP_Relay.md
docs	Build documentation	2026-10-03T14:59:55.5084161Z   - reference/server-pt/assignments/S1_Implementer_Prompt.md
docs	Build documentation	2026-10-03T14:59:55.5084506Z   - reference/server-pt/assignments/ServerPT_DHCP_Delegated_Autonomy_Mandate.md
docs	Build documentation	2026-10-03T14:59:55.5084845Z   - reference/server-pt/decisions/S0_BA45_Acceptance.md
docs	Build documentation	2026-10-03T14:59:55.5085151Z   - reference/server-pt/decisions/Server_PT_S0_Rev22_Approval_TD12.md
docs	Build documentation	2026-10-03T14:59:55.5085493Z   - reference/server-pt/evidence/campaign-d02-q3-q1-autofix-01/README.md
docs	Build documentation	2026-10-03T14:59:55.5085827Z   - reference/server-pt/evidence/campaign-diag-0ea-01/README.md
docs	Build documentation	2026-10-03T14:59:55.5086190Z   - reference/server-pt/evidence/campaign-diag-0ea-01/correction-02/README.md
docs	Build documentation	2026-10-03T14:59:55.5086533Z   - reference/server-pt/evidence/dhcp-autonomy-02/DELIVERY.md
docs	Build documentation	2026-10-03T14:59:55.5086988Z   - reference/server-pt/evidence/dhcp-autonomy-02/e1/README.md
docs	Build documentation	2026-10-03T14:59:55.5087295Z   - reference/server-pt/evidence/dhcp-autonomy-02/e10/README.md
docs	Build documentation	2026-10-03T14:59:55.5087598Z   - reference/server-pt/evidence/dhcp-autonomy-02/e11/README.md
docs	Build documentation	2026-10-03T14:59:55.5087893Z   - reference/server-pt/evidence/dhcp-autonomy-02/e2/README.md
docs	Build documentation	2026-10-03T14:59:55.5088187Z   - reference/server-pt/evidence/dhcp-autonomy-02/e3/README.md
docs	Build documentation	2026-10-03T14:59:55.5088498Z   - reference/server-pt/evidence/dhcp-autonomy-02/e4/README.md
docs	Build documentation	2026-10-03T14:59:55.5088796Z   - reference/server-pt/evidence/dhcp-autonomy-02/e5/README.md
docs	Build documentation	2026-10-03T14:59:55.5089089Z   - reference/server-pt/evidence/dhcp-autonomy-02/e6/README.md
docs	Build documentation	2026-10-03T14:59:55.5089385Z   - reference/server-pt/evidence/dhcp-autonomy-02/e7/README.md
docs	Build documentation	2026-10-03T14:59:55.5089827Z   - reference/server-pt/evidence/dhcp-autonomy-02/e8/README.md
docs	Build documentation	2026-10-03T14:59:55.5090121Z   - reference/server-pt/evidence/dhcp-autonomy-02/e9/README.md
docs	Build documentation	2026-10-03T14:59:55.5090411Z   - reference/server-pt/evidence/dhcp-fl-01/README.md
docs	Build documentation	2026-10-03T14:59:55.5090710Z   - reference/server-pt/evidence/q-batch-0850de3/BATCH-STATUS.md
docs	Build documentation	2026-10-03T14:59:55.5091075Z   - reference/server-pt/evidence/q-batch-0850de3/q0-file/Q0-preparation-record.md
docs	Build documentation	2026-10-03T14:59:55.5091420Z   - reference/server-pt/evidence/sp1-routed-01/README.md
docs	Build documentation	2026-10-03T14:59:55.5091705Z   - reference/server-pt/evidence/sp1-routed-01/e1/README.md
docs	Build documentation	2026-10-03T14:59:55.5091986Z   - reference/server-pt/evidence/sp1-routed-01/e2/README.md
docs	Build documentation	2026-10-03T14:59:55.5092271Z   - reference/server-pt/evidence/sp1-routed-01/e3/README.md
docs	Build documentation	2026-10-03T14:59:55.5092550Z   - reference/server-pt/evidence/sp1-routed-01/e4/README.md
docs	Build documentation	2026-10-03T14:59:55.5092828Z   - reference/server-pt/evidence/sp1-routed-01/e5/README.md
docs	Build documentation	2026-10-03T14:59:55.5093163Z   - reference/server-pt/evidence/sp2-generalized-dhcp-relay-01/e1/README.md
docs	Build documentation	2026-10-03T14:59:55.5093640Z   - reference/server-pt/evidence/sp2-generalized-dhcp-relay-01/e2/README.md
docs	Build documentation	2026-10-03T14:59:55.5094008Z   - reference/server-pt/evidence/sp2-generalized-dhcp-relay-01/e3/README.md
docs	Build documentation	2026-10-03T14:59:55.5094369Z   - reference/server-pt/evidence/sp2-generalized-dhcp-relay-01/e4/README.md
docs	Build documentation	2026-10-03T14:59:55.5094730Z   - reference/server-pt/evidence/sp2-generalized-dhcp-relay-01/e5/README.md
docs	Build documentation	2026-10-03T14:59:55.5095090Z   - reference/server-pt/evidence/sp2-generalized-dhcp-relay-01/e6/README.md
docs	Build documentation	2026-10-03T14:59:55.5095445Z   - reference/server-pt/evidence/sp2-generalized-dhcp-relay-01/e7/README.md
docs	Build documentation	2026-10-03T14:59:55.5095887Z   - reference/server-pt/evidence/sp2-generalized-dhcp-relay-01/e7/lead/known-candidate-limitations.md
docs	Build documentation	2026-10-03T14:59:55.5096387Z   - reference/server-pt/evidence/sp2-generalized-dhcp-relay-01/e7/lead/operator-scope-note.md
docs	Build documentation	2026-10-03T14:59:55.5096971Z   - reference/server-pt/evidence/sp2-generalized-dhcp-relay-01/e8/README.md
docs	Build documentation	2026-10-03T14:59:55.5097464Z   - reference/server-pt/evidence/sp2-generalized-dhcp-relay-01/e8/lead/helper-verification/REVIEW.md
docs	Build documentation	2026-10-03T14:59:55.5098008Z   - reference/server-pt/evidence/sp2-generalized-dhcp-relay-01/e8/lead/helper-verification/brief-dispositions.md
docs	Build documentation	2026-10-03T14:59:55.5098547Z   - reference/server-pt/planning/rev2.2/Server-PT-Services-Implementer-Prompt-S0-rev2.2.md
docs	Build documentation	2026-10-03T14:59:55.5099003Z   - reference/server-pt/planning/rev2.2/Server-PT-Services-Plan-rev2.2.md
docs	Build documentation	2026-10-03T14:59:55.5099424Z   - reference/server-pt/planning/rev2.2/Server-PT-Services-Review-Resolution-rev2.2.md
docs	Build documentation	2026-10-03T14:59:55.5099789Z   - reference/server-pt/reviews/S1_0bddc9a_Review.md
docs	Build documentation	2026-10-03T14:59:56.6048723Z INFO    -  Doc file 'reference/cp-scale/README.md' contains an unrecognized relative link 'canonical-live-evidence/', it was left as is.
docs	Build documentation	2026-10-03T14:59:56.6049927Z INFO    -  Doc file 'reference/cp-scale/README.md' contains an unrecognized relative link 'prelive-evidence/', it was left as is.
docs	Build documentation	2026-10-03T14:59:56.6051139Z WARNING -  Doc file 'reference/cp-scale/README.md' contains a link '../../../handoff.md', but the target '../handoff.md' is not found among documentation files.
docs	Build documentation	2026-10-03T14:59:56.8034861Z WARNING -  Doc file 'reference/cp-scale/voice_root_cause_implementation_retrospective.md' contains a link '../../../handoff.md', but the target '../handoff.md' is not found among documentation files.
docs	Build documentation	2026-10-03T14:59:57.4226526Z INFO    -  Doc file 'reference/server-pt/evidence/campaign-diag-0ea-01/correction-02/README.md' contains an unrecognized relative link 'markers/', it was left as is.
docs	Build documentation	2026-10-03T14:59:59.5937874Z INFO    -  Documentation built in 4.24 seconds
docs	Post Run actions/setup-python@v5	﻿2026-10-03T14:59:59.6437491Z Post job cleanup.
docs	Post Run actions/setup-python@v5	2026-10-03T14:59:59.7411495Z (node:2307) [DEP0040] DeprecationWarning: The `punycode` module is deprecated. Please use a userland alternative instead.
docs	Post Run actions/setup-python@v5	2026-10-03T14:59:59.7412128Z (Use `node --trace-deprecation ...` to show where the warning was created)
docs	Post Run actions/checkout@v4	﻿2026-10-03T14:59:59.7614364Z Post job cleanup.
docs	Post Run actions/checkout@v4	2026-10-03T14:59:59.8317162Z [command]/usr/bin/git version
docs	Post Run actions/checkout@v4	2026-10-03T14:59:59.8355844Z git version 2.55.0
docs	Post Run actions/checkout@v4	2026-10-03T14:59:59.8386290Z Temporarily overriding HOME='/home/runner/work/_temp/e832d29b-ec97-4d52-b622-9818531d10a4' before making global git config changes
docs	Post Run actions/checkout@v4	2026-10-03T14:59:59.8387244Z Adding repository directory to the temporary git global config as a safe directory
docs	Post Run actions/checkout@v4	2026-10-03T14:59:59.8391431Z [command]/usr/bin/git config --global --add safe.directory /home/runner/work/cisco-muejeje/cisco-muejeje
docs	Post Run actions/checkout@v4	2026-10-03T14:59:59.8426602Z [command]/usr/bin/git config --local --name-only --get-regexp core\.sshCommand
docs	Post Run actions/checkout@v4	2026-10-03T14:59:59.8456123Z [command]/usr/bin/git submodule foreach --recursive sh -c "git config --local --name-only --get-regexp 'core\.sshCommand' && git config --local --unset-all 'core.sshCommand' || :"
docs	Post Run actions/checkout@v4	2026-10-03T14:59:59.8678655Z [command]/usr/bin/git config --local --name-only --get-regexp http\.https\:\/\/github\.com\/\.extraheader
docs	Post Run actions/checkout@v4	2026-10-03T14:59:59.8711115Z [command]/usr/bin/git submodule foreach --recursive sh -c "git config --local --name-only --get-regexp 'http\.https\:\/\/github\.com\/\.extraheader' && git config --local --unset-all 'http.https://github.com/.extraheader' || :"
docs	Post Run actions/checkout@v4	2026-10-03T14:59:59.8943222Z [command]/usr/bin/git config --local --name-only --get-regexp ^includeIf\.gitdir:
docs	Post Run actions/checkout@v4	2026-10-03T14:59:59.8975029Z [command]/usr/bin/git submodule foreach --recursive git config --local --show-origin --name-only --get-regexp remote.origin.url
docs	Complete job	﻿2026-10-03T14:59:59.9318755Z Cleaning up orphan processes
docs	Complete job	2026-10-03T14:59:59.9598540Z ##[warning]Node.js 20 is deprecated. The following actions target Node.js 20 but are being forced to run on Node.js 24: actions/checkout@v4, actions/setup-python@v5. For more information see: https://github.blog/changelog/2025-09-19-deprecation-of-node-20-on-github-actions-runners/
quality	Set up job	﻿2026-10-03T14:59:25.3221866Z Current runner version: '2.337.0'
quality	Set up job	2026-10-03T14:59:25.3243143Z ##[group]Runner Image Provisioner
quality	Set up job	2026-10-03T14:59:25.3243920Z Hosted Compute Agent
quality	Set up job	2026-10-03T14:59:25.3244499Z Version: 20260901.588
quality	Set up job	2026-10-03T14:59:25.3245236Z Commit: f88ec8081b781fac6c440065ac7ff9e710ce3d0b
quality	Set up job	2026-10-03T14:59:25.3246125Z Build Date: 2026-09-01T19:56:44Z
quality	Set up job	2026-10-03T14:59:25.3246728Z Worker ID: {2960008f-8bc6-42a2-976c-97ee40d242c8}
quality	Set up job	2026-10-03T14:59:25.3247297Z Azure Region: westus3
quality	Set up job	2026-10-03T14:59:25.3247821Z ##[endgroup]
quality	Set up job	2026-10-03T14:59:25.3249026Z ##[group]Operating System
quality	Set up job	2026-10-03T14:59:25.3249530Z Ubuntu
quality	Set up job	2026-10-03T14:59:25.3250102Z 24.04.5
quality	Set up job	2026-10-03T14:59:25.3250532Z LTS
quality	Set up job	2026-10-03T14:59:25.3250996Z ##[endgroup]
quality	Set up job	2026-10-03T14:59:25.3251471Z ##[group]Runner Image
quality	Set up job	2026-10-03T14:59:25.3251965Z Image: ubuntu-24.04
quality	Set up job	2026-10-03T14:59:25.3252525Z Version: 20260927.320.1
quality	Set up job	2026-10-03T14:59:25.3253380Z Included Software: https://github.com/actions/runner-images/blob/ubuntu24/20260927.320/images/ubuntu/Ubuntu2404-Readme.md
quality	Set up job	2026-10-03T14:59:25.3254873Z Image Release: https://github.com/actions/runner-images/releases/tag/ubuntu24%2F20260927.320
quality	Set up job	2026-10-03T14:59:25.3255886Z ##[endgroup]
quality	Set up job	2026-10-03T14:59:25.3256908Z ##[group]GITHUB_TOKEN Permissions
quality	Set up job	2026-10-03T14:59:25.3258641Z Contents: read
quality	Set up job	2026-10-03T14:59:25.3259247Z Metadata: read
quality	Set up job	2026-10-03T14:59:25.3259716Z ##[endgroup]
quality	Set up job	2026-10-03T14:59:25.3261413Z Secret source: Actions
quality	Set up job	2026-10-03T14:59:25.3262256Z Cache mode: write
quality	Set up job	2026-10-03T14:59:25.3262858Z Prepare workflow directory
quality	Set up job	2026-10-03T14:59:25.3527083Z Prepare all required actions
quality	Set up job	2026-10-03T14:59:25.3565597Z Getting action download info
quality	Set up job	2026-10-03T14:59:25.6946278Z Download action repository 'actions/checkout@v4' (SHA:11d5960a326750d5838078e36cf38b85af677262)
quality	Set up job	2026-10-03T14:59:25.7886927Z Download action repository 'actions/setup-python@v5' (SHA:a26af69be951a213d495a4c3e4e4022e16d87065)
quality	Set up job	2026-10-03T14:59:25.9856442Z Complete job name: quality
quality	Run actions/checkout@v4	﻿2026-10-03T14:59:26.0457535Z ##[group]Run actions/checkout@v4
quality	Run actions/checkout@v4	2026-10-03T14:59:26.0458196Z with:
quality	Run actions/checkout@v4	2026-10-03T14:59:26.0458573Z   fetch-depth: 0
quality	Run actions/checkout@v4	2026-10-03T14:59:26.0458945Z   persist-credentials: false
quality	Run actions/checkout@v4	2026-10-03T14:59:26.0459366Z   repository: andres18113/cisco-muejeje
quality	Run actions/checkout@v4	2026-10-03T14:59:26.0462560Z   token: ***
quality	Run actions/checkout@v4	2026-10-03T14:59:26.0462915Z   ssh-strict: true
quality	Run actions/checkout@v4	2026-10-03T14:59:26.0463269Z   ssh-user: git
quality	Run actions/checkout@v4	2026-10-03T14:59:26.0463601Z   clean: true
quality	Run actions/checkout@v4	2026-10-03T14:59:26.0463965Z   sparse-checkout-cone-mode: true
quality	Run actions/checkout@v4	2026-10-03T14:59:26.0464377Z   fetch-tags: false
quality	Run actions/checkout@v4	2026-10-03T14:59:26.0464727Z   show-progress: true
quality	Run actions/checkout@v4	2026-10-03T14:59:26.0465210Z   lfs: false
quality	Run actions/checkout@v4	2026-10-03T14:59:26.0465539Z   submodules: false
quality	Run actions/checkout@v4	2026-10-03T14:59:26.0465892Z   set-safe-directory: true
quality	Run actions/checkout@v4	2026-10-03T14:59:26.0466291Z   allow-unsafe-pr-checkout: false
quality	Run actions/checkout@v4	2026-10-03T14:59:26.0466904Z ##[endgroup]
quality	Run actions/checkout@v4	2026-10-03T14:59:26.1259155Z Syncing repository: andres18113/cisco-muejeje
quality	Run actions/checkout@v4	2026-10-03T14:59:26.1261145Z ##[group]Getting Git version info
quality	Run actions/checkout@v4	2026-10-03T14:59:26.1262075Z Working directory is '/home/runner/work/cisco-muejeje/cisco-muejeje'
quality	Run actions/checkout@v4	2026-10-03T14:59:26.1263497Z [command]/usr/bin/git version
quality	Run actions/checkout@v4	2026-10-03T14:59:26.3529300Z git version 2.55.0
quality	Run actions/checkout@v4	2026-10-03T14:59:26.3547430Z ##[endgroup]
quality	Run actions/checkout@v4	2026-10-03T14:59:26.3560669Z Temporarily overriding HOME='/home/runner/work/_temp/25d8e64d-fc60-4b0f-b492-0c32722040f8' before making global git config changes
quality	Run actions/checkout@v4	2026-10-03T14:59:26.3565613Z Adding repository directory to the temporary git global config as a safe directory
quality	Run actions/checkout@v4	2026-10-03T14:59:26.3566898Z [command]/usr/bin/git config --global --add safe.directory /home/runner/work/cisco-muejeje/cisco-muejeje
quality	Run actions/checkout@v4	2026-10-03T14:59:26.3610013Z Deleting the contents of '/home/runner/work/cisco-muejeje/cisco-muejeje'
quality	Run actions/checkout@v4	2026-10-03T14:59:26.3613174Z ##[group]Initializing the repository
quality	Run actions/checkout@v4	2026-10-03T14:59:26.3617691Z [command]/usr/bin/git init /home/runner/work/cisco-muejeje/cisco-muejeje
quality	Run actions/checkout@v4	2026-10-03T14:59:26.3734761Z hint: Using 'master' as the name for the initial branch. This default branch name
quality	Run actions/checkout@v4	2026-10-03T14:59:26.3736379Z hint: will change to "main" in Git 3.0. To configure the initial branch name
quality	Run actions/checkout@v4	2026-10-03T14:59:26.3738126Z hint: to use in all of your new repositories, which will suppress this warning,
quality	Run actions/checkout@v4	2026-10-03T14:59:26.3739135Z hint: call:
quality	Run actions/checkout@v4	2026-10-03T14:59:26.3739550Z hint:
quality	Run actions/checkout@v4	2026-10-03T14:59:26.3740110Z hint: 	git config --global init.defaultBranch <name>
quality	Run actions/checkout@v4	2026-10-03T14:59:26.3741034Z hint:
quality	Run actions/checkout@v4	2026-10-03T14:59:26.3741664Z hint: Names commonly chosen instead of 'master' are 'main', 'trunk' and
quality	Run actions/checkout@v4	2026-10-03T14:59:26.3742481Z hint: 'development'. The just-created branch can be renamed via this command:
quality	Run actions/checkout@v4	2026-10-03T14:59:26.3743135Z hint:
quality	Run actions/checkout@v4	2026-10-03T14:59:26.3743505Z hint: 	git branch -m <name>
quality	Run actions/checkout@v4	2026-10-03T14:59:26.3743933Z hint:
quality	Run actions/checkout@v4	2026-10-03T14:59:26.3744463Z hint: Disable this message with "git config set advice.defaultBranchName false"
quality	Run actions/checkout@v4	2026-10-03T14:59:26.3745863Z Initialized empty Git repository in /home/runner/work/cisco-muejeje/cisco-muejeje/.git/
quality	Run actions/checkout@v4	2026-10-03T14:59:26.3758296Z [command]/usr/bin/git remote add origin https://github.com/andres18113/cisco-muejeje
quality	Run actions/checkout@v4	2026-10-03T14:59:26.3794924Z ##[endgroup]
quality	Run actions/checkout@v4	2026-10-03T14:59:26.3795928Z ##[group]Disabling automatic garbage collection
quality	Run actions/checkout@v4	2026-10-03T14:59:26.3799611Z [command]/usr/bin/git config --local gc.auto 0
quality	Run actions/checkout@v4	2026-10-03T14:59:26.3830720Z ##[endgroup]
quality	Run actions/checkout@v4	2026-10-03T14:59:26.3831400Z ##[group]Setting up auth
quality	Run actions/checkout@v4	2026-10-03T14:59:26.3838003Z [command]/usr/bin/git config --local --name-only --get-regexp core\.sshCommand
quality	Run actions/checkout@v4	2026-10-03T14:59:26.3870833Z [command]/usr/bin/git submodule foreach --recursive sh -c "git config --local --name-only --get-regexp 'core\.sshCommand' && git config --local --unset-all 'core.sshCommand' || :"
quality	Run actions/checkout@v4	2026-10-03T14:59:26.4179997Z [command]/usr/bin/git config --local --name-only --get-regexp http\.https\:\/\/github\.com\/\.extraheader
quality	Run actions/checkout@v4	2026-10-03T14:59:26.4209882Z [command]/usr/bin/git submodule foreach --recursive sh -c "git config --local --name-only --get-regexp 'http\.https\:\/\/github\.com\/\.extraheader' && git config --local --unset-all 'http.https://github.com/.extraheader' || :"
quality	Run actions/checkout@v4	2026-10-03T14:59:26.4396782Z [command]/usr/bin/git config --local --name-only --get-regexp ^includeIf\.gitdir:
quality	Run actions/checkout@v4	2026-10-03T14:59:26.4426651Z [command]/usr/bin/git submodule foreach --recursive git config --local --show-origin --name-only --get-regexp remote.origin.url
quality	Run actions/checkout@v4	2026-10-03T14:59:26.4616870Z [command]/usr/bin/git config --local http.https://github.com/.extraheader AUTHORIZATION: basic ***
quality	Run actions/checkout@v4	2026-10-03T14:59:26.4652585Z ##[endgroup]
quality	Run actions/checkout@v4	2026-10-03T14:59:26.4653362Z ##[group]Fetching the repository
quality	Run actions/checkout@v4	2026-10-03T14:59:26.4661217Z [command]/usr/bin/git -c protocol.version=2 fetch --prune --no-recurse-submodules origin +refs/heads/*:refs/remotes/origin/* +refs/tags/*:refs/tags/*
quality	Run actions/checkout@v4	2026-10-03T14:59:30.9463003Z From https://github.com/andres18113/cisco-muejeje
quality	Run actions/checkout@v4	2026-10-03T14:59:30.9465414Z  * [new branch]      feature/iot-connectivity -> origin/feature/iot-connectivity
quality	Run actions/checkout@v4	2026-10-03T14:59:30.9467281Z  * [new branch]      feature/server-pt-goal-foundations -> origin/feature/server-pt-goal-foundations
quality	Run actions/checkout@v4	2026-10-03T14:59:30.9469621Z  * [new branch]      feature/server-pt-s0-observation-integrity -> origin/feature/server-pt-s0-observation-integrity
quality	Run actions/checkout@v4	2026-10-03T14:59:30.9472184Z  * [new branch]      feature/server-pt-s1-product-entry -> origin/feature/server-pt-s1-product-entry
quality	Run actions/checkout@v4	2026-10-03T14:59:30.9474500Z  * [new branch]      feature/server-pt-s2-mail -> origin/feature/server-pt-s2-mail
quality	Run actions/checkout@v4	2026-10-03T14:59:30.9476740Z  * [new branch]      feature/server-pt-s3-dhcp -> origin/feature/server-pt-s3-dhcp
quality	Run actions/checkout@v4	2026-10-03T14:59:30.9479086Z  * [new branch]      feature/server-pt-s4a-qualification-runner -> origin/feature/server-pt-s4a-qualification-runner
quality	Run actions/checkout@v4	2026-10-03T14:59:30.9481147Z  * [new branch]      main       -> origin/main
quality	Run actions/checkout@v4	2026-10-03T14:59:30.9484204Z [command]/usr/bin/git branch --list --remote origin/feature/server-pt-goal-foundations
quality	Run actions/checkout@v4	2026-10-03T14:59:30.9501096Z   origin/feature/server-pt-goal-foundations
quality	Run actions/checkout@v4	2026-10-03T14:59:30.9508464Z [command]/usr/bin/git rev-parse refs/remotes/origin/feature/server-pt-goal-foundations
quality	Run actions/checkout@v4	2026-10-03T14:59:30.9530533Z ec3b01f84896c9a392f7cc142443460c9d76b8eb
quality	Run actions/checkout@v4	2026-10-03T14:59:30.9534838Z ##[endgroup]
quality	Run actions/checkout@v4	2026-10-03T14:59:30.9536212Z ##[group]Determining the checkout info
quality	Run actions/checkout@v4	2026-10-03T14:59:30.9537605Z ##[endgroup]
quality	Run actions/checkout@v4	2026-10-03T14:59:30.9538925Z [command]/usr/bin/git sparse-checkout disable
quality	Run actions/checkout@v4	2026-10-03T14:59:30.9589393Z [command]/usr/bin/git config --local --unset-all extensions.worktreeConfig
quality	Run actions/checkout@v4	2026-10-03T14:59:30.9617232Z ##[group]Checking out the ref
quality	Run actions/checkout@v4	2026-10-03T14:59:30.9620397Z [command]/usr/bin/git checkout --progress --force -B feature/server-pt-goal-foundations refs/remotes/origin/feature/server-pt-goal-foundations
quality	Run actions/checkout@v4	2026-10-03T14:59:31.8515173Z Switched to a new branch 'feature/server-pt-goal-foundations'
quality	Run actions/checkout@v4	2026-10-03T14:59:31.8518588Z branch 'feature/server-pt-goal-foundations' set up to track 'origin/feature/server-pt-goal-foundations'.
quality	Run actions/checkout@v4	2026-10-03T14:59:31.8539683Z ##[endgroup]
quality	Run actions/checkout@v4	2026-10-03T14:59:31.8587844Z [command]/usr/bin/git log -1 --format=%H
quality	Run actions/checkout@v4	2026-10-03T14:59:31.8612030Z ec3b01f84896c9a392f7cc142443460c9d76b8eb
quality	Run actions/checkout@v4	2026-10-03T14:59:31.8620026Z ##[group]Removing auth
quality	Run actions/checkout@v4	2026-10-03T14:59:31.8623210Z [command]/usr/bin/git config --local --name-only --get-regexp core\.sshCommand
quality	Run actions/checkout@v4	2026-10-03T14:59:31.8650416Z [command]/usr/bin/git submodule foreach --recursive sh -c "git config --local --name-only --get-regexp 'core\.sshCommand' && git config --local --unset-all 'core.sshCommand' || :"
quality	Run actions/checkout@v4	2026-10-03T14:59:31.8864076Z [command]/usr/bin/git config --local --name-only --get-regexp http\.https\:\/\/github\.com\/\.extraheader
quality	Run actions/checkout@v4	2026-10-03T14:59:31.8907737Z http.https://github.com/.extraheader
quality	Run actions/checkout@v4	2026-10-03T14:59:31.8914768Z [command]/usr/bin/git config --local --unset-all http.https://github.com/.extraheader
quality	Run actions/checkout@v4	2026-10-03T14:59:31.9017533Z [command]/usr/bin/git submodule foreach --recursive sh -c "git config --local --name-only --get-regexp 'http\.https\:\/\/github\.com\/\.extraheader' && git config --local --unset-all 'http.https://github.com/.extraheader' || :"
quality	Run actions/checkout@v4	2026-10-03T14:59:31.9211796Z [command]/usr/bin/git config --local --name-only --get-regexp ^includeIf\.gitdir:
quality	Run actions/checkout@v4	2026-10-03T14:59:31.9237688Z [command]/usr/bin/git submodule foreach --recursive git config --local --show-origin --name-only --get-regexp remote.origin.url
quality	Run actions/checkout@v4	2026-10-03T14:59:31.9423937Z ##[endgroup]
quality	Run actions/setup-python@v5	﻿2026-10-03T14:59:31.9708750Z ##[group]Run actions/setup-python@v5
quality	Run actions/setup-python@v5	2026-10-03T14:59:31.9708994Z with:
quality	Run actions/setup-python@v5	2026-10-03T14:59:31.9709170Z   python-version: 3.13
quality	Run actions/setup-python@v5	2026-10-03T14:59:31.9709357Z   check-latest: false
quality	Run actions/setup-python@v5	2026-10-03T14:59:31.9711714Z   token: ***
quality	Run actions/setup-python@v5	2026-10-03T14:59:31.9711894Z   update-environment: true
quality	Run actions/setup-python@v5	2026-10-03T14:59:31.9712100Z   allow-prereleases: false
quality	Run actions/setup-python@v5	2026-10-03T14:59:31.9712293Z   freethreaded: false
quality	Run actions/setup-python@v5	2026-10-03T14:59:31.9712470Z ##[endgroup]
quality	Run actions/setup-python@v5	2026-10-03T14:59:32.0735336Z ##[group]Installed versions
quality	Run actions/setup-python@v5	2026-10-03T14:59:32.1016584Z (node:2155) [DEP0040] DeprecationWarning: The `punycode` module is deprecated. Please use a userland alternative instead.
quality	Run actions/setup-python@v5	2026-10-03T14:59:32.1017502Z (Use `node --trace-deprecation ...` to show where the warning was created)
quality	Run actions/setup-python@v5	2026-10-03T14:59:32.1018660Z Successfully set up CPython (3.13.15)
quality	Run actions/setup-python@v5	2026-10-03T14:59:32.1019137Z ##[endgroup]
quality	Create checkout-local environment	﻿2026-10-03T14:59:32.1110740Z ##[group]Run python -m venv .venv
quality	Create checkout-local environment	2026-10-03T14:59:32.1111080Z ^[[36;1mpython -m venv .venv^[[0m
quality	Create checkout-local environment	2026-10-03T14:59:32.3932396Z shell: /usr/bin/bash -e {0}
quality	Create checkout-local environment	2026-10-03T14:59:32.3932670Z env:
quality	Create checkout-local environment	2026-10-03T14:59:32.3932911Z   pythonLocation: /opt/hostedtoolcache/Python/3.13.15/x64
quality	Create checkout-local environment	2026-10-03T14:59:32.3933566Z   PKG_CONFIG_PATH: /opt/hostedtoolcache/Python/3.13.15/x64/lib/pkgconfig
quality	Create checkout-local environment	2026-10-03T14:59:32.3934109Z   Python_ROOT_DIR: /opt/hostedtoolcache/Python/3.13.15/x64
quality	Create checkout-local environment	2026-10-03T14:59:32.3934574Z   Python2_ROOT_DIR: /opt/hostedtoolcache/Python/3.13.15/x64
quality	Create checkout-local environment	2026-10-03T14:59:32.3935118Z   Python3_ROOT_DIR: /opt/hostedtoolcache/Python/3.13.15/x64
quality	Create checkout-local environment	2026-10-03T14:59:32.3935546Z   LD_LIBRARY_PATH: /opt/hostedtoolcache/Python/3.13.15/x64/lib
quality	Create checkout-local environment	2026-10-03T14:59:32.3935918Z ##[endgroup]
quality	Install quality tools	﻿2026-10-03T14:59:35.6880717Z ##[group]Run .venv/bin/python -m pip install --upgrade pip
quality	Install quality tools	2026-10-03T14:59:35.6881109Z ^[[36;1m.venv/bin/python -m pip install --upgrade pip^[[0m
quality	Install quality tools	2026-10-03T14:59:35.6881412Z ^[[36;1m.venv/bin/python -m pip install -e ".[quality]"^[[0m
quality	Install quality tools	2026-10-03T14:59:35.6939709Z shell: /usr/bin/bash -e {0}
quality	Install quality tools	2026-10-03T14:59:35.6939926Z env:
quality	Install quality tools	2026-10-03T14:59:35.6940155Z   pythonLocation: /opt/hostedtoolcache/Python/3.13.15/x64
quality	Install quality tools	2026-10-03T14:59:35.6940507Z   PKG_CONFIG_PATH: /opt/hostedtoolcache/Python/3.13.15/x64/lib/pkgconfig
quality	Install quality tools	2026-10-03T14:59:35.6940844Z   Python_ROOT_DIR: /opt/hostedtoolcache/Python/3.13.15/x64
quality	Install quality tools	2026-10-03T14:59:35.6941144Z   Python2_ROOT_DIR: /opt/hostedtoolcache/Python/3.13.15/x64
quality	Install quality tools	2026-10-03T14:59:35.6941439Z   Python3_ROOT_DIR: /opt/hostedtoolcache/Python/3.13.15/x64
quality	Install quality tools	2026-10-03T14:59:35.6941729Z   LD_LIBRARY_PATH: /opt/hostedtoolcache/Python/3.13.15/x64/lib
quality	Install quality tools	2026-10-03T14:59:35.6941982Z ##[endgroup]
quality	Install quality tools	2026-10-03T14:59:35.9432543Z Requirement already satisfied: pip in ./.venv/lib/python3.13/site-packages (26.2.1)
quality	Install quality tools	2026-10-03T14:59:36.3257790Z Obtaining file:///home/runner/work/cisco-muejeje/cisco-muejeje
quality	Install quality tools	2026-10-03T14:59:36.3276847Z   Installing build dependencies: started
quality	Install quality tools	2026-10-03T14:59:37.1235658Z   Installing build dependencies: finished with status 'done'
quality	Install quality tools	2026-10-03T14:59:37.1240505Z   Checking if build backend supports build_editable: started
quality	Install quality tools	2026-10-03T14:59:37.1557227Z   Checking if build backend supports build_editable: finished with status 'done'
quality	Install quality tools	2026-10-03T14:59:37.1562694Z   Getting requirements to build editable: started
quality	Install quality tools	2026-10-03T14:59:37.2765272Z   Getting requirements to build editable: finished with status 'done'
quality	Install quality tools	2026-10-03T14:59:37.2775728Z   Installing backend dependencies: started
quality	Install quality tools	2026-10-03T14:59:37.7101175Z   Installing backend dependencies: finished with status 'done'
quality	Install quality tools	2026-10-03T14:59:37.7106952Z   Preparing editable metadata (pyproject.toml): started
quality	Install quality tools	2026-10-03T14:59:37.8829289Z   Preparing editable metadata (pyproject.toml): finished with status 'done'
quality	Install quality tools	2026-10-03T14:59:37.9389054Z Collecting mcp<2,>=1.13 (from mcp[cli]<2,>=1.13->packet-tracer-mcp==0.8.0)
quality	Install quality tools	2026-10-03T14:59:37.9940019Z   Downloading mcp-1.30.0-py3-none-any.whl.metadata (9.3 kB)
quality	Install quality tools	2026-10-03T14:59:38.0707144Z Collecting pydantic<3,>=2.11 (from packet-tracer-mcp==0.8.0)
quality	Install quality tools	2026-10-03T14:59:38.0804363Z   Downloading pydantic-2.13.5-py3-none-any.whl.metadata (110 kB)
quality	Install quality tools	2026-10-03T14:59:38.3227876Z Collecting ruff==0.16.7 (from packet-tracer-mcp==0.8.0)
quality	Install quality tools	2026-10-03T14:59:38.3345703Z   Downloading ruff-0.16.7-py3-none-manylinux_2_17_x86_64.manylinux2014_x86_64.whl.metadata (20 kB)
quality	Install quality tools	2026-10-03T14:59:38.3494052Z Collecting anyio>=4.5 (from mcp<2,>=1.13->mcp[cli]<2,>=1.13->packet-tracer-mcp==0.8.0)
quality	Install quality tools	2026-10-03T14:59:38.3589128Z   Downloading anyio-4.15.1-py3-none-any.whl.metadata (4.7 kB)
quality	Install quality tools	2026-10-03T14:59:38.3674338Z Collecting httpx-sse>=0.4 (from mcp<2,>=1.13->mcp[cli]<2,>=1.13->packet-tracer-mcp==0.8.0)
quality	Install quality tools	2026-10-03T14:59:38.3769804Z   Downloading httpx_sse-0.4.3-py3-none-any.whl.metadata (9.7 kB)
quality	Install quality tools	2026-10-03T14:59:38.3890046Z Collecting httpx<1.0.0,>=0.27.1 (from mcp<2,>=1.13->mcp[cli]<2,>=1.13->packet-tracer-mcp==0.8.0)
quality	Install quality tools	2026-10-03T14:59:38.3984761Z   Downloading httpx-0.28.1-py3-none-any.whl.metadata (7.1 kB)
quality	Install quality tools	2026-10-03T14:59:38.4125857Z Collecting jsonschema>=4.20.0 (from mcp<2,>=1.13->mcp[cli]<2,>=1.13->packet-tracer-mcp==0.8.0)
quality	Install quality tools	2026-10-03T14:59:38.4220692Z   Downloading jsonschema-4.26.0-py3-none-any.whl.metadata (7.6 kB)
quality	Install quality tools	2026-10-03T14:59:38.4338060Z Collecting pydantic-settings>=2.5.2 (from mcp<2,>=1.13->mcp[cli]<2,>=1.13->packet-tracer-mcp==0.8.0)
quality	Install quality tools	2026-10-03T14:59:38.4433131Z   Downloading pydantic_settings-2.15.0-py3-none-any.whl.metadata (3.9 kB)
quality	Install quality tools	2026-10-03T14:59:38.4550741Z Collecting pyjwt>=2.10.1 (from pyjwt[crypto]>=2.10.1->mcp<2,>=1.13->mcp[cli]<2,>=1.13->packet-tracer-mcp==0.8.0)
quality	Install quality tools	2026-10-03T14:59:38.4646139Z   Downloading pyjwt-2.15.1-py3-none-any.whl.metadata (3.5 kB)
quality	Install quality tools	2026-10-03T14:59:38.4745883Z Collecting python-multipart>=0.0.9 (from mcp<2,>=1.13->mcp[cli]<2,>=1.13->packet-tracer-mcp==0.8.0)
quality	Install quality tools	2026-10-03T14:59:38.4841269Z   Downloading python_multipart-0.0.32-py3-none-any.whl.metadata (2.1 kB)
quality	Install quality tools	2026-10-03T14:59:38.4967760Z Collecting sse-starlette>=1.6.1 (from mcp<2,>=1.13->mcp[cli]<2,>=1.13->packet-tracer-mcp==0.8.0)
quality	Install quality tools	2026-10-03T14:59:38.5064623Z   Downloading sse_starlette-3.5.0-py3-none-any.whl.metadata (15 kB)
quality	Install quality tools	2026-10-03T14:59:38.5272749Z Collecting starlette>=0.27 (from mcp<2,>=1.13->mcp[cli]<2,>=1.13->packet-tracer-mcp==0.8.0)
quality	Install quality tools	2026-10-03T14:59:38.5368280Z   Downloading starlette-1.7.0-py3-none-any.whl.metadata (6.6 kB)
quality	Install quality tools	2026-10-03T14:59:38.5484015Z Collecting typing-extensions>=4.9.0 (from mcp<2,>=1.13->mcp[cli]<2,>=1.13->packet-tracer-mcp==0.8.0)
quality	Install quality tools	2026-10-03T14:59:38.5580838Z   Downloading typing_extensions-4.16.0-py3-none-any.whl.metadata (3.3 kB)
quality	Install quality tools	2026-10-03T14:59:38.5799591Z Collecting typing-inspection>=0.4.1 (from mcp<2,>=1.13->mcp[cli]<2,>=1.13->packet-tracer-mcp==0.8.0)
quality	Install quality tools	2026-10-03T14:59:38.5894611Z   Downloading typing_inspection-0.4.4-py3-none-any.whl.metadata (2.6 kB)
quality	Install quality tools	2026-10-03T14:59:38.6058397Z Collecting uvicorn>=0.31.1 (from mcp<2,>=1.13->mcp[cli]<2,>=1.13->packet-tracer-mcp==0.8.0)
quality	Install quality tools	2026-10-03T14:59:38.6154282Z   Downloading uvicorn-0.54.0-py3-none-any.whl.metadata (6.6 kB)
quality	Install quality tools	2026-10-03T14:59:38.6295798Z Collecting certifi (from httpx<1.0.0,>=0.27.1->mcp<2,>=1.13->mcp[cli]<2,>=1.13->packet-tracer-mcp==0.8.0)
quality	Install quality tools	2026-10-03T14:59:38.6391010Z   Downloading certifi-2026.7.22-py3-none-any.whl.metadata (2.5 kB)
quality	Install quality tools	2026-10-03T14:59:38.6501600Z Collecting httpcore==1.* (from httpx<1.0.0,>=0.27.1->mcp<2,>=1.13->mcp[cli]<2,>=1.13->packet-tracer-mcp==0.8.0)
quality	Install quality tools	2026-10-03T14:59:38.6597130Z   Downloading httpcore-1.0.9-py3-none-any.whl.metadata (21 kB)
quality	Install quality tools	2026-10-03T14:59:38.6721392Z Collecting idna (from httpx<1.0.0,>=0.27.1->mcp<2,>=1.13->mcp[cli]<2,>=1.13->packet-tracer-mcp==0.8.0)
quality	Install quality tools	2026-10-03T14:59:38.6818187Z   Downloading idna-3.20-py3-none-any.whl.metadata (7.2 kB)
quality	Install quality tools	2026-10-03T14:59:38.6909884Z Collecting h11>=0.16 (from httpcore==1.*->httpx<1.0.0,>=0.27.1->mcp<2,>=1.13->mcp[cli]<2,>=1.13->packet-tracer-mcp==0.8.0)
quality	Install quality tools	2026-10-03T14:59:38.7003963Z   Downloading h11-0.16.0-py3-none-any.whl.metadata (8.3 kB)
quality	Install quality tools	2026-10-03T14:59:38.7124454Z Collecting python-dotenv>=1.0.0 (from mcp[cli]<2,>=1.13->packet-tracer-mcp==0.8.0)
quality	Install quality tools	2026-10-03T14:59:38.7219813Z   Downloading python_dotenv-1.2.4-py3-none-any.whl.metadata (29 kB)
quality	Install quality tools	2026-10-03T14:59:38.7414752Z Collecting typer>=0.16.0 (from mcp[cli]<2,>=1.13->packet-tracer-mcp==0.8.0)
quality	Install quality tools	2026-10-03T14:59:38.7510791Z   Downloading typer-0.27.2-py3-none-any.whl.metadata (16 kB)
quality	Install quality tools	2026-10-03T14:59:38.7608554Z Collecting annotated-types>=0.6.0 (from pydantic<3,>=2.11->packet-tracer-mcp==0.8.0)
quality	Install quality tools	2026-10-03T14:59:38.7703581Z   Downloading annotated_types-0.8.0-py3-none-any.whl.metadata (15 kB)
quality	Install quality tools	2026-10-03T14:59:39.2083484Z Collecting pydantic-core==2.46.5 (from pydantic<3,>=2.11->packet-tracer-mcp==0.8.0)
quality	Install quality tools	2026-10-03T14:59:39.2183169Z   Downloading pydantic_core-2.46.5-cp313-cp313-manylinux_2_17_x86_64.manylinux2014_x86_64.whl.metadata (6.6 kB)
quality	Install quality tools	2026-10-03T14:59:39.5748526Z Collecting attrs>=22.2.0 (from jsonschema>=4.20.0->mcp<2,>=1.13->mcp[cli]<2,>=1.13->packet-tracer-mcp==0.8.0)
quality	Install quality tools	2026-10-03T14:59:39.5845663Z   Downloading attrs-26.1.0-py3-none-any.whl.metadata (8.8 kB)
quality	Install quality tools	2026-10-03T14:59:39.6712074Z Collecting jsonschema-specifications>=2023.03.6 (from jsonschema>=4.20.0->mcp<2,>=1.13->mcp[cli]<2,>=1.13->packet-tracer-mcp==0.8.0)
quality	Install quality tools	2026-10-03T14:59:39.6806871Z   Downloading jsonschema_specifications-2025.9.1-py3-none-any.whl.metadata (2.9 kB)
quality	Install quality tools	2026-10-03T14:59:39.6946646Z Collecting referencing>=0.28.4 (from jsonschema>=4.20.0->mcp<2,>=1.13->mcp[cli]<2,>=1.13->packet-tracer-mcp==0.8.0)
quality	Install quality tools	2026-10-03T14:59:39.7042849Z   Downloading referencing-0.37.0-py3-none-any.whl.metadata (2.8 kB)
quality	Install quality tools	2026-10-03T14:59:39.9407933Z Collecting rpds-py>=0.25.0 (from jsonschema>=4.20.0->mcp<2,>=1.13->mcp[cli]<2,>=1.13->packet-tracer-mcp==0.8.0)
quality	Install quality tools	2026-10-03T14:59:39.9506021Z   Downloading rpds_py-2026.6.3-cp313-cp313-manylinux_2_17_x86_64.manylinux2014_x86_64.whl.metadata (4.1 kB)
quality	Install quality tools	2026-10-03T14:59:40.0787963Z Collecting cryptography>=3.4.0 (from pyjwt[crypto]>=2.10.1->mcp<2,>=1.13->mcp[cli]<2,>=1.13->packet-tracer-mcp==0.8.0)
quality	Install quality tools	2026-10-03T14:59:40.0886896Z   Downloading cryptography-50.0.2-cp311-abi3-manylinux_2_34_x86_64.whl.metadata (4.4 kB)
quality	Install quality tools	2026-10-03T14:59:40.1578195Z Collecting cffi>=2.0.0 (from cryptography>=3.4.0->pyjwt[crypto]>=2.10.1->mcp<2,>=1.13->mcp[cli]<2,>=1.13->packet-tracer-mcp==0.8.0)
quality	Install quality tools	2026-10-03T14:59:40.1688878Z   Downloading cffi-2.1.1-cp313-cp313-manylinux2014_x86_64.manylinux_2_17_x86_64.whl.metadata (2.5 kB)
quality	Install quality tools	2026-10-03T14:59:40.1776147Z Collecting pycparser (from cffi>=2.0.0->cryptography>=3.4.0->pyjwt[crypto]>=2.10.1->mcp<2,>=1.13->mcp[cli]<2,>=1.13->packet-tracer-mcp==0.8.0)
quality	Install quality tools	2026-10-03T14:59:40.1872296Z   Downloading pycparser-3.0-py3-none-any.whl.metadata (8.2 kB)
quality	Install quality tools	2026-10-03T14:59:40.2023846Z Collecting shellingham>=1.3.0 (from typer>=0.16.0->mcp[cli]<2,>=1.13->packet-tracer-mcp==0.8.0)
quality	Install quality tools	2026-10-03T14:59:40.2119674Z   Downloading shellingham-1.5.4-py2.py3-none-any.whl.metadata (3.5 kB)
quality	Install quality tools	2026-10-03T14:59:40.2320664Z Collecting rich>=13.8.0 (from typer>=0.16.0->mcp[cli]<2,>=1.13->packet-tracer-mcp==0.8.0)
quality	Install quality tools	2026-10-03T14:59:40.2418037Z   Downloading rich-15.0.0-py3-none-any.whl.metadata (18 kB)
quality	Install quality tools	2026-10-03T14:59:40.2505668Z Collecting annotated-doc>=0.0.2 (from typer>=0.16.0->mcp[cli]<2,>=1.13->packet-tracer-mcp==0.8.0)
quality	Install quality tools	2026-10-03T14:59:40.2600912Z   Downloading annotated_doc-0.0.5-py3-none-any.whl.metadata (6.5 kB)
quality	Install quality tools	2026-10-03T14:59:40.2884534Z Collecting markdown-it-py>=2.2.0 (from rich>=13.8.0->typer>=0.16.0->mcp[cli]<2,>=1.13->packet-tracer-mcp==0.8.0)
quality	Install quality tools	2026-10-03T14:59:40.2980386Z   Downloading markdown_it_py-4.2.0-py3-none-any.whl.metadata (7.4 kB)
quality	Install quality tools	2026-10-03T14:59:40.3120364Z Collecting pygments<3.0.0,>=2.13.0 (from rich>=13.8.0->typer>=0.16.0->mcp[cli]<2,>=1.13->packet-tracer-mcp==0.8.0)
quality	Install quality tools	2026-10-03T14:59:40.3216336Z   Downloading pygments-2.21.0-py3-none-any.whl.metadata (2.5 kB)
quality	Install quality tools	2026-10-03T14:59:40.3298385Z Collecting mdurl~=0.1 (from markdown-it-py>=2.2.0->rich>=13.8.0->typer>=0.16.0->mcp[cli]<2,>=1.13->packet-tracer-mcp==0.8.0)
quality	Install quality tools	2026-10-03T14:59:40.3393746Z   Downloading mdurl-0.1.2-py3-none-any.whl.metadata (1.6 kB)
quality	Install quality tools	2026-10-03T14:59:40.3575983Z Collecting click>=7.0 (from uvicorn>=0.31.1->mcp<2,>=1.13->mcp[cli]<2,>=1.13->packet-tracer-mcp==0.8.0)
quality	Install quality tools	2026-10-03T14:59:40.3672612Z   Downloading click-8.5.0-py3-none-any.whl.metadata (2.6 kB)
quality	Install quality tools	2026-10-03T14:59:40.3821171Z Downloading ruff-0.16.7-py3-none-manylinux_2_17_x86_64.manylinux2014_x86_64.whl (10.4 MB)
quality	Install quality tools	2026-10-03T14:59:40.8012534Z    ━━━━━━━━━━━━━━━━━━━━━━━━━━━━━━━━━━━━━━━━ 10.4/10.4 MB 25.8 MB/s  0:00:00
quality	Install quality tools	2026-10-03T14:59:40.8113618Z Downloading mcp-1.30.0-py3-none-any.whl (234 kB)
quality	Install quality tools	2026-10-03T14:59:40.8246967Z Downloading httpx-0.28.1-py3-none-any.whl (73 kB)
quality	Install quality tools	2026-10-03T14:59:40.8360221Z Downloading httpcore-1.0.9-py3-none-any.whl (78 kB)
quality	Install quality tools	2026-10-03T14:59:40.8474811Z Downloading pydantic-2.13.5-py3-none-any.whl (472 kB)
quality	Install quality tools	2026-10-03T14:59:40.8639465Z Downloading pydantic_core-2.46.5-cp313-cp313-manylinux_2_17_x86_64.manylinux2014_x86_64.whl (2.1 MB)
quality	Install quality tools	2026-10-03T14:59:40.8998670Z    ━━━━━━━━━━━━━━━━━━━━━━━━━━━━━━━━━━━━━━━━ 2.1/2.1 MB 56.0 MB/s  0:00:00
quality	Install quality tools	2026-10-03T14:59:40.9095298Z Downloading annotated_types-0.8.0-py3-none-any.whl (13 kB)
quality	Install quality tools	2026-10-03T14:59:40.9206666Z Downloading anyio-4.15.1-py3-none-any.whl (132 kB)
quality	Install quality tools	2026-10-03T14:59:40.9322932Z Downloading h11-0.16.0-py3-none-any.whl (37 kB)
quality	Install quality tools	2026-10-03T14:59:40.9431555Z Downloading httpx_sse-0.4.3-py3-none-any.whl (9.0 kB)
quality	Install quality tools	2026-10-03T14:59:40.9540670Z Downloading idna-3.20-py3-none-any.whl (69 kB)
quality	Install quality tools	2026-10-03T14:59:40.9652035Z Downloading jsonschema-4.26.0-py3-none-any.whl (90 kB)
quality	Install quality tools	2026-10-03T14:59:40.9763660Z Downloading attrs-26.1.0-py3-none-any.whl (67 kB)
quality	Install quality tools	2026-10-03T14:59:40.9874799Z Downloading jsonschema_specifications-2025.9.1-py3-none-any.whl (18 kB)
quality	Install quality tools	2026-10-03T14:59:40.9984888Z Downloading pydantic_settings-2.15.0-py3-none-any.whl (69 kB)
quality	Install quality tools	2026-10-03T14:59:41.0105136Z Downloading pyjwt-2.15.1-py3-none-any.whl (33 kB)
quality	Install quality tools	2026-10-03T14:59:41.0215365Z Downloading cryptography-50.0.2-cp311-abi3-manylinux_2_34_x86_64.whl (4.8 MB)
quality	Install quality tools	2026-10-03T14:59:41.0908747Z    ━━━━━━━━━━━━━━━━━━━━━━━━━━━━━━━━━━━━━━━━ 4.8/4.8 MB 68.2 MB/s  0:00:00
quality	Install quality tools	2026-10-03T14:59:41.1006746Z Downloading cffi-2.1.1-cp313-cp313-manylinux2014_x86_64.manylinux_2_17_x86_64.whl (221 kB)
quality	Install quality tools	2026-10-03T14:59:41.1127528Z Downloading python_dotenv-1.2.4-py3-none-any.whl (23 kB)
quality	Install quality tools	2026-10-03T14:59:41.1239174Z Downloading python_multipart-0.0.32-py3-none-any.whl (30 kB)
quality	Install quality tools	2026-10-03T14:59:41.1453996Z Downloading referencing-0.37.0-py3-none-any.whl (26 kB)
quality	Install quality tools	2026-10-03T14:59:41.4103954Z Downloading rpds_py-2026.6.3-cp313-cp313-manylinux_2_17_x86_64.manylinux2014_x86_64.whl (365 kB)
quality	Install quality tools	2026-10-03T14:59:41.4801384Z Downloading sse_starlette-3.5.0-py3-none-any.whl (17 kB)
quality	Install quality tools	2026-10-03T14:59:41.5096584Z Downloading starlette-1.7.0-py3-none-any.whl (78 kB)
quality	Install quality tools	2026-10-03T14:59:41.5398975Z Downloading typer-0.27.2-py3-none-any.whl (123 kB)
quality	Install quality tools	2026-10-03T14:59:41.5860201Z Downloading annotated_doc-0.0.5-py3-none-any.whl (5.3 kB)
quality	Install quality tools	2026-10-03T14:59:41.6562793Z Downloading rich-15.0.0-py3-none-any.whl (310 kB)
quality	Install quality tools	2026-10-03T14:59:41.7106136Z Downloading pygments-2.21.0-py3-none-any.whl (1.3 MB)
quality	Install quality tools	2026-10-03T14:59:41.7683349Z    ━━━━━━━━━━━━━━━━━━━━━━━━━━━━━━━━━━━━━━━━ 1.3/1.3 MB 17.9 MB/s  0:00:00
quality	Install quality tools	2026-10-03T14:59:41.7781455Z Downloading markdown_it_py-4.2.0-py3-none-any.whl (91 kB)
quality	Install quality tools	2026-10-03T14:59:41.8069716Z Downloading mdurl-0.1.2-py3-none-any.whl (10.0 kB)
quality	Install quality tools	2026-10-03T14:59:41.8371038Z Downloading shellingham-1.5.4-py2.py3-none-any.whl (9.8 kB)
quality	Install quality tools	2026-10-03T14:59:41.8668018Z Downloading typing_extensions-4.16.0-py3-none-any.whl (45 kB)
quality	Install quality tools	2026-10-03T14:59:41.8870312Z Downloading typing_inspection-0.4.4-py3-none-any.whl (14 kB)
quality	Install quality tools	2026-10-03T14:59:41.8985882Z Downloading uvicorn-0.54.0-py3-none-any.whl (87 kB)
quality	Install quality tools	2026-10-03T14:59:41.9985688Z Downloading click-8.5.0-py3-none-any.whl (125 kB)
quality	Install quality tools	2026-10-03T14:59:42.0279296Z Downloading certifi-2026.7.22-py3-none-any.whl (136 kB)
quality	Install quality tools	2026-10-03T14:59:42.0483894Z Downloading pycparser-3.0-py3-none-any.whl (48 kB)
quality	Install quality tools	2026-10-03T14:59:42.3172664Z Building wheels for collected packages: packet-tracer-mcp
quality	Install quality tools	2026-10-03T14:59:42.3179177Z   Building editable for packet-tracer-mcp (pyproject.toml): started
quality	Install quality tools	2026-10-03T14:59:42.3472077Z   Building editable for packet-tracer-mcp (pyproject.toml): finished with status 'done'
quality	Install quality tools	2026-10-03T14:59:42.3476635Z   Created wheel for packet-tracer-mcp: filename=packet_tracer_mcp-0.8.0-py3-none-any.whl size=3665 sha256=b2e9d302d47cb5c8f4f60e8b9e62681d8ae93b48470b34e865af4bb5cf825565
quality	Install quality tools	2026-10-03T14:59:42.3477987Z   Stored in directory: /tmp/pip-ephem-wheel-cache-cqbjpqbk/wheels/ee/ea/d8/f4d1435975a760fb8724f7d0536d152ef219b0cc45a3e2d8d4
quality	Install quality tools	2026-10-03T14:59:42.3489695Z Successfully built packet-tracer-mcp
quality	Install quality tools	2026-10-03T14:59:42.4007388Z Installing collected packages: typing-extensions, shellingham, ruff, rpds-py, python-multipart, python-dotenv, pyjwt, pygments, pycparser, mdurl, idna, httpx-sse, h11, click, certifi, attrs, annotated-types, annotated-doc, uvicorn, typing-inspection, referencing, pydantic-core, markdown-it-py, httpcore, cffi, anyio, starlette, rich, pydantic, jsonschema-specifications, httpx, cryptography, typer, sse-starlette, pydantic-settings, jsonschema, mcp, packet-tracer-mcp
quality	Install quality tools	2026-10-03T14:59:46.6598561Z 
quality	Install quality tools	2026-10-03T14:59:46.6630146Z Successfully installed annotated-doc-0.0.5 annotated-types-0.8.0 anyio-4.15.1 attrs-26.1.0 certifi-2026.7.22 cffi-2.1.1 click-8.5.0 cryptography-50.0.2 h11-0.16.0 httpcore-1.0.9 httpx-0.28.1 httpx-sse-0.4.3 idna-3.20 jsonschema-4.26.0 jsonschema-specifications-2025.9.1 markdown-it-py-4.2.0 mcp-1.30.0 mdurl-0.1.2 packet-tracer-mcp-0.8.0 pycparser-3.0 pydantic-2.13.5 pydantic-core-2.46.5 pydantic-settings-2.15.0 pygments-2.21.0 pyjwt-2.15.1 python-dotenv-1.2.4 python-multipart-0.0.32 referencing-0.37.0 rich-15.0.0 rpds-py-2026.6.3 ruff-0.16.7 shellingham-1.5.4 sse-starlette-3.5.0 starlette-1.7.0 typer-0.27.2 typing-extensions-4.16.0 typing-inspection-0.4.4 uvicorn-0.54.0
quality	Resolve comparison base	﻿2026-10-03T14:59:46.7816669Z ##[group]Run default_base="origin/$DEFAULT_BRANCH"
quality	Resolve comparison base	2026-10-03T14:59:46.7817002Z ^[[36;1mdefault_base="origin/$DEFAULT_BRANCH"^[[0m
quality	Resolve comparison base	2026-10-03T14:59:46.7817275Z ^[[36;1mif [[ "$EVENT_NAME" == "pull_request" ]]; then^[[0m
quality	Resolve comparison base	2026-10-03T14:59:46.7817529Z ^[[36;1m  comparison="$PR_BASE_SHA"^[[0m
quality	Resolve comparison base	2026-10-03T14:59:46.7817778Z ^[[36;1melif [[ "$REF_NAME" == "$DEFAULT_BRANCH" ]] \^[[0m
quality	Resolve comparison base	2026-10-03T14:59:46.7818244Z ^[[36;1m  && git cat-file -e "$PUSH_BEFORE_SHA^{commit}" 2>/dev/null; then^[[0m
quality	Resolve comparison base	2026-10-03T14:59:46.7818563Z ^[[36;1m  comparison="$PUSH_BEFORE_SHA"^[[0m
quality	Resolve comparison base	2026-10-03T14:59:46.7818781Z ^[[36;1melse^[[0m
quality	Resolve comparison base	2026-10-03T14:59:46.7818956Z ^[[36;1m  comparison="$default_base"^[[0m
quality	Resolve comparison base	2026-10-03T14:59:46.7819157Z ^[[36;1mfi^[[0m
quality	Resolve comparison base	2026-10-03T14:59:46.7819345Z ^[[36;1mecho "ref=$comparison" >> "$GITHUB_OUTPUT"^[[0m
quality	Resolve comparison base	2026-10-03T14:59:46.7876398Z shell: /usr/bin/bash --noprofile --norc -e -o pipefail {0}
quality	Resolve comparison base	2026-10-03T14:59:46.7876684Z env:
quality	Resolve comparison base	2026-10-03T14:59:46.7876909Z   pythonLocation: /opt/hostedtoolcache/Python/3.13.15/x64
quality	Resolve comparison base	2026-10-03T14:59:46.7877300Z   PKG_CONFIG_PATH: /opt/hostedtoolcache/Python/3.13.15/x64/lib/pkgconfig
quality	Resolve comparison base	2026-10-03T14:59:46.7877636Z   Python_ROOT_DIR: /opt/hostedtoolcache/Python/3.13.15/x64
quality	Resolve comparison base	2026-10-03T14:59:46.7877936Z   Python2_ROOT_DIR: /opt/hostedtoolcache/Python/3.13.15/x64
quality	Resolve comparison base	2026-10-03T14:59:46.7878230Z   Python3_ROOT_DIR: /opt/hostedtoolcache/Python/3.13.15/x64
quality	Resolve comparison base	2026-10-03T14:59:46.7878525Z   LD_LIBRARY_PATH: /opt/hostedtoolcache/Python/3.13.15/x64/lib
quality	Resolve comparison base	2026-10-03T14:59:46.7878792Z   DEFAULT_BRANCH: main
quality	Resolve comparison base	2026-10-03T14:59:46.7878971Z   EVENT_NAME: push
quality	Resolve comparison base	2026-10-03T14:59:46.7879133Z   PR_BASE_SHA: 
quality	Resolve comparison base	2026-10-03T14:59:46.7879340Z   PUSH_BEFORE_SHA: 4696f8df842ad6b84316f5a1fb8cafcf9b6e04b6
quality	Resolve comparison base	2026-10-03T14:59:46.7879624Z   REF_NAME: feature/server-pt-goal-foundations
quality	Resolve comparison base	2026-10-03T14:59:46.7879854Z ##[endgroup]
quality	Run Ruff lint and format gate	﻿2026-10-03T14:59:46.8002830Z ##[group]Run .venv/bin/python scripts/quality_gate.py \
quality	Run Ruff lint and format gate	2026-10-03T14:59:46.8003175Z ^[[36;1m.venv/bin/python scripts/quality_gate.py \^[[0m
quality	Run Ruff lint and format gate	2026-10-03T14:59:46.8003440Z ^[[36;1m  --base "origin/main" \^[[0m
quality	Run Ruff lint and format gate	2026-10-03T14:59:46.8003685Z ^[[36;1m  --delivery-commit "$GITHUB_SHA"^[[0m
quality	Run Ruff lint and format gate	2026-10-03T14:59:46.8052306Z shell: /usr/bin/bash -e {0}
quality	Run Ruff lint and format gate	2026-10-03T14:59:46.8052519Z env:
quality	Run Ruff lint and format gate	2026-10-03T14:59:46.8052740Z   pythonLocation: /opt/hostedtoolcache/Python/3.13.15/x64
quality	Run Ruff lint and format gate	2026-10-03T14:59:46.8053087Z   PKG_CONFIG_PATH: /opt/hostedtoolcache/Python/3.13.15/x64/lib/pkgconfig
quality	Run Ruff lint and format gate	2026-10-03T14:59:46.8053465Z   Python_ROOT_DIR: /opt/hostedtoolcache/Python/3.13.15/x64
quality	Run Ruff lint and format gate	2026-10-03T14:59:46.8053776Z   Python2_ROOT_DIR: /opt/hostedtoolcache/Python/3.13.15/x64
quality	Run Ruff lint and format gate	2026-10-03T14:59:46.8054074Z   Python3_ROOT_DIR: /opt/hostedtoolcache/Python/3.13.15/x64
quality	Run Ruff lint and format gate	2026-10-03T14:59:46.8054372Z   LD_LIBRARY_PATH: /opt/hostedtoolcache/Python/3.13.15/x64/lib
quality	Run Ruff lint and format gate	2026-10-03T14:59:46.8054626Z ##[endgroup]
quality	Run Ruff lint and format gate	2026-10-03T14:59:48.7166095Z Delivery validation: clean tree at exact commit ec3b01f84896c9a392f7cc142443460c9d76b8eb.
quality	Run Ruff lint and format gate	2026-10-03T14:59:48.7167137Z Comparison base: origin/main -> 6263344e31ba3b0de6539d652f2cd06fc73a3562
quality	Run Ruff lint and format gate	2026-10-03T14:59:48.7167747Z Merge base: 6263344e31ba3b0de6539d652f2cd06fc73a3562
quality	Run Ruff lint and format gate	2026-10-03T14:59:48.7168205Z Changed Python files: 327
quality	Run Ruff lint and format gate	2026-10-03T14:59:48.7168568Z Mechanical-only exempt: 0
quality	Run Ruff lint and format gate	2026-10-03T14:59:48.7168959Z Immutable evidence exempt: 2
quality	Run Ruff lint and format gate	2026-10-03T14:59:48.7169613Z Immutable evidence: docs/reference/server-pt/evidence/dhcp-autonomy-02/e1/lead/launch_owned_lab.py
quality	Run Ruff lint and format gate	2026-10-03T14:59:48.7170579Z Immutable evidence: docs/reference/server-pt/evidence/dhcp-autonomy-02/e1/lead/run_qualification.py
quality	Run Ruff lint and format gate	2026-10-03T14:59:48.7171300Z Ruff-gated Python files: 325
quality	Run Ruff lint and format gate	2026-10-03T14:59:48.8216704Z All checks passed!
quality	Run Ruff lint and format gate	2026-10-03T14:59:48.8666585Z All checks passed!
quality	Run Ruff lint and format gate	2026-10-03T14:59:48.9081931Z All checks passed!
quality	Run Ruff lint and format gate	2026-10-03T14:59:48.9527522Z All checks passed!
quality	Run Ruff lint and format gate	2026-10-03T14:59:48.9801536Z All checks passed!
quality	Run Ruff lint and format gate	2026-10-03T14:59:49.0240438Z 66 files already formatted
quality	Run Ruff lint and format gate	2026-10-03T14:59:49.0725223Z 66 files already formatted
quality	Run Ruff lint and format gate	2026-10-03T14:59:49.1145825Z 86 files already formatted
quality	Run Ruff lint and format gate	2026-10-03T14:59:49.1603164Z 91 files already formatted
quality	Run Ruff lint and format gate	2026-10-03T14:59:49.1889970Z 16 files already formatted
quality	Check whitespace	﻿2026-10-03T14:59:49.2010153Z ##[group]Run git diff --check "origin/main...HEAD"
quality	Check whitespace	2026-10-03T14:59:49.2010472Z ^[[36;1mgit diff --check "origin/main...HEAD"^[[0m
quality	Check whitespace	2026-10-03T14:59:49.2064927Z shell: /usr/bin/bash -e {0}
quality	Check whitespace	2026-10-03T14:59:49.2065295Z env:
quality	Check whitespace	2026-10-03T14:59:49.2065519Z   pythonLocation: /opt/hostedtoolcache/Python/3.13.15/x64
quality	Check whitespace	2026-10-03T14:59:49.2065891Z   PKG_CONFIG_PATH: /opt/hostedtoolcache/Python/3.13.15/x64/lib/pkgconfig
quality	Check whitespace	2026-10-03T14:59:49.2066416Z   Python_ROOT_DIR: /opt/hostedtoolcache/Python/3.13.15/x64
quality	Check whitespace	2026-10-03T14:59:49.2066718Z   Python2_ROOT_DIR: /opt/hostedtoolcache/Python/3.13.15/x64
quality	Check whitespace	2026-10-03T14:59:49.2067017Z   Python3_ROOT_DIR: /opt/hostedtoolcache/Python/3.13.15/x64
quality	Check whitespace	2026-10-03T14:59:49.2067313Z   LD_LIBRARY_PATH: /opt/hostedtoolcache/Python/3.13.15/x64/lib
quality	Check whitespace	2026-10-03T14:59:49.2067571Z ##[endgroup]
quality	Post Run actions/setup-python@v5	﻿2026-10-03T14:59:49.3240471Z Post job cleanup.
quality	Post Run actions/setup-python@v5	2026-10-03T14:59:49.4183363Z (node:2410) [DEP0040] DeprecationWarning: The `punycode` module is deprecated. Please use a userland alternative instead.
quality	Post Run actions/setup-python@v5	2026-10-03T14:59:49.4184013Z (Use `node --trace-deprecation ...` to show where the warning was created)
quality	Post Run actions/checkout@v4	﻿2026-10-03T14:59:49.4330141Z Post job cleanup.
quality	Post Run actions/checkout@v4	2026-10-03T14:59:49.5003587Z [command]/usr/bin/git version
quality	Post Run actions/checkout@v4	2026-10-03T14:59:49.5038399Z git version 2.55.0
quality	Post Run actions/checkout@v4	2026-10-03T14:59:49.5068059Z Temporarily overriding HOME='/home/runner/work/_temp/b1917586-10cf-4ef5-b73a-02f3403ccadf' before making global git config changes
quality	Post Run actions/checkout@v4	2026-10-03T14:59:49.5069354Z Adding repository directory to the temporary git global config as a safe directory
quality	Post Run actions/checkout@v4	2026-10-03T14:59:49.5072421Z [command]/usr/bin/git config --global --add safe.directory /home/runner/work/cisco-muejeje/cisco-muejeje
quality	Post Run actions/checkout@v4	2026-10-03T14:59:49.5104425Z [command]/usr/bin/git config --local --name-only --get-regexp core\.sshCommand
quality	Post Run actions/checkout@v4	2026-10-03T14:59:49.5133142Z [command]/usr/bin/git submodule foreach --recursive sh -c "git config --local --name-only --get-regexp 'core\.sshCommand' && git config --local --unset-all 'core.sshCommand' || :"
quality	Post Run actions/checkout@v4	2026-10-03T14:59:49.5367571Z [command]/usr/bin/git config --local --name-only --get-regexp http\.https\:\/\/github\.com\/\.extraheader
quality	Post Run actions/checkout@v4	2026-10-03T14:59:49.5397107Z [command]/usr/bin/git submodule foreach --recursive sh -c "git config --local --name-only --get-regexp 'http\.https\:\/\/github\.com\/\.extraheader' && git config --local --unset-all 'http.https://github.com/.extraheader' || :"
quality	Post Run actions/checkout@v4	2026-10-03T14:59:49.5615632Z [command]/usr/bin/git config --local --name-only --get-regexp ^includeIf\.gitdir:
quality	Post Run actions/checkout@v4	2026-10-03T14:59:49.5646463Z [command]/usr/bin/git submodule foreach --recursive git config --local --show-origin --name-only --get-regexp remote.origin.url
quality	Complete job	﻿2026-10-03T14:59:49.5976599Z Cleaning up orphan processes
quality	Complete job	2026-10-03T14:59:49.6228388Z ##[warning]Node.js 20 is deprecated. The following actions target Node.js 20 but are being forced to run on Node.js 24: actions/checkout@v4, actions/setup-python@v5. For more information see: https://github.blog/changelog/2025-09-19-deprecation-of-node-20-on-github-actions-runners/
pytest (ubuntu-latest, 3.13)	Set up job	﻿2026-10-03T14:59:24.5215366Z Current runner version: '2.337.0'
pytest (ubuntu-latest, 3.13)	Set up job	2026-10-03T14:59:24.5233366Z ##[group]Runner Image Provisioner
pytest (ubuntu-latest, 3.13)	Set up job	2026-10-03T14:59:24.5233931Z Hosted Compute Agent
pytest (ubuntu-latest, 3.13)	Set up job	2026-10-03T14:59:24.5234291Z Version: 20260901.588
pytest (ubuntu-latest, 3.13)	Set up job	2026-10-03T14:59:24.5234747Z Commit: f88ec8081b781fac6c440065ac7ff9e710ce3d0b
pytest (ubuntu-latest, 3.13)	Set up job	2026-10-03T14:59:24.5235233Z Build Date: 2026-09-01T19:56:44Z
pytest (ubuntu-latest, 3.13)	Set up job	2026-10-03T14:59:24.5235685Z Worker ID: {9cd0989a-fd39-42fe-bb3c-8dfc73f8649f}
pytest (ubuntu-latest, 3.13)	Set up job	2026-10-03T14:59:24.5236313Z Azure Region: centralus
pytest (ubuntu-latest, 3.13)	Set up job	2026-10-03T14:59:24.5236660Z ##[endgroup]
pytest (ubuntu-latest, 3.13)	Set up job	2026-10-03T14:59:24.5237869Z ##[group]Operating System
pytest (ubuntu-latest, 3.13)	Set up job	2026-10-03T14:59:24.5238283Z Ubuntu
pytest (ubuntu-latest, 3.13)	Set up job	2026-10-03T14:59:24.5238650Z 24.04.5
pytest (ubuntu-latest, 3.13)	Set up job	2026-10-03T14:59:24.5239052Z LTS
pytest (ubuntu-latest, 3.13)	Set up job	2026-10-03T14:59:24.5239386Z ##[endgroup]
pytest (ubuntu-latest, 3.13)	Set up job	2026-10-03T14:59:24.5239779Z ##[group]Runner Image
pytest (ubuntu-latest, 3.13)	Set up job	2026-10-03T14:59:24.5240182Z Image: ubuntu-24.04
pytest (ubuntu-latest, 3.13)	Set up job	2026-10-03T14:59:24.5240535Z Version: 20260927.320.1
pytest (ubuntu-latest, 3.13)	Set up job	2026-10-03T14:59:24.5241243Z Included Software: https://github.com/actions/runner-images/blob/ubuntu24/20260927.320/images/ubuntu/Ubuntu2404-Readme.md
pytest (ubuntu-latest, 3.13)	Set up job	2026-10-03T14:59:24.5242302Z Image Release: https://github.com/actions/runner-images/releases/tag/ubuntu24%2F20260927.320
pytest (ubuntu-latest, 3.13)	Set up job	2026-10-03T14:59:24.5242920Z ##[endgroup]
pytest (ubuntu-latest, 3.13)	Set up job	2026-10-03T14:59:24.5243667Z ##[group]GITHUB_TOKEN Permissions
pytest (ubuntu-latest, 3.13)	Set up job	2026-10-03T14:59:24.5244848Z Contents: read
pytest (ubuntu-latest, 3.13)	Set up job	2026-10-03T14:59:24.5245256Z Metadata: read
pytest (ubuntu-latest, 3.13)	Set up job	2026-10-03T14:59:24.5245658Z ##[endgroup]
pytest (ubuntu-latest, 3.13)	Set up job	2026-10-03T14:59:24.5247073Z Secret source: Actions
pytest (ubuntu-latest, 3.13)	Set up job	2026-10-03T14:59:24.5247689Z Cache mode: write
pytest (ubuntu-latest, 3.13)	Set up job	2026-10-03T14:59:24.5248153Z Prepare workflow directory
pytest (ubuntu-latest, 3.13)	Set up job	2026-10-03T14:59:24.5525110Z Prepare all required actions
pytest (ubuntu-latest, 3.13)	Set up job	2026-10-03T14:59:24.5556319Z Getting action download info
pytest (ubuntu-latest, 3.13)	Set up job	2026-10-03T14:59:24.7839668Z Download action repository 'actions/checkout@v4' (SHA:11d5960a326750d5838078e36cf38b85af677262)
pytest (ubuntu-latest, 3.13)	Set up job	2026-10-03T14:59:24.8586354Z Download action repository 'actions/setup-python@v5' (SHA:a26af69be951a213d495a4c3e4e4022e16d87065)
pytest (ubuntu-latest, 3.13)	Set up job	2026-10-03T14:59:25.0030411Z Complete job name: pytest (ubuntu-latest, 3.13)
pytest (ubuntu-latest, 3.13)	Run actions/checkout@v4	﻿2026-10-03T14:59:25.0457892Z ##[group]Run actions/checkout@v4
pytest (ubuntu-latest, 3.13)	Run actions/checkout@v4	2026-10-03T14:59:25.0458326Z with:
pytest (ubuntu-latest, 3.13)	Run actions/checkout@v4	2026-10-03T14:59:25.0458556Z   fetch-depth: 0
pytest (ubuntu-latest, 3.13)	Run actions/checkout@v4	2026-10-03T14:59:25.0458806Z   persist-credentials: false
pytest (ubuntu-latest, 3.13)	Run actions/checkout@v4	2026-10-03T14:59:25.0459092Z   repository: andres18113/cisco-muejeje
pytest (ubuntu-latest, 3.13)	Run actions/checkout@v4	2026-10-03T14:59:25.0460994Z   token: ***
pytest (ubuntu-latest, 3.13)	Run actions/checkout@v4	2026-10-03T14:59:25.0461228Z   ssh-strict: true
pytest (ubuntu-latest, 3.13)	Run actions/checkout@v4	2026-10-03T14:59:25.0461469Z   ssh-user: git
pytest (ubuntu-latest, 3.13)	Run actions/checkout@v4	2026-10-03T14:59:25.0461702Z   clean: true
pytest (ubuntu-latest, 3.13)	Run actions/checkout@v4	2026-10-03T14:59:25.0461946Z   sparse-checkout-cone-mode: true
pytest (ubuntu-latest, 3.13)	Run actions/checkout@v4	2026-10-03T14:59:25.0462224Z   fetch-tags: false
pytest (ubuntu-latest, 3.13)	Run actions/checkout@v4	2026-10-03T14:59:25.0462467Z   show-progress: true
pytest (ubuntu-latest, 3.13)	Run actions/checkout@v4	2026-10-03T14:59:25.0462711Z   lfs: false
pytest (ubuntu-latest, 3.13)	Run actions/checkout@v4	2026-10-03T14:59:25.0462942Z   submodules: false
pytest (ubuntu-latest, 3.13)	Run actions/checkout@v4	2026-10-03T14:59:25.0463191Z   set-safe-directory: true
pytest (ubuntu-latest, 3.13)	Run actions/checkout@v4	2026-10-03T14:59:25.0463465Z   allow-unsafe-pr-checkout: false
pytest (ubuntu-latest, 3.13)	Run actions/checkout@v4	2026-10-03T14:59:25.0463805Z env:
pytest (ubuntu-latest, 3.13)	Run actions/checkout@v4	2026-10-03T14:59:25.0464145Z   PT_MCP_BRIDGE_TOKEN: ci-token-long-enough-to-be-considered-valid-0123456789
pytest (ubuntu-latest, 3.13)	Run actions/checkout@v4	2026-10-03T14:59:25.0464549Z ##[endgroup]
pytest (ubuntu-latest, 3.13)	Run actions/checkout@v4	2026-10-03T14:59:25.1114499Z Syncing repository: andres18113/cisco-muejeje
pytest (ubuntu-latest, 3.13)	Run actions/checkout@v4	2026-10-03T14:59:25.1116568Z ##[group]Getting Git version info
pytest (ubuntu-latest, 3.13)	Run actions/checkout@v4	2026-10-03T14:59:25.1117261Z Working directory is '/home/runner/work/cisco-muejeje/cisco-muejeje'
pytest (ubuntu-latest, 3.13)	Run actions/checkout@v4	2026-10-03T14:59:25.1122039Z [command]/usr/bin/git version
pytest (ubuntu-latest, 3.13)	Run actions/checkout@v4	2026-10-03T14:59:25.1233801Z git version 2.55.0
pytest (ubuntu-latest, 3.13)	Run actions/checkout@v4	2026-10-03T14:59:25.1248862Z ##[endgroup]
pytest (ubuntu-latest, 3.13)	Run actions/checkout@v4	2026-10-03T14:59:25.1259646Z Temporarily overriding HOME='/home/runner/work/_temp/63728c00-724d-4c1d-b7a3-bee48d90ec15' before making global git config changes
pytest (ubuntu-latest, 3.13)	Run actions/checkout@v4	2026-10-03T14:59:25.1260879Z Adding repository directory to the temporary git global config as a safe directory
pytest (ubuntu-latest, 3.13)	Run actions/checkout@v4	2026-10-03T14:59:25.1263093Z [command]/usr/bin/git config --global --add safe.directory /home/runner/work/cisco-muejeje/cisco-muejeje
pytest (ubuntu-latest, 3.13)	Run actions/checkout@v4	2026-10-03T14:59:25.1309232Z Deleting the contents of '/home/runner/work/cisco-muejeje/cisco-muejeje'
pytest (ubuntu-latest, 3.13)	Run actions/checkout@v4	2026-10-03T14:59:25.1313292Z ##[group]Initializing the repository
pytest (ubuntu-latest, 3.13)	Run actions/checkout@v4	2026-10-03T14:59:25.1317048Z [command]/usr/bin/git init /home/runner/work/cisco-muejeje/cisco-muejeje
pytest (ubuntu-latest, 3.13)	Run actions/checkout@v4	2026-10-03T14:59:25.1424114Z hint: Using 'master' as the name for the initial branch. This default branch name
pytest (ubuntu-latest, 3.13)	Run actions/checkout@v4	2026-10-03T14:59:25.1425557Z hint: will change to "main" in Git 3.0. To configure the initial branch name
pytest (ubuntu-latest, 3.13)	Run actions/checkout@v4	2026-10-03T14:59:25.1426528Z hint: to use in all of your new repositories, which will suppress this warning,
pytest (ubuntu-latest, 3.13)	Run actions/checkout@v4	2026-10-03T14:59:25.1427162Z hint: call:
pytest (ubuntu-latest, 3.13)	Run actions/checkout@v4	2026-10-03T14:59:25.1427515Z hint:
pytest (ubuntu-latest, 3.13)	Run actions/checkout@v4	2026-10-03T14:59:25.1427944Z hint: 	git config --global init.defaultBranch <name>
pytest (ubuntu-latest, 3.13)	Run actions/checkout@v4	2026-10-03T14:59:25.1428455Z hint:
pytest (ubuntu-latest, 3.13)	Run actions/checkout@v4	2026-10-03T14:59:25.1428956Z hint: Names commonly chosen instead of 'master' are 'main', 'trunk' and
pytest (ubuntu-latest, 3.13)	Run actions/checkout@v4	2026-10-03T14:59:25.1429799Z hint: 'development'. The just-created branch can be renamed via this command:
pytest (ubuntu-latest, 3.13)	Run actions/checkout@v4	2026-10-03T14:59:25.1430445Z hint:
pytest (ubuntu-latest, 3.13)	Run actions/checkout@v4	2026-10-03T14:59:25.1430815Z hint: 	git branch -m <name>
pytest (ubuntu-latest, 3.13)	Run actions/checkout@v4	2026-10-03T14:59:25.1431232Z hint:
pytest (ubuntu-latest, 3.13)	Run actions/checkout@v4	2026-10-03T14:59:25.1431764Z hint: Disable this message with "git config set advice.defaultBranchName false"
pytest (ubuntu-latest, 3.13)	Run actions/checkout@v4	2026-10-03T14:59:25.1432877Z Initialized empty Git repository in /home/runner/work/cisco-muejeje/cisco-muejeje/.git/
pytest (ubuntu-latest, 3.13)	Run actions/checkout@v4	2026-10-03T14:59:25.1438368Z [command]/usr/bin/git remote add origin https://github.com/andres18113/cisco-muejeje
pytest (ubuntu-latest, 3.13)	Run actions/checkout@v4	2026-10-03T14:59:25.1497854Z ##[endgroup]
pytest (ubuntu-latest, 3.13)	Run actions/checkout@v4	2026-10-03T14:59:25.1498583Z ##[group]Disabling automatic garbage collection
pytest (ubuntu-latest, 3.13)	Run actions/checkout@v4	2026-10-03T14:59:25.1499206Z [command]/usr/bin/git config --local gc.auto 0
pytest (ubuntu-latest, 3.13)	Run actions/checkout@v4	2026-10-03T14:59:25.1532961Z ##[endgroup]
pytest (ubuntu-latest, 3.13)	Run actions/checkout@v4	2026-10-03T14:59:25.1533501Z ##[group]Setting up auth
pytest (ubuntu-latest, 3.13)	Run actions/checkout@v4	2026-10-03T14:59:25.1538957Z [command]/usr/bin/git config --local --name-only --get-regexp core\.sshCommand
pytest (ubuntu-latest, 3.13)	Run actions/checkout@v4	2026-10-03T14:59:25.1569086Z [command]/usr/bin/git submodule foreach --recursive sh -c "git config --local --name-only --get-regexp 'core\.sshCommand' && git config --local --unset-all 'core.sshCommand' || :"
pytest (ubuntu-latest, 3.13)	Run actions/checkout@v4	2026-10-03T14:59:25.1860228Z [command]/usr/bin/git config --local --name-only --get-regexp http\.https\:\/\/github\.com\/\.extraheader
pytest (ubuntu-latest, 3.13)	Run actions/checkout@v4	2026-10-03T14:59:25.1888174Z [command]/usr/bin/git submodule foreach --recursive sh -c "git config --local --name-only --get-regexp 'http\.https\:\/\/github\.com\/\.extraheader' && git config --local --unset-all 'http.https://github.com/.extraheader' || :"
pytest (ubuntu-latest, 3.13)	Run actions/checkout@v4	2026-10-03T14:59:25.2063197Z [command]/usr/bin/git config --local --name-only --get-regexp ^includeIf\.gitdir:
pytest (ubuntu-latest, 3.13)	Run actions/checkout@v4	2026-10-03T14:59:25.2091149Z [command]/usr/bin/git submodule foreach --recursive git config --local --show-origin --name-only --get-regexp remote.origin.url
pytest (ubuntu-latest, 3.13)	Run actions/checkout@v4	2026-10-03T14:59:25.2261086Z [command]/usr/bin/git config --local http.https://github.com/.extraheader AUTHORIZATION: basic ***
pytest (ubuntu-latest, 3.13)	Run actions/checkout@v4	2026-10-03T14:59:25.2292435Z ##[endgroup]
pytest (ubuntu-latest, 3.13)	Run actions/checkout@v4	2026-10-03T14:59:25.2293061Z ##[group]Fetching the repository
pytest (ubuntu-latest, 3.13)	Run actions/checkout@v4	2026-10-03T14:59:25.2298673Z [command]/usr/bin/git -c protocol.version=2 fetch --prune --no-recurse-submodules origin +refs/heads/*:refs/remotes/origin/* +refs/tags/*:refs/tags/*
pytest (ubuntu-latest, 3.13)	Run actions/checkout@v4	2026-10-03T14:59:28.3109665Z From https://github.com/andres18113/cisco-muejeje
pytest (ubuntu-latest, 3.13)	Run actions/checkout@v4	2026-10-03T14:59:28.3112169Z  * [new branch]      feature/iot-connectivity -> origin/feature/iot-connectivity
pytest (ubuntu-latest, 3.13)	Run actions/checkout@v4	2026-10-03T14:59:28.3113834Z  * [new branch]      feature/server-pt-goal-foundations -> origin/feature/server-pt-goal-foundations
pytest (ubuntu-latest, 3.13)	Run actions/checkout@v4	2026-10-03T14:59:28.3115946Z  * [new branch]      feature/server-pt-s0-observation-integrity -> origin/feature/server-pt-s0-observation-integrity
pytest (ubuntu-latest, 3.13)	Run actions/checkout@v4	2026-10-03T14:59:28.3118007Z  * [new branch]      feature/server-pt-s1-product-entry -> origin/feature/server-pt-s1-product-entry
pytest (ubuntu-latest, 3.13)	Run actions/checkout@v4	2026-10-03T14:59:28.3119789Z  * [new branch]      feature/server-pt-s2-mail -> origin/feature/server-pt-s2-mail
pytest (ubuntu-latest, 3.13)	Run actions/checkout@v4	2026-10-03T14:59:28.3121184Z  * [new branch]      feature/server-pt-s3-dhcp -> origin/feature/server-pt-s3-dhcp
pytest (ubuntu-latest, 3.13)	Run actions/checkout@v4	2026-10-03T14:59:28.3122790Z  * [new branch]      feature/server-pt-s4a-qualification-runner -> origin/feature/server-pt-s4a-qualification-runner
pytest (ubuntu-latest, 3.13)	Run actions/checkout@v4	2026-10-03T14:59:28.3124145Z  * [new branch]      main       -> origin/main
pytest (ubuntu-latest, 3.13)	Run actions/checkout@v4	2026-10-03T14:59:28.3126630Z [command]/usr/bin/git branch --list --remote origin/feature/server-pt-goal-foundations
pytest (ubuntu-latest, 3.13)	Run actions/checkout@v4	2026-10-03T14:59:28.3143786Z   origin/feature/server-pt-goal-foundations
pytest (ubuntu-latest, 3.13)	Run actions/checkout@v4	2026-10-03T14:59:28.3150468Z [command]/usr/bin/git rev-parse refs/remotes/origin/feature/server-pt-goal-foundations
pytest (ubuntu-latest, 3.13)	Run actions/checkout@v4	2026-10-03T14:59:28.3170054Z ec3b01f84896c9a392f7cc142443460c9d76b8eb
pytest (ubuntu-latest, 3.13)	Run actions/checkout@v4	2026-10-03T14:59:28.3173028Z ##[endgroup]
pytest (ubuntu-latest, 3.13)	Run actions/checkout@v4	2026-10-03T14:59:28.3173993Z ##[group]Determining the checkout info
pytest (ubuntu-latest, 3.13)	Run actions/checkout@v4	2026-10-03T14:59:28.3175189Z ##[endgroup]
pytest (ubuntu-latest, 3.13)	Run actions/checkout@v4	2026-10-03T14:59:28.3214594Z [command]/usr/bin/git sparse-checkout disable
pytest (ubuntu-latest, 3.13)	Run actions/checkout@v4	2026-10-03T14:59:28.3255228Z [command]/usr/bin/git config --local --unset-all extensions.worktreeConfig
pytest (ubuntu-latest, 3.13)	Run actions/checkout@v4	2026-10-03T14:59:28.3280740Z ##[group]Checking out the ref
pytest (ubuntu-latest, 3.13)	Run actions/checkout@v4	2026-10-03T14:59:28.3283309Z [command]/usr/bin/git checkout --progress --force -B feature/server-pt-goal-foundations refs/remotes/origin/feature/server-pt-goal-foundations
pytest (ubuntu-latest, 3.13)	Run actions/checkout@v4	2026-10-03T14:59:29.0813970Z Switched to a new branch 'feature/server-pt-goal-foundations'
pytest (ubuntu-latest, 3.13)	Run actions/checkout@v4	2026-10-03T14:59:29.0816268Z branch 'feature/server-pt-goal-foundations' set up to track 'origin/feature/server-pt-goal-foundations'.
pytest (ubuntu-latest, 3.13)	Run actions/checkout@v4	2026-10-03T14:59:29.0842838Z ##[endgroup]
pytest (ubuntu-latest, 3.13)	Run actions/checkout@v4	2026-10-03T14:59:29.0883935Z [command]/usr/bin/git log -1 --format=%H
pytest (ubuntu-latest, 3.13)	Run actions/checkout@v4	2026-10-03T14:59:29.0907331Z ec3b01f84896c9a392f7cc142443460c9d76b8eb
pytest (ubuntu-latest, 3.13)	Run actions/checkout@v4	2026-10-03T14:59:29.0914220Z ##[group]Removing auth
pytest (ubuntu-latest, 3.13)	Run actions/checkout@v4	2026-10-03T14:59:29.0916881Z [command]/usr/bin/git config --local --name-only --get-regexp core\.sshCommand
pytest (ubuntu-latest, 3.13)	Run actions/checkout@v4	2026-10-03T14:59:29.0944185Z [command]/usr/bin/git submodule foreach --recursive sh -c "git config --local --name-only --get-regexp 'core\.sshCommand' && git config --local --unset-all 'core.sshCommand' || :"
pytest (ubuntu-latest, 3.13)	Run actions/checkout@v4	2026-10-03T14:59:29.1124617Z [command]/usr/bin/git config --local --name-only --get-regexp http\.https\:\/\/github\.com\/\.extraheader
pytest (ubuntu-latest, 3.13)	Run actions/checkout@v4	2026-10-03T14:59:29.1149467Z http.https://github.com/.extraheader
pytest (ubuntu-latest, 3.13)	Run actions/checkout@v4	2026-10-03T14:59:29.1155142Z [command]/usr/bin/git config --local --unset-all http.https://github.com/.extraheader
pytest (ubuntu-latest, 3.13)	Run actions/checkout@v4	2026-10-03T14:59:29.1195302Z [command]/usr/bin/git submodule foreach --recursive sh -c "git config --local --name-only --get-regexp 'http\.https\:\/\/github\.com\/\.extraheader' && git config --local --unset-all 'http.https://github.com/.extraheader' || :"
pytest (ubuntu-latest, 3.13)	Run actions/checkout@v4	2026-10-03T14:59:29.1368613Z [command]/usr/bin/git config --local --name-only --get-regexp ^includeIf\.gitdir:
pytest (ubuntu-latest, 3.13)	Run actions/checkout@v4	2026-10-03T14:59:29.1394178Z [command]/usr/bin/git submodule foreach --recursive git config --local --show-origin --name-only --get-regexp remote.origin.url
pytest (ubuntu-latest, 3.13)	Run actions/checkout@v4	2026-10-03T14:59:29.1565512Z ##[endgroup]
pytest (ubuntu-latest, 3.13)	Run actions/setup-python@v5	﻿2026-10-03T14:59:29.1747485Z ##[group]Run actions/setup-python@v5
pytest (ubuntu-latest, 3.13)	Run actions/setup-python@v5	2026-10-03T14:59:29.1747698Z with:
pytest (ubuntu-latest, 3.13)	Run actions/setup-python@v5	2026-10-03T14:59:29.1747848Z   python-version: 3.13
pytest (ubuntu-latest, 3.13)	Run actions/setup-python@v5	2026-10-03T14:59:29.1748009Z   check-latest: false
pytest (ubuntu-latest, 3.13)	Run actions/setup-python@v5	2026-10-03T14:59:29.1749430Z   token: ***
pytest (ubuntu-latest, 3.13)	Run actions/setup-python@v5	2026-10-03T14:59:29.1749584Z   update-environment: true
pytest (ubuntu-latest, 3.13)	Run actions/setup-python@v5	2026-10-03T14:59:29.1749760Z   allow-prereleases: false
pytest (ubuntu-latest, 3.13)	Run actions/setup-python@v5	2026-10-03T14:59:29.1749927Z   freethreaded: false
pytest (ubuntu-latest, 3.13)	Run actions/setup-python@v5	2026-10-03T14:59:29.1750075Z env:
pytest (ubuntu-latest, 3.13)	Run actions/setup-python@v5	2026-10-03T14:59:29.1750300Z   PT_MCP_BRIDGE_TOKEN: ci-token-long-enough-to-be-considered-valid-0123456789
pytest (ubuntu-latest, 3.13)	Run actions/setup-python@v5	2026-10-03T14:59:29.1750561Z ##[endgroup]
pytest (ubuntu-latest, 3.13)	Run actions/setup-python@v5	2026-10-03T14:59:29.2598708Z ##[group]Installed versions
pytest (ubuntu-latest, 3.13)	Run actions/setup-python@v5	2026-10-03T14:59:29.2682058Z Successfully set up CPython (3.13.15)
pytest (ubuntu-latest, 3.13)	Run actions/setup-python@v5	2026-10-03T14:59:29.2682723Z ##[endgroup]
pytest (ubuntu-latest, 3.13)	Run actions/setup-python@v5	2026-10-03T14:59:29.2717076Z (node:2197) [DEP0040] DeprecationWarning: The `punycode` module is deprecated. Please use a userland alternative instead.
pytest (ubuntu-latest, 3.13)	Run actions/setup-python@v5	2026-10-03T14:59:29.2717809Z (Use `node --trace-deprecation ...` to show where the warning was created)
pytest (ubuntu-latest, 3.13)	Create checkout-local environment	﻿2026-10-03T14:59:29.2759408Z ##[group]Run python -m venv .venv
pytest (ubuntu-latest, 3.13)	Create checkout-local environment	2026-10-03T14:59:29.2759707Z ^[[36;1mpython -m venv .venv^[[0m
pytest (ubuntu-latest, 3.13)	Create checkout-local environment	2026-10-03T14:59:29.3021151Z shell: /usr/bin/bash -e {0}
pytest (ubuntu-latest, 3.13)	Create checkout-local environment	2026-10-03T14:59:29.3021444Z env:
pytest (ubuntu-latest, 3.13)	Create checkout-local environment	2026-10-03T14:59:29.3021713Z   PT_MCP_BRIDGE_TOKEN: ci-token-long-enough-to-be-considered-valid-0123456789
pytest (ubuntu-latest, 3.13)	Create checkout-local environment	2026-10-03T14:59:29.3022036Z   pythonLocation: /opt/hostedtoolcache/Python/3.13.15/x64
pytest (ubuntu-latest, 3.13)	Create checkout-local environment	2026-10-03T14:59:29.3022353Z   PKG_CONFIG_PATH: /opt/hostedtoolcache/Python/3.13.15/x64/lib/pkgconfig
pytest (ubuntu-latest, 3.13)	Create checkout-local environment	2026-10-03T14:59:29.3022634Z   Python_ROOT_DIR: /opt/hostedtoolcache/Python/3.13.15/x64
pytest (ubuntu-latest, 3.13)	Create checkout-local environment	2026-10-03T14:59:29.3022888Z   Python2_ROOT_DIR: /opt/hostedtoolcache/Python/3.13.15/x64
pytest (ubuntu-latest, 3.13)	Create checkout-local environment	2026-10-03T14:59:29.3023143Z   Python3_ROOT_DIR: /opt/hostedtoolcache/Python/3.13.15/x64
pytest (ubuntu-latest, 3.13)	Create checkout-local environment	2026-10-03T14:59:29.3023618Z   LD_LIBRARY_PATH: /opt/hostedtoolcache/Python/3.13.15/x64/lib
pytest (ubuntu-latest, 3.13)	Create checkout-local environment	2026-10-03T14:59:29.3023849Z ##[endgroup]
pytest (ubuntu-latest, 3.13)	Install (Ubuntu)	﻿2026-10-03T14:59:31.3026293Z ##[group]Run .venv/bin/python -m pip install --upgrade pip
pytest (ubuntu-latest, 3.13)	Install (Ubuntu)	2026-10-03T14:59:31.3026616Z ^[[36;1m.venv/bin/python -m pip install --upgrade pip^[[0m
pytest (ubuntu-latest, 3.13)	Install (Ubuntu)	2026-10-03T14:59:31.3026839Z ^[[36;1m.venv/bin/python -m pip install -e ".[test,quality]"^[[0m
pytest (ubuntu-latest, 3.13)	Install (Ubuntu)	2026-10-03T14:59:31.3144767Z shell: /usr/bin/bash -e {0}
pytest (ubuntu-latest, 3.13)	Install (Ubuntu)	2026-10-03T14:59:31.3144962Z env:
pytest (ubuntu-latest, 3.13)	Install (Ubuntu)	2026-10-03T14:59:31.3145187Z   PT_MCP_BRIDGE_TOKEN: ci-token-long-enough-to-be-considered-valid-0123456789
pytest (ubuntu-latest, 3.13)	Install (Ubuntu)	2026-10-03T14:59:31.3145481Z   pythonLocation: /opt/hostedtoolcache/Python/3.13.15/x64
pytest (ubuntu-latest, 3.13)	Install (Ubuntu)	2026-10-03T14:59:31.3145831Z   PKG_CONFIG_PATH: /opt/hostedtoolcache/Python/3.13.15/x64/lib/pkgconfig
pytest (ubuntu-latest, 3.13)	Install (Ubuntu)	2026-10-03T14:59:31.3146135Z   Python_ROOT_DIR: /opt/hostedtoolcache/Python/3.13.15/x64
pytest (ubuntu-latest, 3.13)	Install (Ubuntu)	2026-10-03T14:59:31.3146360Z   Python2_ROOT_DIR: /opt/hostedtoolcache/Python/3.13.15/x64
pytest (ubuntu-latest, 3.13)	Install (Ubuntu)	2026-10-03T14:59:31.3146583Z   Python3_ROOT_DIR: /opt/hostedtoolcache/Python/3.13.15/x64
pytest (ubuntu-latest, 3.13)	Install (Ubuntu)	2026-10-03T14:59:31.3146798Z   LD_LIBRARY_PATH: /opt/hostedtoolcache/Python/3.13.15/x64/lib
pytest (ubuntu-latest, 3.13)	Install (Ubuntu)	2026-10-03T14:59:31.3146985Z ##[endgroup]
pytest (ubuntu-latest, 3.13)	Install (Ubuntu)	2026-10-03T14:59:31.5653903Z Requirement already satisfied: pip in ./.venv/lib/python3.13/site-packages (26.2.1)
pytest (ubuntu-latest, 3.13)	Install (Ubuntu)	2026-10-03T14:59:31.9388846Z Obtaining file:///home/runner/work/cisco-muejeje/cisco-muejeje
pytest (ubuntu-latest, 3.13)	Install (Ubuntu)	2026-10-03T14:59:31.9398567Z   Installing build dependencies: started
pytest (ubuntu-latest, 3.13)	Install (Ubuntu)	2026-10-03T14:59:32.6201625Z   Installing build dependencies: finished with status 'done'
pytest (ubuntu-latest, 3.13)	Install (Ubuntu)	2026-10-03T14:59:32.6205936Z   Checking if build backend supports build_editable: started
pytest (ubuntu-latest, 3.13)	Install (Ubuntu)	2026-10-03T14:59:32.6451111Z   Checking if build backend supports build_editable: finished with status 'done'
pytest (ubuntu-latest, 3.13)	Install (Ubuntu)	2026-10-03T14:59:32.6455917Z   Getting requirements to build editable: started
pytest (ubuntu-latest, 3.13)	Install (Ubuntu)	2026-10-03T14:59:32.7404226Z   Getting requirements to build editable: finished with status 'done'
pytest (ubuntu-latest, 3.13)	Install (Ubuntu)	2026-10-03T14:59:32.7412912Z   Installing backend dependencies: started
pytest (ubuntu-latest, 3.13)	Install (Ubuntu)	2026-10-03T14:59:33.1185046Z   Installing backend dependencies: finished with status 'done'
pytest (ubuntu-latest, 3.13)	Install (Ubuntu)	2026-10-03T14:59:33.1190199Z   Preparing editable metadata (pyproject.toml): started
pytest (ubuntu-latest, 3.13)	Install (Ubuntu)	2026-10-03T14:59:33.2361262Z   Preparing editable metadata (pyproject.toml): finished with status 'done'
pytest (ubuntu-latest, 3.13)	Install (Ubuntu)	2026-10-03T14:59:33.3142557Z Collecting mcp<2,>=1.13 (from mcp[cli]<2,>=1.13->packet-tracer-mcp==0.8.0)
pytest (ubuntu-latest, 3.13)	Install (Ubuntu)	2026-10-03T14:59:33.3691764Z   Downloading mcp-1.30.0-py3-none-any.whl.metadata (9.3 kB)
pytest (ubuntu-latest, 3.13)	Install (Ubuntu)	2026-10-03T14:59:33.4612927Z Collecting pydantic<3,>=2.11 (from packet-tracer-mcp==0.8.0)
pytest (ubuntu-latest, 3.13)	Install (Ubuntu)	2026-10-03T14:59:33.4711892Z   Downloading pydantic-2.13.5-py3-none-any.whl.metadata (110 kB)
pytest (ubuntu-latest, 3.13)	Install (Ubuntu)	2026-10-03T14:59:33.6798985Z Collecting ruff==0.16.7 (from packet-tracer-mcp==0.8.0)
pytest (ubuntu-latest, 3.13)	Install (Ubuntu)	2026-10-03T14:59:33.6910549Z   Downloading ruff-0.16.7-py3-none-manylinux_2_17_x86_64.manylinux2014_x86_64.whl.metadata (20 kB)
pytest (ubuntu-latest, 3.13)	Install (Ubuntu)	2026-10-03T14:59:33.7152874Z Collecting pytest>=8 (from packet-tracer-mcp==0.8.0)
pytest (ubuntu-latest, 3.13)	Install (Ubuntu)	2026-10-03T14:59:33.7251693Z   Downloading pytest-9.1.1-py3-none-any.whl.metadata (7.6 kB)
pytest (ubuntu-latest, 3.13)	Install (Ubuntu)	2026-10-03T14:59:33.7456808Z Collecting anyio>=4.5 (from mcp<2,>=1.13->mcp[cli]<2,>=1.13->packet-tracer-mcp==0.8.0)
pytest (ubuntu-latest, 3.13)	Install (Ubuntu)	2026-10-03T14:59:33.7553780Z   Downloading anyio-4.15.1-py3-none-any.whl.metadata (4.7 kB)
pytest (ubuntu-latest, 3.13)	Install (Ubuntu)	2026-10-03T14:59:33.7724765Z Collecting httpx-sse>=0.4 (from mcp<2,>=1.13->mcp[cli]<2,>=1.13->packet-tracer-mcp==0.8.0)
pytest (ubuntu-latest, 3.13)	Install (Ubuntu)	2026-10-03T14:59:33.7824561Z   Downloading httpx_sse-0.4.3-py3-none-any.whl.metadata (9.7 kB)
pytest (ubuntu-latest, 3.13)	Install (Ubuntu)	2026-10-03T14:59:33.8027796Z Collecting httpx<1.0.0,>=0.27.1 (from mcp<2,>=1.13->mcp[cli]<2,>=1.13->packet-tracer-mcp==0.8.0)
pytest (ubuntu-latest, 3.13)	Install (Ubuntu)	2026-10-03T14:59:33.8127678Z   Downloading httpx-0.28.1-py3-none-any.whl.metadata (7.1 kB)
pytest (ubuntu-latest, 3.13)	Install (Ubuntu)	2026-10-03T14:59:33.8343617Z Collecting jsonschema>=4.20.0 (from mcp<2,>=1.13->mcp[cli]<2,>=1.13->packet-tracer-mcp==0.8.0)
pytest (ubuntu-latest, 3.13)	Install (Ubuntu)	2026-10-03T14:59:33.8442249Z   Downloading jsonschema-4.26.0-py3-none-any.whl.metadata (7.6 kB)
pytest (ubuntu-latest, 3.13)	Install (Ubuntu)	2026-10-03T14:59:33.8635453Z Collecting pydantic-settings>=2.5.2 (from mcp<2,>=1.13->mcp[cli]<2,>=1.13->packet-tracer-mcp==0.8.0)
pytest (ubuntu-latest, 3.13)	Install (Ubuntu)	2026-10-03T14:59:33.8734335Z   Downloading pydantic_settings-2.15.0-py3-none-any.whl.metadata (3.9 kB)
pytest (ubuntu-latest, 3.13)	Install (Ubuntu)	2026-10-03T14:59:33.8926321Z Collecting pyjwt>=2.10.1 (from pyjwt[crypto]>=2.10.1->mcp<2,>=1.13->mcp[cli]<2,>=1.13->packet-tracer-mcp==0.8.0)
pytest (ubuntu-latest, 3.13)	Install (Ubuntu)	2026-10-03T14:59:33.9023972Z   Downloading pyjwt-2.15.1-py3-none-any.whl.metadata (3.5 kB)
pytest (ubuntu-latest, 3.13)	Install (Ubuntu)	2026-10-03T14:59:33.9208021Z Collecting python-multipart>=0.0.9 (from mcp<2,>=1.13->mcp[cli]<2,>=1.13->packet-tracer-mcp==0.8.0)
pytest (ubuntu-latest, 3.13)	Install (Ubuntu)	2026-10-03T14:59:33.9304791Z   Downloading python_multipart-0.0.32-py3-none-any.whl.metadata (2.1 kB)
pytest (ubuntu-latest, 3.13)	Install (Ubuntu)	2026-10-03T14:59:33.9504064Z Collecting sse-starlette>=1.6.1 (from mcp<2,>=1.13->mcp[cli]<2,>=1.13->packet-tracer-mcp==0.8.0)
pytest (ubuntu-latest, 3.13)	Install (Ubuntu)	2026-10-03T14:59:33.9602642Z   Downloading sse_starlette-3.5.0-py3-none-any.whl.metadata (15 kB)
pytest (ubuntu-latest, 3.13)	Install (Ubuntu)	2026-10-03T14:59:33.9844625Z Collecting starlette>=0.27 (from mcp<2,>=1.13->mcp[cli]<2,>=1.13->packet-tracer-mcp==0.8.0)
pytest (ubuntu-latest, 3.13)	Install (Ubuntu)	2026-10-03T14:59:33.9942236Z   Downloading starlette-1.7.0-py3-none-any.whl.metadata (6.6 kB)
pytest (ubuntu-latest, 3.13)	Install (Ubuntu)	2026-10-03T14:59:34.0139521Z Collecting typing-extensions>=4.9.0 (from mcp<2,>=1.13->mcp[cli]<2,>=1.13->packet-tracer-mcp==0.8.0)
pytest (ubuntu-latest, 3.13)	Install (Ubuntu)	2026-10-03T14:59:34.0238179Z   Downloading typing_extensions-4.16.0-py3-none-any.whl.metadata (3.3 kB)
pytest (ubuntu-latest, 3.13)	Install (Ubuntu)	2026-10-03T14:59:34.0407378Z Collecting typing-inspection>=0.4.1 (from mcp<2,>=1.13->mcp[cli]<2,>=1.13->packet-tracer-mcp==0.8.0)
pytest (ubuntu-latest, 3.13)	Install (Ubuntu)	2026-10-03T14:59:34.0504752Z   Downloading typing_inspection-0.4.4-py3-none-any.whl.metadata (2.6 kB)
pytest (ubuntu-latest, 3.13)	Install (Ubuntu)	2026-10-03T14:59:34.0727333Z Collecting uvicorn>=0.31.1 (from mcp<2,>=1.13->mcp[cli]<2,>=1.13->packet-tracer-mcp==0.8.0)
pytest (ubuntu-latest, 3.13)	Install (Ubuntu)	2026-10-03T14:59:34.0825128Z   Downloading uvicorn-0.54.0-py3-none-any.whl.metadata (6.6 kB)
pytest (ubuntu-latest, 3.13)	Install (Ubuntu)	2026-10-03T14:59:34.1040012Z Collecting certifi (from httpx<1.0.0,>=0.27.1->mcp<2,>=1.13->mcp[cli]<2,>=1.13->packet-tracer-mcp==0.8.0)
pytest (ubuntu-latest, 3.13)	Install (Ubuntu)	2026-10-03T14:59:34.1137081Z   Downloading certifi-2026.7.22-py3-none-any.whl.metadata (2.5 kB)
pytest (ubuntu-latest, 3.13)	Install (Ubuntu)	2026-10-03T14:59:34.1340604Z Collecting httpcore==1.* (from httpx<1.0.0,>=0.27.1->mcp<2,>=1.13->mcp[cli]<2,>=1.13->packet-tracer-mcp==0.8.0)
pytest (ubuntu-latest, 3.13)	Install (Ubuntu)	2026-10-03T14:59:34.1440675Z   Downloading httpcore-1.0.9-py3-none-any.whl.metadata (21 kB)
pytest (ubuntu-latest, 3.13)	Install (Ubuntu)	2026-10-03T14:59:34.1632467Z Collecting idna (from httpx<1.0.0,>=0.27.1->mcp<2,>=1.13->mcp[cli]<2,>=1.13->packet-tracer-mcp==0.8.0)
pytest (ubuntu-latest, 3.13)	Install (Ubuntu)	2026-10-03T14:59:34.1729968Z   Downloading idna-3.20-py3-none-any.whl.metadata (7.2 kB)
pytest (ubuntu-latest, 3.13)	Install (Ubuntu)	2026-10-03T14:59:34.1911801Z Collecting h11>=0.16 (from httpcore==1.*->httpx<1.0.0,>=0.27.1->mcp<2,>=1.13->mcp[cli]<2,>=1.13->packet-tracer-mcp==0.8.0)
pytest (ubuntu-latest, 3.13)	Install (Ubuntu)	2026-10-03T14:59:34.2010068Z   Downloading h11-0.16.0-py3-none-any.whl.metadata (8.3 kB)
pytest (ubuntu-latest, 3.13)	Install (Ubuntu)	2026-10-03T14:59:34.2213369Z Collecting python-dotenv>=1.0.0 (from mcp[cli]<2,>=1.13->packet-tracer-mcp==0.8.0)
pytest (ubuntu-latest, 3.13)	Install (Ubuntu)	2026-10-03T14:59:34.2316041Z   Downloading python_dotenv-1.2.4-py3-none-any.whl.metadata (29 kB)
pytest (ubuntu-latest, 3.13)	Install (Ubuntu)	2026-10-03T14:59:34.2533589Z Collecting typer>=0.16.0 (from mcp[cli]<2,>=1.13->packet-tracer-mcp==0.8.0)
pytest (ubuntu-latest, 3.13)	Install (Ubuntu)	2026-10-03T14:59:34.2631742Z   Downloading typer-0.27.2-py3-none-any.whl.metadata (16 kB)
pytest (ubuntu-latest, 3.13)	Install (Ubuntu)	2026-10-03T14:59:34.2807669Z Collecting annotated-types>=0.6.0 (from pydantic<3,>=2.11->packet-tracer-mcp==0.8.0)
pytest (ubuntu-latest, 3.13)	Install (Ubuntu)	2026-10-03T14:59:34.2904722Z   Downloading annotated_types-0.8.0-py3-none-any.whl.metadata (15 kB)
pytest (ubuntu-latest, 3.13)	Install (Ubuntu)	2026-10-03T14:59:34.6213020Z Collecting pydantic-core==2.46.5 (from pydantic<3,>=2.11->packet-tracer-mcp==0.8.0)
pytest (ubuntu-latest, 3.13)	Install (Ubuntu)	2026-10-03T14:59:34.6314968Z   Downloading pydantic_core-2.46.5-cp313-cp313-manylinux_2_17_x86_64.manylinux2014_x86_64.whl.metadata (6.6 kB)
pytest (ubuntu-latest, 3.13)	Install (Ubuntu)	2026-10-03T14:59:34.6542572Z Collecting attrs>=22.2.0 (from jsonschema>=4.20.0->mcp<2,>=1.13->mcp[cli]<2,>=1.13->packet-tracer-mcp==0.8.0)
pytest (ubuntu-latest, 3.13)	Install (Ubuntu)	2026-10-03T14:59:34.6641025Z   Downloading attrs-26.1.0-py3-none-any.whl.metadata (8.8 kB)
pytest (ubuntu-latest, 3.13)	Install (Ubuntu)	2026-10-03T14:59:34.6829424Z Collecting jsonschema-specifications>=2023.03.6 (from jsonschema>=4.20.0->mcp<2,>=1.13->mcp[cli]<2,>=1.13->packet-tracer-mcp==0.8.0)
pytest (ubuntu-latest, 3.13)	Install (Ubuntu)	2026-10-03T14:59:34.6926644Z   Downloading jsonschema_specifications-2025.9.1-py3-none-any.whl.metadata (2.9 kB)
pytest (ubuntu-latest, 3.13)	Install (Ubuntu)	2026-10-03T14:59:34.7136109Z Collecting referencing>=0.28.4 (from jsonschema>=4.20.0->mcp<2,>=1.13->mcp[cli]<2,>=1.13->packet-tracer-mcp==0.8.0)
pytest (ubuntu-latest, 3.13)	Install (Ubuntu)	2026-10-03T14:59:34.7234708Z   Downloading referencing-0.37.0-py3-none-any.whl.metadata (2.8 kB)
pytest (ubuntu-latest, 3.13)	Install (Ubuntu)	2026-10-03T14:59:34.8751789Z Collecting rpds-py>=0.25.0 (from jsonschema>=4.20.0->mcp<2,>=1.13->mcp[cli]<2,>=1.13->packet-tracer-mcp==0.8.0)
pytest (ubuntu-latest, 3.13)	Install (Ubuntu)	2026-10-03T14:59:34.8853091Z   Downloading rpds_py-2026.6.3-cp313-cp313-manylinux_2_17_x86_64.manylinux2014_x86_64.whl.metadata (4.1 kB)
pytest (ubuntu-latest, 3.13)	Install (Ubuntu)	2026-10-03T14:59:34.9837289Z Collecting cryptography>=3.4.0 (from pyjwt[crypto]>=2.10.1->mcp<2,>=1.13->mcp[cli]<2,>=1.13->packet-tracer-mcp==0.8.0)
pytest (ubuntu-latest, 3.13)	Install (Ubuntu)	2026-10-03T14:59:34.9936793Z   Downloading cryptography-50.0.2-cp311-abi3-manylinux_2_34_x86_64.whl.metadata (4.4 kB)
pytest (ubuntu-latest, 3.13)	Install (Ubuntu)	2026-10-03T14:59:35.0521325Z Collecting cffi>=2.0.0 (from cryptography>=3.4.0->pyjwt[crypto]>=2.10.1->mcp<2,>=1.13->mcp[cli]<2,>=1.13->packet-tracer-mcp==0.8.0)
pytest (ubuntu-latest, 3.13)	Install (Ubuntu)	2026-10-03T14:59:35.0618859Z   Downloading cffi-2.1.1-cp313-cp313-manylinux2014_x86_64.manylinux_2_17_x86_64.whl.metadata (2.5 kB)
pytest (ubuntu-latest, 3.13)	Install (Ubuntu)	2026-10-03T14:59:35.0790045Z Collecting pycparser (from cffi>=2.0.0->cryptography>=3.4.0->pyjwt[crypto]>=2.10.1->mcp<2,>=1.13->mcp[cli]<2,>=1.13->packet-tracer-mcp==0.8.0)
pytest (ubuntu-latest, 3.13)	Install (Ubuntu)	2026-10-03T14:59:35.0886468Z   Downloading pycparser-3.0-py3-none-any.whl.metadata (8.2 kB)
pytest (ubuntu-latest, 3.13)	Install (Ubuntu)	2026-10-03T14:59:35.1056327Z Collecting iniconfig>=1.0.1 (from pytest>=8->packet-tracer-mcp==0.8.0)
pytest (ubuntu-latest, 3.13)	Install (Ubuntu)	2026-10-03T14:59:35.1153063Z   Downloading iniconfig-2.3.0-py3-none-any.whl.metadata (2.5 kB)
pytest (ubuntu-latest, 3.13)	Install (Ubuntu)	2026-10-03T14:59:35.1206279Z Collecting packaging>=22 (from pytest>=8->packet-tracer-mcp==0.8.0)
pytest (ubuntu-latest, 3.13)	Install (Ubuntu)	2026-10-03T14:59:35.1213311Z   Using cached packaging-26.3-py3-none-any.whl.metadata (3.5 kB)
pytest (ubuntu-latest, 3.13)	Install (Ubuntu)	2026-10-03T14:59:35.1244032Z Collecting pluggy<2,>=1.5 (from pytest>=8->packet-tracer-mcp==0.8.0)
pytest (ubuntu-latest, 3.13)	Install (Ubuntu)	2026-10-03T14:59:35.1251190Z   Using cached pluggy-1.6.0-py3-none-any.whl.metadata (4.8 kB)
pytest (ubuntu-latest, 3.13)	Install (Ubuntu)	2026-10-03T14:59:35.1438283Z Collecting pygments>=2.7.2 (from pytest>=8->packet-tracer-mcp==0.8.0)
pytest (ubuntu-latest, 3.13)	Install (Ubuntu)	2026-10-03T14:59:35.1536115Z   Downloading pygments-2.21.0-py3-none-any.whl.metadata (2.5 kB)
pytest (ubuntu-latest, 3.13)	Install (Ubuntu)	2026-10-03T14:59:35.1776565Z Collecting shellingham>=1.3.0 (from typer>=0.16.0->mcp[cli]<2,>=1.13->packet-tracer-mcp==0.8.0)
pytest (ubuntu-latest, 3.13)	Install (Ubuntu)	2026-10-03T14:59:35.1876583Z   Downloading shellingham-1.5.4-py2.py3-none-any.whl.metadata (3.5 kB)
pytest (ubuntu-latest, 3.13)	Install (Ubuntu)	2026-10-03T14:59:35.2120369Z Collecting rich>=13.8.0 (from typer>=0.16.0->mcp[cli]<2,>=1.13->packet-tracer-mcp==0.8.0)
pytest (ubuntu-latest, 3.13)	Install (Ubuntu)	2026-10-03T14:59:35.2218779Z   Downloading rich-15.0.0-py3-none-any.whl.metadata (18 kB)
pytest (ubuntu-latest, 3.13)	Install (Ubuntu)	2026-10-03T14:59:35.2389133Z Collecting annotated-doc>=0.0.2 (from typer>=0.16.0->mcp[cli]<2,>=1.13->packet-tracer-mcp==0.8.0)
pytest (ubuntu-latest, 3.13)	Install (Ubuntu)	2026-10-03T14:59:35.2487000Z   Downloading annotated_doc-0.0.5-py3-none-any.whl.metadata (6.5 kB)
pytest (ubuntu-latest, 3.13)	Install (Ubuntu)	2026-10-03T14:59:35.2678150Z Collecting markdown-it-py>=2.2.0 (from rich>=13.8.0->typer>=0.16.0->mcp[cli]<2,>=1.13->packet-tracer-mcp==0.8.0)
pytest (ubuntu-latest, 3.13)	Install (Ubuntu)	2026-10-03T14:59:35.2775390Z   Downloading markdown_it_py-4.2.0-py3-none-any.whl.metadata (7.4 kB)
pytest (ubuntu-latest, 3.13)	Install (Ubuntu)	2026-10-03T14:59:35.2963538Z Collecting mdurl~=0.1 (from markdown-it-py>=2.2.0->rich>=13.8.0->typer>=0.16.0->mcp[cli]<2,>=1.13->packet-tracer-mcp==0.8.0)
pytest (ubuntu-latest, 3.13)	Install (Ubuntu)	2026-10-03T14:59:35.3062448Z   Downloading mdurl-0.1.2-py3-none-any.whl.metadata (1.6 kB)
pytest (ubuntu-latest, 3.13)	Install (Ubuntu)	2026-10-03T14:59:35.3273686Z Collecting click>=7.0 (from uvicorn>=0.31.1->mcp<2,>=1.13->mcp[cli]<2,>=1.13->packet-tracer-mcp==0.8.0)
pytest (ubuntu-latest, 3.13)	Install (Ubuntu)	2026-10-03T14:59:35.3371380Z   Downloading click-8.5.0-py3-none-any.whl.metadata (2.6 kB)
pytest (ubuntu-latest, 3.13)	Install (Ubuntu)	2026-10-03T14:59:35.3509060Z Downloading ruff-0.16.7-py3-none-manylinux_2_17_x86_64.manylinux2014_x86_64.whl (10.4 MB)
pytest (ubuntu-latest, 3.13)	Install (Ubuntu)	2026-10-03T14:59:35.5027321Z    ━━━━━━━━━━━━━━━━━━━━━━━━━━━━━━━━━━━━━━━━ 10.4/10.4 MB 76.6 MB/s  0:00:00
pytest (ubuntu-latest, 3.13)	Install (Ubuntu)	2026-10-03T14:59:35.5127839Z Downloading mcp-1.30.0-py3-none-any.whl (234 kB)
pytest (ubuntu-latest, 3.13)	Install (Ubuntu)	2026-10-03T14:59:35.5246961Z Downloading httpx-0.28.1-py3-none-any.whl (73 kB)
pytest (ubuntu-latest, 3.13)	Install (Ubuntu)	2026-10-03T14:59:35.5357118Z Downloading httpcore-1.0.9-py3-none-any.whl (78 kB)
pytest (ubuntu-latest, 3.13)	Install (Ubuntu)	2026-10-03T14:59:35.5471098Z Downloading pydantic-2.13.5-py3-none-any.whl (472 kB)
pytest (ubuntu-latest, 3.13)	Install (Ubuntu)	2026-10-03T14:59:35.5592567Z Downloading pydantic_core-2.46.5-cp313-cp313-manylinux_2_17_x86_64.manylinux2014_x86_64.whl (2.1 MB)
pytest (ubuntu-latest, 3.13)	Install (Ubuntu)	2026-10-03T14:59:35.5709925Z    ━━━━━━━━━━━━━━━━━━━━━━━━━━━━━━━━━━━━━━━━ 2.1/2.1 MB 173.3 MB/s  0:00:00
pytest (ubuntu-latest, 3.13)	Install (Ubuntu)	2026-10-03T14:59:35.5807099Z Downloading annotated_types-0.8.0-py3-none-any.whl (13 kB)
pytest (ubuntu-latest, 3.13)	Install (Ubuntu)	2026-10-03T14:59:35.5922024Z Downloading anyio-4.15.1-py3-none-any.whl (132 kB)
pytest (ubuntu-latest, 3.13)	Install (Ubuntu)	2026-10-03T14:59:35.6035117Z Downloading h11-0.16.0-py3-none-any.whl (37 kB)
pytest (ubuntu-latest, 3.13)	Install (Ubuntu)	2026-10-03T14:59:35.6150364Z Downloading httpx_sse-0.4.3-py3-none-any.whl (9.0 kB)
pytest (ubuntu-latest, 3.13)	Install (Ubuntu)	2026-10-03T14:59:35.6260411Z Downloading idna-3.20-py3-none-any.whl (69 kB)
pytest (ubuntu-latest, 3.13)	Install (Ubuntu)	2026-10-03T14:59:35.6371408Z Downloading jsonschema-4.26.0-py3-none-any.whl (90 kB)
pytest (ubuntu-latest, 3.13)	Install (Ubuntu)	2026-10-03T14:59:35.6486008Z Downloading attrs-26.1.0-py3-none-any.whl (67 kB)
pytest (ubuntu-latest, 3.13)	Install (Ubuntu)	2026-10-03T14:59:35.6595414Z Downloading jsonschema_specifications-2025.9.1-py3-none-any.whl (18 kB)
pytest (ubuntu-latest, 3.13)	Install (Ubuntu)	2026-10-03T14:59:35.6704019Z Downloading pydantic_settings-2.15.0-py3-none-any.whl (69 kB)
pytest (ubuntu-latest, 3.13)	Install (Ubuntu)	2026-10-03T14:59:35.6815495Z Downloading pyjwt-2.15.1-py3-none-any.whl (33 kB)
pytest (ubuntu-latest, 3.13)	Install (Ubuntu)	2026-10-03T14:59:35.6927871Z Downloading cryptography-50.0.2-cp311-abi3-manylinux_2_34_x86_64.whl (4.8 MB)
pytest (ubuntu-latest, 3.13)	Install (Ubuntu)	2026-10-03T14:59:35.7214599Z    ━━━━━━━━━━━━━━━━━━━━━━━━━━━━━━━━━━━━━━━━ 4.8/4.8 MB 164.4 MB/s  0:00:00
pytest (ubuntu-latest, 3.13)	Install (Ubuntu)	2026-10-03T14:59:35.7312506Z Downloading cffi-2.1.1-cp313-cp313-manylinux2014_x86_64.manylinux_2_17_x86_64.whl (221 kB)
pytest (ubuntu-latest, 3.13)	Install (Ubuntu)	2026-10-03T14:59:35.7428405Z Downloading pytest-9.1.1-py3-none-any.whl (386 kB)
pytest (ubuntu-latest, 3.13)	Install (Ubuntu)	2026-10-03T14:59:35.7453161Z Using cached pluggy-1.6.0-py3-none-any.whl (20 kB)
pytest (ubuntu-latest, 3.13)	Install (Ubuntu)	2026-10-03T14:59:35.7550841Z Downloading iniconfig-2.3.0-py3-none-any.whl (7.5 kB)
pytest (ubuntu-latest, 3.13)	Install (Ubuntu)	2026-10-03T14:59:35.7570046Z Using cached packaging-26.3-py3-none-any.whl (129 kB)
pytest (ubuntu-latest, 3.13)	Install (Ubuntu)	2026-10-03T14:59:35.7668491Z Downloading pygments-2.21.0-py3-none-any.whl (1.3 MB)
pytest (ubuntu-latest, 3.13)	Install (Ubuntu)	2026-10-03T14:59:35.7711904Z    ━━━━━━━━━━━━━━━━━━━━━━━━━━━━━━━━━━━━━━━━ 1.3/1.3 MB 335.6 MB/s  0:00:00
pytest (ubuntu-latest, 3.13)	Install (Ubuntu)	2026-10-03T14:59:35.7809476Z Downloading python_dotenv-1.2.4-py3-none-any.whl (23 kB)
pytest (ubuntu-latest, 3.13)	Install (Ubuntu)	2026-10-03T14:59:35.7922337Z Downloading python_multipart-0.0.32-py3-none-any.whl (30 kB)
pytest (ubuntu-latest, 3.13)	Install (Ubuntu)	2026-10-03T14:59:35.8033556Z Downloading referencing-0.37.0-py3-none-any.whl (26 kB)
pytest (ubuntu-latest, 3.13)	Install (Ubuntu)	2026-10-03T14:59:35.8146975Z Downloading rpds_py-2026.6.3-cp313-cp313-manylinux_2_17_x86_64.manylinux2014_x86_64.whl (365 kB)
pytest (ubuntu-latest, 3.13)	Install (Ubuntu)	2026-10-03T14:59:35.8267221Z Downloading sse_starlette-3.5.0-py3-none-any.whl (17 kB)
pytest (ubuntu-latest, 3.13)	Install (Ubuntu)	2026-10-03T14:59:35.8378191Z Downloading starlette-1.7.0-py3-none-any.whl (78 kB)
pytest (ubuntu-latest, 3.13)	Install (Ubuntu)	2026-10-03T14:59:35.8490663Z Downloading typer-0.27.2-py3-none-any.whl (123 kB)
pytest (ubuntu-latest, 3.13)	Install (Ubuntu)	2026-10-03T14:59:35.8606186Z Downloading annotated_doc-0.0.5-py3-none-any.whl (5.3 kB)
pytest (ubuntu-latest, 3.13)	Install (Ubuntu)	2026-10-03T14:59:35.8715368Z Downloading rich-15.0.0-py3-none-any.whl (310 kB)
pytest (ubuntu-latest, 3.13)	Install (Ubuntu)	2026-10-03T14:59:35.8831638Z Downloading markdown_it_py-4.2.0-py3-none-any.whl (91 kB)
pytest (ubuntu-latest, 3.13)	Install (Ubuntu)	2026-10-03T14:59:35.8942973Z Downloading mdurl-0.1.2-py3-none-any.whl (10.0 kB)
pytest (ubuntu-latest, 3.13)	Install (Ubuntu)	2026-10-03T14:59:35.9054718Z Downloading shellingham-1.5.4-py2.py3-none-any.whl (9.8 kB)
pytest (ubuntu-latest, 3.13)	Install (Ubuntu)	2026-10-03T14:59:35.9165516Z Downloading typing_extensions-4.16.0-py3-none-any.whl (45 kB)
pytest (ubuntu-latest, 3.13)	Install (Ubuntu)	2026-10-03T14:59:35.9282922Z Downloading typing_inspection-0.4.4-py3-none-any.whl (14 kB)
pytest (ubuntu-latest, 3.13)	Install (Ubuntu)	2026-10-03T14:59:35.9395351Z Downloading uvicorn-0.54.0-py3-none-any.whl (87 kB)
pytest (ubuntu-latest, 3.13)	Install (Ubuntu)	2026-10-03T14:59:35.9509100Z Downloading click-8.5.0-py3-none-any.whl (125 kB)
pytest (ubuntu-latest, 3.13)	Install (Ubuntu)	2026-10-03T14:59:35.9622541Z Downloading certifi-2026.7.22-py3-none-any.whl (136 kB)
pytest (ubuntu-latest, 3.13)	Install (Ubuntu)	2026-10-03T14:59:35.9736561Z Downloading pycparser-3.0-py3-none-any.whl (48 kB)
pytest (ubuntu-latest, 3.13)	Install (Ubuntu)	2026-10-03T14:59:36.0373912Z Building wheels for collected packages: packet-tracer-mcp
pytest (ubuntu-latest, 3.13)	Install (Ubuntu)	2026-10-03T14:59:36.0379944Z   Building editable for packet-tracer-mcp (pyproject.toml): started
pytest (ubuntu-latest, 3.13)	Install (Ubuntu)	2026-10-03T14:59:36.0614806Z   Building editable for packet-tracer-mcp (pyproject.toml): finished with status 'done'
pytest (ubuntu-latest, 3.13)	Install (Ubuntu)	2026-10-03T14:59:36.0618737Z   Created wheel for packet-tracer-mcp: filename=packet_tracer_mcp-0.8.0-py3-none-any.whl size=3665 sha256=b2e9d302d47cb5c8f4f60e8b9e62681d8ae93b48470b34e865af4bb5cf825565
pytest (ubuntu-latest, 3.13)	Install (Ubuntu)	2026-10-03T14:59:36.0619848Z   Stored in directory: /tmp/pip-ephem-wheel-cache-2fv13lps/wheels/ee/ea/d8/f4d1435975a760fb8724f7d0536d152ef219b0cc45a3e2d8d4
pytest (ubuntu-latest, 3.13)	Install (Ubuntu)	2026-10-03T14:59:36.0628400Z Successfully built packet-tracer-mcp
pytest (ubuntu-latest, 3.13)	Install (Ubuntu)	2026-10-03T14:59:36.1020765Z Installing collected packages: typing-extensions, shellingham, ruff, rpds-py, python-multipart, python-dotenv, pyjwt, pygments, pycparser, pluggy, packaging, mdurl, iniconfig, idna, httpx-sse, h11, click, certifi, attrs, annotated-types, annotated-doc, uvicorn, typing-inspection, referencing, pytest, pydantic-core, markdown-it-py, httpcore, cffi, anyio, starlette, rich, pydantic, jsonschema-specifications, httpx, cryptography, typer, sse-starlette, pydantic-settings, jsonschema, mcp, packet-tracer-mcp
pytest (ubuntu-latest, 3.13)	Install (Ubuntu)	2026-10-03T14:59:38.0987773Z 
pytest (ubuntu-latest, 3.13)	Install (Ubuntu)	2026-10-03T14:59:38.1013358Z Successfully installed annotated-doc-0.0.5 annotated-types-0.8.0 anyio-4.15.1 attrs-26.1.0 certifi-2026.7.22 cffi-2.1.1 click-8.5.0 cryptography-50.0.2 h11-0.16.0 httpcore-1.0.9 httpx-0.28.1 httpx-sse-0.4.3 idna-3.20 iniconfig-2.3.0 jsonschema-4.26.0 jsonschema-specifications-2025.9.1 markdown-it-py-4.2.0 mcp-1.30.0 mdurl-0.1.2 packaging-26.3 packet-tracer-mcp-0.8.0 pluggy-1.6.0 pycparser-3.0 pydantic-2.13.5 pydantic-core-2.46.5 pydantic-settings-2.15.0 pygments-2.21.0 pyjwt-2.15.1 pytest-9.1.1 python-dotenv-1.2.4 python-multipart-0.0.32 referencing-0.37.0 rich-15.0.0 rpds-py-2026.6.3 ruff-0.16.7 shellingham-1.5.4 sse-starlette-3.5.0 starlette-1.7.0 typer-0.27.2 typing-extensions-4.16.0 typing-inspection-0.4.4 uvicorn-0.54.0
pytest (ubuntu-latest, 3.13)	Run tests (Ubuntu)	﻿2026-10-03T14:59:38.2115427Z ##[group]Run .venv/bin/python -m pytest -q -rs
pytest (ubuntu-latest, 3.13)	Run tests (Ubuntu)	2026-10-03T14:59:38.2115662Z ^[[36;1m.venv/bin/python -m pytest -q -rs^[[0m
pytest (ubuntu-latest, 3.13)	Run tests (Ubuntu)	2026-10-03T14:59:38.2168335Z shell: /usr/bin/bash -e {0}
pytest (ubuntu-latest, 3.13)	Run tests (Ubuntu)	2026-10-03T14:59:38.2168469Z env:
pytest (ubuntu-latest, 3.13)	Run tests (Ubuntu)	2026-10-03T14:59:38.2168655Z   PT_MCP_BRIDGE_TOKEN: ci-token-long-enough-to-be-considered-valid-0123456789
pytest (ubuntu-latest, 3.13)	Run tests (Ubuntu)	2026-10-03T14:59:38.2168918Z   pythonLocation: /opt/hostedtoolcache/Python/3.13.15/x64
pytest (ubuntu-latest, 3.13)	Run tests (Ubuntu)	2026-10-03T14:59:38.2169151Z   PKG_CONFIG_PATH: /opt/hostedtoolcache/Python/3.13.15/x64/lib/pkgconfig
pytest (ubuntu-latest, 3.13)	Run tests (Ubuntu)	2026-10-03T14:59:38.2169378Z   Python_ROOT_DIR: /opt/hostedtoolcache/Python/3.13.15/x64
pytest (ubuntu-latest, 3.13)	Run tests (Ubuntu)	2026-10-03T14:59:38.2169585Z   Python2_ROOT_DIR: /opt/hostedtoolcache/Python/3.13.15/x64
pytest (ubuntu-latest, 3.13)	Run tests (Ubuntu)	2026-10-03T14:59:38.2169789Z   Python3_ROOT_DIR: /opt/hostedtoolcache/Python/3.13.15/x64
pytest (ubuntu-latest, 3.13)	Run tests (Ubuntu)	2026-10-03T14:59:38.2170013Z   LD_LIBRARY_PATH: /opt/hostedtoolcache/Python/3.13.15/x64/lib
pytest (ubuntu-latest, 3.13)	Run tests (Ubuntu)	2026-10-03T14:59:38.2170187Z ##[endgroup]
pytest (ubuntu-latest, 3.13)	Run tests (Ubuntu)	2026-10-03T14:59:54.4533347Z ........................................................................ [  0%]
pytest (ubuntu-latest, 3.13)	Run tests (Ubuntu)	2026-10-03T14:59:54.4939105Z ........................................................................ [  1%]
pytest (ubuntu-latest, 3.13)	Run tests (Ubuntu)	2026-10-03T14:59:54.5219159Z ........................................................................ [  2%]
pytest (ubuntu-latest, 3.13)	Run tests (Ubuntu)	2026-10-03T14:59:55.7584330Z ........................................................................ [  3%]
pytest (ubuntu-latest, 3.13)	Run tests (Ubuntu)	2026-10-03T14:59:56.9182811Z ........................................................................ [  4%]
pytest (ubuntu-latest, 3.13)	Run tests (Ubuntu)	2026-10-03T15:00:18.4849385Z ........................................................................ [  4%]
pytest (ubuntu-latest, 3.13)	Run tests (Ubuntu)	2026-10-03T15:00:19.2316596Z ........................................................................ [  5%]
pytest (ubuntu-latest, 3.13)	Run tests (Ubuntu)	2026-10-03T15:00:20.1046455Z ........................................................................ [  6%]
pytest (ubuntu-latest, 3.13)	Run tests (Ubuntu)	2026-10-03T15:00:21.9674123Z ........................................................................ [  7%]
pytest (ubuntu-latest, 3.13)	Run tests (Ubuntu)	2026-10-03T15:00:24.5292212Z ........................................................................ [  8%]
pytest (ubuntu-latest, 3.13)	Run tests (Ubuntu)	2026-10-03T15:00:26.0525191Z ........................................................................ [  8%]
pytest (ubuntu-latest, 3.13)	Run tests (Ubuntu)	2026-10-03T15:00:27.1944635Z ........................................................................ [  9%]
pytest (ubuntu-latest, 3.13)	Run tests (Ubuntu)	2026-10-03T15:00:27.3258136Z ........................................................................ [ 10%]
pytest (ubuntu-latest, 3.13)	Run tests (Ubuntu)	2026-10-03T15:00:27.3999607Z ........................................................................ [ 11%]
pytest (ubuntu-latest, 3.13)	Run tests (Ubuntu)	2026-10-03T15:00:27.6113994Z ........................................................................ [ 12%]
pytest (ubuntu-latest, 3.13)	Run tests (Ubuntu)	2026-10-03T15:00:48.2867820Z ........................................................................ [ 12%]
pytest (ubuntu-latest, 3.13)	Run tests (Ubuntu)	2026-10-03T15:00:57.7771604Z ........................................................................ [ 13%]
pytest (ubuntu-latest, 3.13)	Run tests (Ubuntu)	2026-10-03T15:01:03.2317172Z ........................................................................ [ 14%]
pytest (ubuntu-latest, 3.13)	Run tests (Ubuntu)	2026-10-03T15:01:06.8989328Z ........................................................................ [ 15%]
pytest (ubuntu-latest, 3.13)	Run tests (Ubuntu)	2026-10-03T15:01:18.5584006Z ........................................................................ [ 16%]
pytest (ubuntu-latest, 3.13)	Run tests (Ubuntu)	2026-10-03T15:01:24.3398911Z ........................................................................ [ 17%]
pytest (ubuntu-latest, 3.13)	Run tests (Ubuntu)	2026-10-03T15:01:31.2582783Z ........................................................................ [ 17%]
pytest (ubuntu-latest, 3.13)	Run tests (Ubuntu)	2026-10-03T15:01:58.3658796Z ........................................................................ [ 18%]
pytest (ubuntu-latest, 3.13)	Run tests (Ubuntu)	2026-10-03T15:02:05.3905039Z ........................................................................ [ 19%]
pytest (ubuntu-latest, 3.13)	Run tests (Ubuntu)	2026-10-03T15:02:13.2725830Z ........................................................................ [ 20%]
pytest (ubuntu-latest, 3.13)	Run tests (Ubuntu)	2026-10-03T15:02:20.5894867Z ........................................................................ [ 21%]
pytest (ubuntu-latest, 3.13)	Run tests (Ubuntu)	2026-10-03T15:02:21.1041106Z ........................................................................ [ 21%]
pytest (ubuntu-latest, 3.13)	Run tests (Ubuntu)	2026-10-03T15:02:21.6788478Z ........................................................................ [ 22%]
pytest (ubuntu-latest, 3.13)	Run tests (Ubuntu)	2026-10-03T15:02:22.0642736Z ............s........................................................... [ 23%]
pytest (ubuntu-latest, 3.13)	Run tests (Ubuntu)	2026-10-03T15:02:25.4959919Z ........................................................................ [ 24%]
pytest (ubuntu-latest, 3.13)	Run tests (Ubuntu)	2026-10-03T15:02:26.5519023Z ........................................................................ [ 25%]
pytest (ubuntu-latest, 3.13)	Run tests (Ubuntu)	2026-10-03T15:02:26.8500830Z ........................................................................ [ 25%]
pytest (ubuntu-latest, 3.13)	Run tests (Ubuntu)	2026-10-03T15:02:27.4230752Z ........................................................................ [ 26%]
pytest (ubuntu-latest, 3.13)	Run tests (Ubuntu)	2026-10-03T15:02:28.9280439Z ........................................................................ [ 27%]
pytest (ubuntu-latest, 3.13)	Run tests (Ubuntu)	2026-10-03T15:02:28.9789106Z ........................................................................ [ 28%]
pytest (ubuntu-latest, 3.13)	Run tests (Ubuntu)	2026-10-03T15:02:29.0270471Z ........................................................................ [ 29%]
pytest (ubuntu-latest, 3.13)	Run tests (Ubuntu)	2026-10-03T15:02:29.1785338Z ........................................................................ [ 30%]
pytest (ubuntu-latest, 3.13)	Run tests (Ubuntu)	2026-10-03T15:02:29.6777615Z ........................................................................ [ 30%]
pytest (ubuntu-latest, 3.13)	Run tests (Ubuntu)	2026-10-03T15:02:29.9657594Z ........................................................................ [ 31%]
pytest (ubuntu-latest, 3.13)	Run tests (Ubuntu)	2026-10-03T15:02:30.2917913Z ........................................................................ [ 32%]
pytest (ubuntu-latest, 3.13)	Run tests (Ubuntu)	2026-10-03T15:02:31.1541677Z ........................................................................ [ 33%]
pytest (ubuntu-latest, 3.13)	Run tests (Ubuntu)	2026-10-03T15:02:32.0774728Z ........................................................................ [ 34%]
pytest (ubuntu-latest, 3.13)	Run tests (Ubuntu)	2026-10-03T15:02:39.4843036Z ........................................................................ [ 34%]
pytest (ubuntu-latest, 3.13)	Run tests (Ubuntu)	2026-10-03T15:02:39.6446483Z ........................................................................ [ 35%]
pytest (ubuntu-latest, 3.13)	Run tests (Ubuntu)	2026-10-03T15:02:41.1215504Z ........................................................................ [ 36%]
pytest (ubuntu-latest, 3.13)	Run tests (Ubuntu)	2026-10-03T15:02:41.2650106Z ........................................................................ [ 37%]
pytest (ubuntu-latest, 3.13)	Run tests (Ubuntu)	2026-10-03T15:02:41.4023226Z ........................................................................ [ 38%]
pytest (ubuntu-latest, 3.13)	Run tests (Ubuntu)	2026-10-03T15:02:45.7843549Z ........................................................................ [ 38%]
pytest (ubuntu-latest, 3.13)	Run tests (Ubuntu)	2026-10-03T15:02:52.2904958Z ........................................................................ [ 39%]
pytest (ubuntu-latest, 3.13)	Run tests (Ubuntu)	2026-10-03T15:03:17.8881851Z ........................................................................ [ 40%]
pytest (ubuntu-latest, 3.13)	Run tests (Ubuntu)	2026-10-03T15:03:19.0637140Z ........................................................................ [ 41%]
pytest (ubuntu-latest, 3.13)	Run tests (Ubuntu)	2026-10-03T15:03:29.8500052Z ........................................................................ [ 42%]
pytest (ubuntu-latest, 3.13)	Run tests (Ubuntu)	2026-10-03T15:03:29.8779400Z ........................................................................ [ 43%]
pytest (ubuntu-latest, 3.13)	Run tests (Ubuntu)	2026-10-03T15:03:30.4099963Z ........................................................................ [ 43%]
pytest (ubuntu-latest, 3.13)	Run tests (Ubuntu)	2026-10-03T15:03:30.5067422Z ........................................................................ [ 44%]
pytest (ubuntu-latest, 3.13)	Run tests (Ubuntu)	2026-10-03T15:03:32.0105985Z ........................................................................ [ 45%]
pytest (ubuntu-latest, 3.13)	Run tests (Ubuntu)	2026-10-03T15:03:32.1402999Z ........................................................................ [ 46%]
pytest (ubuntu-latest, 3.13)	Run tests (Ubuntu)	2026-10-03T15:03:49.7432445Z ........................................................................ [ 47%]
pytest (ubuntu-latest, 3.13)	Run tests (Ubuntu)	2026-10-03T15:03:58.4172915Z ........................................................................ [ 47%]
pytest (ubuntu-latest, 3.13)	Run tests (Ubuntu)	2026-10-03T15:03:59.9431338Z ........................................................................ [ 48%]
pytest (ubuntu-latest, 3.13)	Run tests (Ubuntu)	2026-10-03T15:04:03.4357301Z ........................................................................ [ 49%]
pytest (ubuntu-latest, 3.13)	Run tests (Ubuntu)	2026-10-03T15:04:03.4610439Z ........................................................................ [ 50%]
pytest (ubuntu-latest, 3.13)	Run tests (Ubuntu)	2026-10-03T15:04:04.1351442Z ........................................................................ [ 51%]
pytest (ubuntu-latest, 3.13)	Run tests (Ubuntu)	2026-10-03T15:04:04.2890925Z ........................................................................ [ 51%]
pytest (ubuntu-latest, 3.13)	Run tests (Ubuntu)	2026-10-03T15:04:04.3732037Z ........................................................................ [ 52%]
pytest (ubuntu-latest, 3.13)	Run tests (Ubuntu)	2026-10-03T15:04:05.1964280Z ........................................................................ [ 53%]
pytest (ubuntu-latest, 3.13)	Run tests (Ubuntu)	2026-10-03T15:04:05.5612792Z ........................................................................ [ 54%]
pytest (ubuntu-latest, 3.13)	Run tests (Ubuntu)	2026-10-03T15:04:05.5967797Z ........................................................................ [ 55%]
pytest (ubuntu-latest, 3.13)	Run tests (Ubuntu)	2026-10-03T15:04:06.1250239Z ........................................................................ [ 56%]
pytest (ubuntu-latest, 3.13)	Run tests (Ubuntu)	2026-10-03T15:04:06.5795304Z ........................................................................ [ 56%]
pytest (ubuntu-latest, 3.13)	Run tests (Ubuntu)	2026-10-03T15:04:06.6221346Z ........................................................................ [ 57%]
pytest (ubuntu-latest, 3.13)	Run tests (Ubuntu)	2026-10-03T15:04:06.6556838Z ........................................................................ [ 58%]
pytest (ubuntu-latest, 3.13)	Run tests (Ubuntu)	2026-10-03T15:04:06.6831945Z .......................................................................s [ 59%]
pytest (ubuntu-latest, 3.13)	Run tests (Ubuntu)	2026-10-03T15:04:07.3233307Z ........................................................................ [ 60%]
pytest (ubuntu-latest, 3.13)	Run tests (Ubuntu)	2026-10-03T15:04:07.3553516Z ......................s................................................. [ 60%]
pytest (ubuntu-latest, 3.13)	Run tests (Ubuntu)	2026-10-03T15:04:07.3931442Z ........................................................................ [ 61%]
pytest (ubuntu-latest, 3.13)	Run tests (Ubuntu)	2026-10-03T15:04:07.4263808Z ........................................................................ [ 62%]
pytest (ubuntu-latest, 3.13)	Run tests (Ubuntu)	2026-10-03T15:04:07.4606925Z ........................................................................ [ 63%]
pytest (ubuntu-latest, 3.13)	Run tests (Ubuntu)	2026-10-03T15:04:07.7446076Z ........................................................................ [ 64%]
pytest (ubuntu-latest, 3.13)	Run tests (Ubuntu)	2026-10-03T15:04:10.7096140Z ........................................................................ [ 64%]
pytest (ubuntu-latest, 3.13)	Run tests (Ubuntu)	2026-10-03T15:04:12.9813450Z ........................................................................ [ 65%]
pytest (ubuntu-latest, 3.13)	Run tests (Ubuntu)	2026-10-03T15:04:13.6003182Z ..................................................................sss... [ 66%]
pytest (ubuntu-latest, 3.13)	Run tests (Ubuntu)	2026-10-03T15:04:13.6638663Z ........................................................................ [ 67%]
pytest (ubuntu-latest, 3.13)	Run tests (Ubuntu)	2026-10-03T15:04:16.7383920Z ........................................................................ [ 68%]
pytest (ubuntu-latest, 3.13)	Run tests (Ubuntu)	2026-10-03T15:04:18.4627667Z ........................................................................ [ 68%]
pytest (ubuntu-latest, 3.13)	Run tests (Ubuntu)	2026-10-03T15:04:21.2644494Z ........................................................................ [ 69%]
pytest (ubuntu-latest, 3.13)	Run tests (Ubuntu)	2026-10-03T15:04:23.0096287Z ........................................................................ [ 70%]
pytest (ubuntu-latest, 3.13)	Run tests (Ubuntu)	2026-10-03T15:04:23.4075035Z ........................................................................ [ 71%]
pytest (ubuntu-latest, 3.13)	Run tests (Ubuntu)	2026-10-03T15:04:24.4728921Z ........................................................................ [ 72%]
pytest (ubuntu-latest, 3.13)	Run tests (Ubuntu)	2026-10-03T15:04:24.8780722Z ........................................................................ [ 73%]
pytest (ubuntu-latest, 3.13)	Run tests (Ubuntu)	2026-10-03T15:04:25.5203621Z .................................................................ss..... [ 73%]
pytest (ubuntu-latest, 3.13)	Run tests (Ubuntu)	2026-10-03T15:04:30.3249160Z ........................................................................ [ 74%]
pytest (ubuntu-latest, 3.13)	Run tests (Ubuntu)	2026-10-03T15:04:30.9704389Z ............................s........................................... [ 75%]
pytest (ubuntu-latest, 3.13)	Run tests (Ubuntu)	2026-10-03T15:04:31.8148233Z ........................................................................ [ 76%]
pytest (ubuntu-latest, 3.13)	Run tests (Ubuntu)	2026-10-03T15:04:32.2624700Z ........................................................................ [ 77%]
pytest (ubuntu-latest, 3.13)	Run tests (Ubuntu)	2026-10-03T15:04:34.0530937Z ........................................................................ [ 77%]
pytest (ubuntu-latest, 3.13)	Run tests (Ubuntu)	2026-10-03T15:04:35.7818796Z ........................................................................ [ 78%]
pytest (ubuntu-latest, 3.13)	Run tests (Ubuntu)	2026-10-03T15:04:36.4286100Z ........................................................................ [ 79%]
pytest (ubuntu-latest, 3.13)	Run tests (Ubuntu)	2026-10-03T15:04:40.5030332Z ........................................................................ [ 80%]
pytest (ubuntu-latest, 3.13)	Run tests (Ubuntu)	2026-10-03T15:04:44.2290607Z ........................................................................ [ 81%]
pytest (ubuntu-latest, 3.13)	Run tests (Ubuntu)	2026-10-03T15:04:46.3640714Z ........................................................................ [ 81%]
pytest (ubuntu-latest, 3.13)	Run tests (Ubuntu)	2026-10-03T15:04:46.3894272Z ........................................................................ [ 82%]
pytest (ubuntu-latest, 3.13)	Run tests (Ubuntu)	2026-10-03T15:04:47.5294681Z ........................................................................ [ 83%]
pytest (ubuntu-latest, 3.13)	Run tests (Ubuntu)	2026-10-03T15:04:49.7170964Z ........................................................................ [ 84%]
pytest (ubuntu-latest, 3.13)	Run tests (Ubuntu)	2026-10-03T15:04:50.1365653Z ........................................................................ [ 85%]
pytest (ubuntu-latest, 3.13)	Run tests (Ubuntu)	2026-10-03T15:04:50.1655954Z ........................................................................ [ 86%]
pytest (ubuntu-latest, 3.13)	Run tests (Ubuntu)	2026-10-03T15:04:50.1952558Z ........................................................................ [ 86%]
pytest (ubuntu-latest, 3.13)	Run tests (Ubuntu)	2026-10-03T15:04:53.5158635Z ........................................................................ [ 87%]
pytest (ubuntu-latest, 3.13)	Run tests (Ubuntu)	2026-10-03T15:04:54.5073814Z ........................................................................ [ 88%]
pytest (ubuntu-latest, 3.13)	Run tests (Ubuntu)	2026-10-03T15:07:56.3854987Z ........................................................................ [ 89%]
pytest (ubuntu-latest, 3.13)	Run tests (Ubuntu)	2026-10-03T15:08:41.7758043Z ........................................................................ [ 90%]
pytest (ubuntu-latest, 3.13)	Run tests (Ubuntu)	2026-10-03T15:09:25.9448892Z ........................................................................ [ 90%]
pytest (ubuntu-latest, 3.13)	Run tests (Ubuntu)	2026-10-03T15:09:37.4914485Z ........................................................................ [ 91%]
pytest (ubuntu-latest, 3.13)	Run tests (Ubuntu)	2026-10-03T15:09:40.5998703Z ........................................................................ [ 92%]
pytest (ubuntu-latest, 3.13)	Run tests (Ubuntu)	2026-10-03T15:09:43.8985323Z ........................................................................ [ 93%]
pytest (ubuntu-latest, 3.13)	Run tests (Ubuntu)	2026-10-03T15:09:44.7315251Z ........................................................................ [ 94%]
pytest (ubuntu-latest, 3.13)	Run tests (Ubuntu)	2026-10-03T15:09:44.7610076Z ........................................................................ [ 94%]
pytest (ubuntu-latest, 3.13)	Run tests (Ubuntu)	2026-10-03T15:09:44.7915655Z ........................................................................ [ 95%]
pytest (ubuntu-latest, 3.13)	Run tests (Ubuntu)	2026-10-03T15:10:02.2578016Z ........................................................................ [ 96%]
pytest (ubuntu-latest, 3.13)	Run tests (Ubuntu)	2026-10-03T15:10:03.5697600Z ........................................................................ [ 97%]
pytest (ubuntu-latest, 3.13)	Run tests (Ubuntu)	2026-10-03T15:10:03.6238227Z ........................................................................ [ 98%]
pytest (ubuntu-latest, 3.13)	Run tests (Ubuntu)	2026-10-03T15:10:03.6660291Z ........................................................................ [ 99%]
pytest (ubuntu-latest, 3.13)	Run tests (Ubuntu)	2026-10-03T15:10:03.7233698Z .....................................................sssssssssssss...... [ 99%]
pytest (ubuntu-latest, 3.13)	Run tests (Ubuntu)	2026-10-03T15:10:06.8520987Z ..............                                                           [100%]
pytest (ubuntu-latest, 3.13)	Run tests (Ubuntu)	2026-10-03T15:10:06.8521445Z =============================== warnings summary ===============================
pytest (ubuntu-latest, 3.13)	Run tests (Ubuntu)	2026-10-03T15:10:06.8522099Z tests/test_e95_interface_routing_semantics.py::TestTheReferenceIsUnchanged::test_the_reference_still_emits_no_bandwidth_anywhere
pytest (ubuntu-latest, 3.13)	Run tests (Ubuntu)	2026-10-03T15:10:06.8522818Z tests/test_e95_productive_pipeline.py::TestTheCompilerReachesLinkPerformance::test_the_reference_still_compiles_after_the_wiring
pytest (ubuntu-latest, 3.13)	Run tests (Ubuntu)	2026-10-03T15:10:06.8523517Z tests/test_e95_productive_pipeline.py::TestUnknownProfileNeverMutates::test_an_unknown_profile_produces_zero_link_mode_mutations
pytest (ubuntu-latest, 3.13)	Run tests (Ubuntu)	2026-10-03T15:10:06.8524396Z   /home/runner/work/cisco-muejeje/cisco-muejeje/.venv/lib/python3.13/site-packages/_pytest/fixtures.py:1313: PytestRemovedIn10Warning: Class-scoped fixture defined as instance method is deprecated.
pytest (ubuntu-latest, 3.13)	Run tests (Ubuntu)	2026-10-03T15:10:06.8525454Z   Instance attributes set in this fixture will NOT be visible to test methods,
pytest (ubuntu-latest, 3.13)	Run tests (Ubuntu)	2026-10-03T15:10:06.8528668Z   as each test gets a new instance while the fixture runs only once per class.
pytest (ubuntu-latest, 3.13)	Run tests (Ubuntu)	2026-10-03T15:10:06.8528922Z   Use @classmethod decorator and set attributes on cls instead.
pytest (ubuntu-latest, 3.13)	Run tests (Ubuntu)	2026-10-03T15:10:06.8529281Z   See https://docs.pytest.org/en/stable/deprecations.html#class-scoped-fixture-as-instance-method
pytest (ubuntu-latest, 3.13)	Run tests (Ubuntu)	2026-10-03T15:10:06.8529591Z     fixturefunc = resolve_fixture_function(fixturedef, request)
pytest (ubuntu-latest, 3.13)	Run tests (Ubuntu)	2026-10-03T15:10:06.8529727Z 
pytest (ubuntu-latest, 3.13)	Run tests (Ubuntu)	2026-10-03T15:10:06.8529842Z -- Docs: https://docs.pytest.org/en/stable/how-to/capture-warnings.html
pytest (ubuntu-latest, 3.13)	Run tests (Ubuntu)	2026-10-03T15:10:06.8530089Z =========================== short test summary info ============================
pytest (ubuntu-latest, 3.13)	Run tests (Ubuntu)	2026-10-03T15:10:06.8530361Z SKIPPED [1] tests/test_dhcp_native_default_sequence.py:110: the D-DHCP record is machine-local
pytest (ubuntu-latest, 3.13)	Run tests (Ubuntu)	2026-10-03T15:10:06.8530718Z SKIPPED [1] tests/test_positive_voice_ab_evidence_ledger.py:131: no retained raw run is present in this checkout
pytest (ubuntu-latest, 3.13)	Run tests (Ubuntu)	2026-10-03T15:10:06.8531099Z SKIPPED [1] tests/test_positive_voice_dhcp_pool_observer.py:562: the ignored qualification artefact is absent here
pytest (ubuntu-latest, 3.13)	Run tests (Ubuntu)	2026-10-03T15:10:06.8531619Z SKIPPED [1] tests/test_receiver_continuity.py:332: the Win32 process reads exist only on Windows
pytest (ubuntu-latest, 3.13)	Run tests (Ubuntu)	2026-10-03T15:10:06.8531939Z SKIPPED [1] tests/test_receiver_continuity.py:353: the Win32 process reads exist only on Windows
pytest (ubuntu-latest, 3.13)	Run tests (Ubuntu)	2026-10-03T15:10:06.8532257Z SKIPPED [1] tests/test_receiver_continuity.py:381: the Win32 process reads exist only on Windows
pytest (ubuntu-latest, 3.13)	Run tests (Ubuntu)	2026-10-03T15:10:06.8532606Z SKIPPED [1] tests/test_server_pt_fastloop_retirement.py:2332: opt-in: set PT_MCP_NATIVE_WINDOW_TESTS=1 on Windows
pytest (ubuntu-latest, 3.13)	Run tests (Ubuntu)	2026-10-03T15:10:06.8532985Z SKIPPED [1] tests/test_server_pt_fastloop_retirement.py:2405: opt-in: set PT_MCP_NATIVE_WINDOW_TESTS=1 on Windows
pytest (ubuntu-latest, 3.13)	Run tests (Ubuntu)	2026-10-03T15:10:06.8533367Z SKIPPED [1] tests/test_server_pt_published_sources.py:188: the documentation extra (`.[docs]`) is not installed here
pytest (ubuntu-latest, 3.13)	Run tests (Ubuntu)	2026-10-03T15:10:06.8533689Z SKIPPED [1] tests/test_windows_process_census.py:160: Win32 ctypes only
pytest (ubuntu-latest, 3.13)	Run tests (Ubuntu)	2026-10-03T15:10:06.8533932Z SKIPPED [3] tests/test_windows_process_census.py:172: Win32 ctypes only
pytest (ubuntu-latest, 3.13)	Run tests (Ubuntu)	2026-10-03T15:10:06.8534176Z SKIPPED [1] tests/test_windows_process_census.py:181: Win32 ctypes only
pytest (ubuntu-latest, 3.13)	Run tests (Ubuntu)	2026-10-03T15:10:06.8534410Z SKIPPED [1] tests/test_windows_process_census.py:189: Win32 ctypes only
pytest (ubuntu-latest, 3.13)	Run tests (Ubuntu)	2026-10-03T15:10:06.8534643Z SKIPPED [1] tests/test_windows_process_census.py:224: Win32 ctypes only
pytest (ubuntu-latest, 3.13)	Run tests (Ubuntu)	2026-10-03T15:10:06.8534875Z SKIPPED [1] tests/test_windows_process_census.py:232: Win32 ctypes only
pytest (ubuntu-latest, 3.13)	Run tests (Ubuntu)	2026-10-03T15:10:06.8535106Z SKIPPED [3] tests/test_windows_process_census.py:241: Win32 ctypes only
pytest (ubuntu-latest, 3.13)	Run tests (Ubuntu)	2026-10-03T15:10:06.8535338Z SKIPPED [1] tests/test_windows_process_census.py:275: Win32 ctypes only
pytest (ubuntu-latest, 3.13)	Run tests (Ubuntu)	2026-10-03T15:10:06.8535569Z SKIPPED [1] tests/test_windows_process_census.py:315: Win32 ctypes only
pytest (ubuntu-latest, 3.13)	Run tests (Ubuntu)	2026-10-03T15:10:06.8535877Z 8848 passed, 22 skipped, 3 warnings in 625.91s (0:10:25)
pytest (ubuntu-latest, 3.13)	Post Run actions/setup-python@v5	﻿2026-10-03T15:10:08.1364569Z Post job cleanup.
pytest (ubuntu-latest, 3.13)	Post Run actions/setup-python@v5	2026-10-03T15:10:08.2100857Z (node:12274) [DEP0040] DeprecationWarning: The `punycode` module is deprecated. Please use a userland alternative instead.
pytest (ubuntu-latest, 3.13)	Post Run actions/setup-python@v5	2026-10-03T15:10:08.2101543Z (Use `node --trace-deprecation ...` to show where the warning was created)
pytest (ubuntu-latest, 3.13)	Post Run actions/checkout@v4	﻿2026-10-03T15:10:08.2273986Z Post job cleanup.
pytest (ubuntu-latest, 3.13)	Post Run actions/checkout@v4	2026-10-03T15:10:08.2827785Z [command]/usr/bin/git version
pytest (ubuntu-latest, 3.13)	Post Run actions/checkout@v4	2026-10-03T15:10:08.2861375Z git version 2.55.0
pytest (ubuntu-latest, 3.13)	Post Run actions/checkout@v4	2026-10-03T15:10:08.2886229Z Temporarily overriding HOME='/home/runner/work/_temp/d1148e8e-03b1-4812-841b-3b3679f4a7db' before making global git config changes
pytest (ubuntu-latest, 3.13)	Post Run actions/checkout@v4	2026-10-03T15:10:08.2886656Z Adding repository directory to the temporary git global config as a safe directory
pytest (ubuntu-latest, 3.13)	Post Run actions/checkout@v4	2026-10-03T15:10:08.2896536Z [command]/usr/bin/git config --global --add safe.directory /home/runner/work/cisco-muejeje/cisco-muejeje
pytest (ubuntu-latest, 3.13)	Post Run actions/checkout@v4	2026-10-03T15:10:08.2921015Z [command]/usr/bin/git config --local --name-only --get-regexp core\.sshCommand
pytest (ubuntu-latest, 3.13)	Post Run actions/checkout@v4	2026-10-03T15:10:08.2947414Z [command]/usr/bin/git submodule foreach --recursive sh -c "git config --local --name-only --get-regexp 'core\.sshCommand' && git config --local --unset-all 'core.sshCommand' || :"
pytest (ubuntu-latest, 3.13)	Post Run actions/checkout@v4	2026-10-03T15:10:08.3157862Z [command]/usr/bin/git config --local --name-only --get-regexp http\.https\:\/\/github\.com\/\.extraheader
pytest (ubuntu-latest, 3.13)	Post Run actions/checkout@v4	2026-10-03T15:10:08.3184294Z [command]/usr/bin/git submodule foreach --recursive sh -c "git config --local --name-only --get-regexp 'http\.https\:\/\/github\.com\/\.extraheader' && git config --local --unset-all 'http.https://github.com/.extraheader' || :"
pytest (ubuntu-latest, 3.13)	Post Run actions/checkout@v4	2026-10-03T15:10:08.3429450Z [command]/usr/bin/git config --local --name-only --get-regexp ^includeIf\.gitdir:
pytest (ubuntu-latest, 3.13)	Post Run actions/checkout@v4	2026-10-03T15:10:08.3447757Z [command]/usr/bin/git submodule foreach --recursive git config --local --show-origin --name-only --get-regexp remote.origin.url
pytest (ubuntu-latest, 3.13)	Complete job	﻿2026-10-03T15:10:08.3772577Z Cleaning up orphan processes
pytest (ubuntu-latest, 3.13)	Complete job	2026-10-03T15:10:08.4000938Z ##[warning]Node.js 20 is deprecated. The following actions target Node.js 20 but are being forced to run on Node.js 24: actions/checkout@v4, actions/setup-python@v5. For more information see: https://github.blog/changelog/2025-09-19-deprecation-of-node-20-on-github-actions-runners/
pytest (windows-latest, 3.13)	Set up job	﻿2026-10-03T14:59:25.0900229Z Current runner version: '2.337.0'
pytest (windows-latest, 3.13)	Set up job	2026-10-03T14:59:25.0969743Z ##[group]Runner Image Provisioner
pytest (windows-latest, 3.13)	Set up job	2026-10-03T14:59:25.0971238Z Hosted Compute Agent
pytest (windows-latest, 3.13)	Set up job	2026-10-03T14:59:25.0972638Z Version: 20260901.588
pytest (windows-latest, 3.13)	Set up job	2026-10-03T14:59:25.0973730Z Commit: f88ec8081b781fac6c440065ac7ff9e710ce3d0b
pytest (windows-latest, 3.13)	Set up job	2026-10-03T14:59:25.0975003Z Build Date: 2026-09-01T19:56:44Z
pytest (windows-latest, 3.13)	Set up job	2026-10-03T14:59:25.0976125Z Worker ID: {2469eb53-b7fa-4002-b125-4efa87b76178}
pytest (windows-latest, 3.13)	Set up job	2026-10-03T14:59:25.0977306Z Azure Region: northcentralus
pytest (windows-latest, 3.13)	Set up job	2026-10-03T14:59:25.0978308Z ##[endgroup]
pytest (windows-latest, 3.13)	Set up job	2026-10-03T14:59:25.0980541Z ##[group]Operating System
pytest (windows-latest, 3.13)	Set up job	2026-10-03T14:59:25.0981572Z Microsoft Windows Server 2025
pytest (windows-latest, 3.13)	Set up job	2026-10-03T14:59:25.0982601Z 10.0.26100
pytest (windows-latest, 3.13)	Set up job	2026-10-03T14:59:25.0983502Z Datacenter
pytest (windows-latest, 3.13)	Set up job	2026-10-03T14:59:25.0984476Z ##[endgroup]
pytest (windows-latest, 3.13)	Set up job	2026-10-03T14:59:25.0985454Z ##[group]Runner Image
pytest (windows-latest, 3.13)	Set up job	2026-10-03T14:59:25.0986525Z Image: windows-2025-vs2026
pytest (windows-latest, 3.13)	Set up job	2026-10-03T14:59:25.0987586Z Version: 20260925.250.1
pytest (windows-latest, 3.13)	Set up job	2026-10-03T14:59:25.0989609Z Included Software: https://github.com/actions/runner-images/blob/win25-vs2026/20260925.250/images/windows/Windows2025-VS2026-Readme.md
pytest (windows-latest, 3.13)	Set up job	2026-10-03T14:59:25.0993740Z Image Release: https://github.com/actions/runner-images/releases/tag/win25-vs2026%2F20260925.250
pytest (windows-latest, 3.13)	Set up job	2026-10-03T14:59:25.0995541Z ##[endgroup]
pytest (windows-latest, 3.13)	Set up job	2026-10-03T14:59:25.0997476Z ##[group]GITHUB_TOKEN Permissions
pytest (windows-latest, 3.13)	Set up job	2026-10-03T14:59:25.1000022Z Contents: read
pytest (windows-latest, 3.13)	Set up job	2026-10-03T14:59:25.1001083Z Metadata: read
pytest (windows-latest, 3.13)	Set up job	2026-10-03T14:59:25.1002055Z ##[endgroup]
pytest (windows-latest, 3.13)	Set up job	2026-10-03T14:59:25.1005042Z Secret source: Actions
pytest (windows-latest, 3.13)	Set up job	2026-10-03T14:59:25.1006603Z Cache mode: write
pytest (windows-latest, 3.13)	Set up job	2026-10-03T14:59:25.1007801Z Prepare workflow directory
pytest (windows-latest, 3.13)	Set up job	2026-10-03T14:59:25.1557913Z Prepare all required actions
pytest (windows-latest, 3.13)	Set up job	2026-10-03T14:59:25.1628771Z Getting action download info
pytest (windows-latest, 3.13)	Set up job	2026-10-03T14:59:25.3842147Z Download action repository 'actions/checkout@v4' (SHA:11d5960a326750d5838078e36cf38b85af677262)
pytest (windows-latest, 3.13)	Set up job	2026-10-03T14:59:25.5071792Z Download action repository 'actions/setup-python@v5' (SHA:a26af69be951a213d495a4c3e4e4022e16d87065)
pytest (windows-latest, 3.13)	Set up job	2026-10-03T14:59:25.7867527Z Complete job name: pytest (windows-latest, 3.13)
pytest (windows-latest, 3.13)	Run actions/checkout@v4	﻿2026-10-03T14:59:25.9253825Z ##[group]Run actions/checkout@v4
pytest (windows-latest, 3.13)	Run actions/checkout@v4	2026-10-03T14:59:25.9255082Z with:
pytest (windows-latest, 3.13)	Run actions/checkout@v4	2026-10-03T14:59:25.9255569Z   fetch-depth: 0
pytest (windows-latest, 3.13)	Run actions/checkout@v4	2026-10-03T14:59:25.9256096Z   persist-credentials: false
pytest (windows-latest, 3.13)	Run actions/checkout@v4	2026-10-03T14:59:25.9256618Z   repository: andres18113/cisco-muejeje
pytest (windows-latest, 3.13)	Run actions/checkout@v4	2026-10-03T14:59:25.9261042Z   token: ***
pytest (windows-latest, 3.13)	Run actions/checkout@v4	2026-10-03T14:59:25.9261439Z   ssh-strict: true
pytest (windows-latest, 3.13)	Run actions/checkout@v4	2026-10-03T14:59:25.9261842Z   ssh-user: git
pytest (windows-latest, 3.13)	Run actions/checkout@v4	2026-10-03T14:59:25.9262242Z   clean: true
pytest (windows-latest, 3.13)	Run actions/checkout@v4	2026-10-03T14:59:25.9262658Z   sparse-checkout-cone-mode: true
pytest (windows-latest, 3.13)	Run actions/checkout@v4	2026-10-03T14:59:25.9263154Z   fetch-tags: false
pytest (windows-latest, 3.13)	Run actions/checkout@v4	2026-10-03T14:59:25.9263566Z   show-progress: true
pytest (windows-latest, 3.13)	Run actions/checkout@v4	2026-10-03T14:59:25.9263977Z   lfs: false
pytest (windows-latest, 3.13)	Run actions/checkout@v4	2026-10-03T14:59:25.9264355Z   submodules: false
pytest (windows-latest, 3.13)	Run actions/checkout@v4	2026-10-03T14:59:25.9264773Z   set-safe-directory: true
pytest (windows-latest, 3.13)	Run actions/checkout@v4	2026-10-03T14:59:25.9265258Z   allow-unsafe-pr-checkout: false
pytest (windows-latest, 3.13)	Run actions/checkout@v4	2026-10-03T14:59:25.9265934Z env:
pytest (windows-latest, 3.13)	Run actions/checkout@v4	2026-10-03T14:59:25.9266559Z   PT_MCP_BRIDGE_TOKEN: ci-token-long-enough-to-be-considered-valid-0123456789
pytest (windows-latest, 3.13)	Run actions/checkout@v4	2026-10-03T14:59:25.9267314Z ##[endgroup]
pytest (windows-latest, 3.13)	Run actions/checkout@v4	2026-10-03T14:59:26.0724497Z Syncing repository: andres18113/cisco-muejeje
pytest (windows-latest, 3.13)	Run actions/checkout@v4	2026-10-03T14:59:26.0726304Z ##[group]Getting Git version info
pytest (windows-latest, 3.13)	Run actions/checkout@v4	2026-10-03T14:59:26.0726987Z Working directory is 'D:\a\cisco-muejeje\cisco-muejeje'
pytest (windows-latest, 3.13)	Run actions/checkout@v4	2026-10-03T14:59:26.1679322Z [command]"C:\Program Files\Git\bin\git.exe" version
pytest (windows-latest, 3.13)	Run actions/checkout@v4	2026-10-03T14:59:26.3590182Z git version 2.55.0.windows.5
pytest (windows-latest, 3.13)	Run actions/checkout@v4	2026-10-03T14:59:26.3639470Z ##[endgroup]
pytest (windows-latest, 3.13)	Run actions/checkout@v4	2026-10-03T14:59:26.3658393Z Temporarily overriding HOME='D:\a\_temp\eb135c7d-2649-484f-b6f2-2185678720cd' before making global git config changes
pytest (windows-latest, 3.13)	Run actions/checkout@v4	2026-10-03T14:59:26.3660033Z Adding repository directory to the temporary git global config as a safe directory
pytest (windows-latest, 3.13)	Run actions/checkout@v4	2026-10-03T14:59:26.3669558Z [command]"C:\Program Files\Git\bin\git.exe" config --global --add safe.directory D:\a\cisco-muejeje\cisco-muejeje
pytest (windows-latest, 3.13)	Run actions/checkout@v4	2026-10-03T14:59:26.3989000Z Deleting the contents of 'D:\a\cisco-muejeje\cisco-muejeje'
pytest (windows-latest, 3.13)	Run actions/checkout@v4	2026-10-03T14:59:26.3995018Z ##[group]Initializing the repository
pytest (windows-latest, 3.13)	Run actions/checkout@v4	2026-10-03T14:59:26.4003583Z [command]"C:\Program Files\Git\bin\git.exe" init D:\a\cisco-muejeje\cisco-muejeje
pytest (windows-latest, 3.13)	Run actions/checkout@v4	2026-10-03T14:59:26.4521208Z Initialized empty Git repository in D:/a/cisco-muejeje/cisco-muejeje/.git/
pytest (windows-latest, 3.13)	Run actions/checkout@v4	2026-10-03T14:59:26.4564391Z [command]"C:\Program Files\Git\bin\git.exe" remote add origin https://github.com/andres18113/cisco-muejeje
pytest (windows-latest, 3.13)	Run actions/checkout@v4	2026-10-03T14:59:26.4903627Z ##[endgroup]
pytest (windows-latest, 3.13)	Run actions/checkout@v4	2026-10-03T14:59:26.4904631Z ##[group]Disabling automatic garbage collection
pytest (windows-latest, 3.13)	Run actions/checkout@v4	2026-10-03T14:59:26.4916853Z [command]"C:\Program Files\Git\bin\git.exe" config --local gc.auto 0
pytest (windows-latest, 3.13)	Run actions/checkout@v4	2026-10-03T14:59:26.5247497Z ##[endgroup]
pytest (windows-latest, 3.13)	Run actions/checkout@v4	2026-10-03T14:59:26.5249564Z ##[group]Setting up auth
pytest (windows-latest, 3.13)	Run actions/checkout@v4	2026-10-03T14:59:26.5259659Z [command]"C:\Program Files\Git\bin\git.exe" config --local --name-only --get-regexp core\.sshCommand
pytest (windows-latest, 3.13)	Run actions/checkout@v4	2026-10-03T14:59:26.5554820Z [command]"C:\Program Files\Git\bin\git.exe" submodule foreach --recursive "sh -c \"git config --local --name-only --get-regexp 'core\.sshCommand' && git config --local --unset-all 'core.sshCommand' || :\""
pytest (windows-latest, 3.13)	Run actions/checkout@v4	2026-10-03T14:59:27.6781637Z [command]"C:\Program Files\Git\bin\git.exe" config --local --name-only --get-regexp http\.https\:\/\/github\.com\/\.extraheader
pytest (windows-latest, 3.13)	Run actions/checkout@v4	2026-10-03T14:59:27.7070578Z [command]"C:\Program Files\Git\bin\git.exe" submodule foreach --recursive "sh -c \"git config --local --name-only --get-regexp 'http\.https\:\/\/github\.com\/\.extraheader' && git config --local --unset-all 'http.https://github.com/.extraheader' || :\""
pytest (windows-latest, 3.13)	Run actions/checkout@v4	2026-10-03T14:59:28.2606539Z [command]"C:\Program Files\Git\bin\git.exe" config --local --name-only --get-regexp ^includeIf\.gitdir:
pytest (windows-latest, 3.13)	Run actions/checkout@v4	2026-10-03T14:59:28.2891947Z [command]"C:\Program Files\Git\bin\git.exe" submodule foreach --recursive "git config --local --show-origin --name-only --get-regexp remote.origin.url"
pytest (windows-latest, 3.13)	Run actions/checkout@v4	2026-10-03T14:59:28.8209045Z [command]"C:\Program Files\Git\bin\git.exe" config --local http.https://github.com/.extraheader "AUTHORIZATION: basic ***"
pytest (windows-latest, 3.13)	Run actions/checkout@v4	2026-10-03T14:59:28.8510227Z ##[endgroup]
pytest (windows-latest, 3.13)	Run actions/checkout@v4	2026-10-03T14:59:28.8510825Z ##[group]Fetching the repository
pytest (windows-latest, 3.13)	Run actions/checkout@v4	2026-10-03T14:59:28.8523320Z [command]"C:\Program Files\Git\bin\git.exe" -c protocol.version=2 fetch --prune --no-recurse-submodules origin +refs/heads/*:refs/remotes/origin/* +refs/tags/*:refs/tags/*
pytest (windows-latest, 3.13)	Run actions/checkout@v4	2026-10-03T14:59:33.6497664Z From https://github.com/andres18113/cisco-muejeje
pytest (windows-latest, 3.13)	Run actions/checkout@v4	2026-10-03T14:59:33.6498786Z  * [new branch]      feature/iot-connectivity -> origin/feature/iot-connectivity
pytest (windows-latest, 3.13)	Run actions/checkout@v4	2026-10-03T14:59:33.6500745Z  * [new branch]      feature/server-pt-goal-foundations -> origin/feature/server-pt-goal-foundations
pytest (windows-latest, 3.13)	Run actions/checkout@v4	2026-10-03T14:59:33.6502172Z  * [new branch]      feature/server-pt-s0-observation-integrity -> origin/feature/server-pt-s0-observation-integrity
pytest (windows-latest, 3.13)	Run actions/checkout@v4	2026-10-03T14:59:33.6503585Z  * [new branch]      feature/server-pt-s1-product-entry -> origin/feature/server-pt-s1-product-entry
pytest (windows-latest, 3.13)	Run actions/checkout@v4	2026-10-03T14:59:33.6504728Z  * [new branch]      feature/server-pt-s2-mail -> origin/feature/server-pt-s2-mail
pytest (windows-latest, 3.13)	Run actions/checkout@v4	2026-10-03T14:59:33.6505759Z  * [new branch]      feature/server-pt-s3-dhcp -> origin/feature/server-pt-s3-dhcp
pytest (windows-latest, 3.13)	Run actions/checkout@v4	2026-10-03T14:59:33.6508488Z  * [new branch]      feature/server-pt-s4a-qualification-runner -> origin/feature/server-pt-s4a-qualification-runner
pytest (windows-latest, 3.13)	Run actions/checkout@v4	2026-10-03T14:59:33.6509723Z  * [new branch]      main       -> origin/main
pytest (windows-latest, 3.13)	Run actions/checkout@v4	2026-10-03T14:59:33.6555050Z [command]"C:\Program Files\Git\bin\git.exe" branch --list --remote origin/feature/server-pt-goal-foundations
pytest (windows-latest, 3.13)	Run actions/checkout@v4	2026-10-03T14:59:33.6851343Z   origin/feature/server-pt-goal-foundations
pytest (windows-latest, 3.13)	Run actions/checkout@v4	2026-10-03T14:59:33.6892991Z [command]"C:\Program Files\Git\bin\git.exe" rev-parse refs/remotes/origin/feature/server-pt-goal-foundations
pytest (windows-latest, 3.13)	Run actions/checkout@v4	2026-10-03T14:59:33.7149307Z ec3b01f84896c9a392f7cc142443460c9d76b8eb
pytest (windows-latest, 3.13)	Run actions/checkout@v4	2026-10-03T14:59:33.7179776Z ##[endgroup]
pytest (windows-latest, 3.13)	Run actions/checkout@v4	2026-10-03T14:59:33.7181267Z ##[group]Determining the checkout info
pytest (windows-latest, 3.13)	Run actions/checkout@v4	2026-10-03T14:59:33.7181843Z ##[endgroup]
pytest (windows-latest, 3.13)	Run actions/checkout@v4	2026-10-03T14:59:33.7189926Z [command]"C:\Program Files\Git\bin\git.exe" sparse-checkout disable
pytest (windows-latest, 3.13)	Run actions/checkout@v4	2026-10-03T14:59:33.7519266Z [command]"C:\Program Files\Git\bin\git.exe" config --local --unset-all extensions.worktreeConfig
pytest (windows-latest, 3.13)	Run actions/checkout@v4	2026-10-03T14:59:33.7800029Z ##[group]Checking out the ref
pytest (windows-latest, 3.13)	Run actions/checkout@v4	2026-10-03T14:59:33.7808503Z [command]"C:\Program Files\Git\bin\git.exe" checkout --progress --force -B feature/server-pt-goal-foundations refs/remotes/origin/feature/server-pt-goal-foundations
pytest (windows-latest, 3.13)	Run actions/checkout@v4	2026-10-03T14:59:34.9043132Z Updating files:   3% (160/4167)
pytest (windows-latest, 3.13)	Run actions/checkout@v4	2026-10-03T14:59:34.9198549Z Updating files:   4% (167/4167)
pytest (windows-latest, 3.13)	Run actions/checkout@v4	2026-10-03T14:59:34.9347940Z Updating files:   5% (209/4167)
pytest (windows-latest, 3.13)	Run actions/checkout@v4	2026-10-03T14:59:34.9533052Z Updating files:   6% (251/4167)
pytest (windows-latest, 3.13)	Run actions/checkout@v4	2026-10-03T14:59:34.9654833Z Updating files:   7% (292/4167)
pytest (windows-latest, 3.13)	Run actions/checkout@v4	2026-10-03T14:59:34.9766293Z Updating files:   8% (334/4167)
pytest (windows-latest, 3.13)	Run actions/checkout@v4	2026-10-03T14:59:34.9862615Z Updating files:   9% (376/4167)
pytest (windows-latest, 3.13)	Run actions/checkout@v4	2026-10-03T14:59:34.9961409Z Updating files:  10% (417/4167)
pytest (windows-latest, 3.13)	Run actions/checkout@v4	2026-10-03T14:59:35.0055786Z Updating files:  11% (459/4167)
pytest (windows-latest, 3.13)	Run actions/checkout@v4	2026-10-03T14:59:35.0154466Z Updating files:  12% (501/4167)
pytest (windows-latest, 3.13)	Run actions/checkout@v4	2026-10-03T14:59:35.0263786Z Updating files:  13% (542/4167)
pytest (windows-latest, 3.13)	Run actions/checkout@v4	2026-10-03T14:59:35.0370678Z Updating files:  14% (584/4167)
pytest (windows-latest, 3.13)	Run actions/checkout@v4	2026-10-03T14:59:35.0468477Z Updating files:  15% (626/4167)
pytest (windows-latest, 3.13)	Run actions/checkout@v4	2026-10-03T14:59:35.0570865Z Updating files:  16% (667/4167)
pytest (windows-latest, 3.13)	Run actions/checkout@v4	2026-10-03T14:59:35.0680427Z Updating files:  17% (709/4167)
pytest (windows-latest, 3.13)	Run actions/checkout@v4	2026-10-03T14:59:35.0779371Z Updating files:  18% (751/4167)
pytest (windows-latest, 3.13)	Run actions/checkout@v4	2026-10-03T14:59:35.0873664Z Updating files:  19% (792/4167)
pytest (windows-latest, 3.13)	Run actions/checkout@v4	2026-10-03T14:59:35.0976103Z Updating files:  20% (834/4167)
pytest (windows-latest, 3.13)	Run actions/checkout@v4	2026-10-03T14:59:35.1079825Z Updating files:  21% (876/4167)
pytest (windows-latest, 3.13)	Run actions/checkout@v4	2026-10-03T14:59:35.1176528Z Updating files:  22% (917/4167)
pytest (windows-latest, 3.13)	Run actions/checkout@v4	2026-10-03T14:59:35.1275695Z Updating files:  23% (959/4167)
pytest (windows-latest, 3.13)	Run actions/checkout@v4	2026-10-03T14:59:35.1373411Z Updating files:  24% (1001/4167)
pytest (windows-latest, 3.13)	Run actions/checkout@v4	2026-10-03T14:59:35.1470305Z Updating files:  25% (1042/4167)
pytest (windows-latest, 3.13)	Run actions/checkout@v4	2026-10-03T14:59:35.1571933Z Updating files:  26% (1084/4167)
pytest (windows-latest, 3.13)	Run actions/checkout@v4	2026-10-03T14:59:35.1671744Z Updating files:  27% (1126/4167)
pytest (windows-latest, 3.13)	Run actions/checkout@v4	2026-10-03T14:59:35.1768153Z Updating files:  28% (1167/4167)
pytest (windows-latest, 3.13)	Run actions/checkout@v4	2026-10-03T14:59:35.1874784Z Updating files:  29% (1209/4167)
pytest (windows-latest, 3.13)	Run actions/checkout@v4	2026-10-03T14:59:35.1971241Z Updating files:  30% (1251/4167)
pytest (windows-latest, 3.13)	Run actions/checkout@v4	2026-10-03T14:59:35.2070628Z Updating files:  31% (1292/4167)
pytest (windows-latest, 3.13)	Run actions/checkout@v4	2026-10-03T14:59:35.2164835Z Updating files:  32% (1334/4167)
pytest (windows-latest, 3.13)	Run actions/checkout@v4	2026-10-03T14:59:35.2267763Z Updating files:  33% (1376/4167)
pytest (windows-latest, 3.13)	Run actions/checkout@v4	2026-10-03T14:59:35.2365237Z Updating files:  34% (1417/4167)
pytest (windows-latest, 3.13)	Run actions/checkout@v4	2026-10-03T14:59:35.2466852Z Updating files:  35% (1459/4167)
pytest (windows-latest, 3.13)	Run actions/checkout@v4	2026-10-03T14:59:35.2559551Z Updating files:  36% (1501/4167)
pytest (windows-latest, 3.13)	Run actions/checkout@v4	2026-10-03T14:59:35.2661785Z Updating files:  37% (1542/4167)
pytest (windows-latest, 3.13)	Run actions/checkout@v4	2026-10-03T14:59:35.2772835Z Updating files:  38% (1584/4167)
pytest (windows-latest, 3.13)	Run actions/checkout@v4	2026-10-03T14:59:35.2867070Z Updating files:  39% (1626/4167)
pytest (windows-latest, 3.13)	Run actions/checkout@v4	2026-10-03T14:59:35.2967328Z Updating files:  40% (1667/4167)
pytest (windows-latest, 3.13)	Run actions/checkout@v4	2026-10-03T14:59:35.3073254Z Updating files:  41% (1709/4167)
pytest (windows-latest, 3.13)	Run actions/checkout@v4	2026-10-03T14:59:35.3187568Z Updating files:  42% (1751/4167)
pytest (windows-latest, 3.13)	Run actions/checkout@v4	2026-10-03T14:59:35.3288856Z Updating files:  43% (1792/4167)
pytest (windows-latest, 3.13)	Run actions/checkout@v4	2026-10-03T14:59:35.3390859Z Updating files:  44% (1834/4167)
pytest (windows-latest, 3.13)	Run actions/checkout@v4	2026-10-03T14:59:35.3488648Z Updating files:  45% (1876/4167)
pytest (windows-latest, 3.13)	Run actions/checkout@v4	2026-10-03T14:59:35.3613681Z Updating files:  46% (1917/4167)
pytest (windows-latest, 3.13)	Run actions/checkout@v4	2026-10-03T14:59:35.3713409Z Updating files:  47% (1959/4167)
pytest (windows-latest, 3.13)	Run actions/checkout@v4	2026-10-03T14:59:35.3848310Z Updating files:  48% (2001/4167)
pytest (windows-latest, 3.13)	Run actions/checkout@v4	2026-10-03T14:59:35.3945825Z Updating files:  49% (2042/4167)
pytest (windows-latest, 3.13)	Run actions/checkout@v4	2026-10-03T14:59:35.4040060Z Updating files:  50% (2084/4167)
pytest (windows-latest, 3.13)	Run actions/checkout@v4	2026-10-03T14:59:35.4146504Z Updating files:  51% (2126/4167)
pytest (windows-latest, 3.13)	Run actions/checkout@v4	2026-10-03T14:59:35.4247671Z Updating files:  52% (2167/4167)
pytest (windows-latest, 3.13)	Run actions/checkout@v4	2026-10-03T14:59:35.4343091Z Updating files:  53% (2209/4167)
pytest (windows-latest, 3.13)	Run actions/checkout@v4	2026-10-03T14:59:35.4444242Z Updating files:  54% (2251/4167)
pytest (windows-latest, 3.13)	Run actions/checkout@v4	2026-10-03T14:59:35.4541711Z Updating files:  55% (2292/4167)
pytest (windows-latest, 3.13)	Run actions/checkout@v4	2026-10-03T14:59:35.4639782Z Updating files:  56% (2334/4167)
pytest (windows-latest, 3.13)	Run actions/checkout@v4	2026-10-03T14:59:35.4747708Z Updating files:  57% (2376/4167)
pytest (windows-latest, 3.13)	Run actions/checkout@v4	2026-10-03T14:59:35.4848360Z Updating files:  58% (2417/4167)
pytest (windows-latest, 3.13)	Run actions/checkout@v4	2026-10-03T14:59:35.4976574Z Updating files:  59% (2459/4167)
pytest (windows-latest, 3.13)	Run actions/checkout@v4	2026-10-03T14:59:35.5071798Z Updating files:  60% (2501/4167)
pytest (windows-latest, 3.13)	Run actions/checkout@v4	2026-10-03T14:59:35.5172877Z Updating files:  61% (2542/4167)
pytest (windows-latest, 3.13)	Run actions/checkout@v4	2026-10-03T14:59:35.5276850Z Updating files:  62% (2584/4167)
pytest (windows-latest, 3.13)	Run actions/checkout@v4	2026-10-03T14:59:35.5380779Z Updating files:  63% (2626/4167)
pytest (windows-latest, 3.13)	Run actions/checkout@v4	2026-10-03T14:59:35.5479905Z Updating files:  64% (2667/4167)
pytest (windows-latest, 3.13)	Run actions/checkout@v4	2026-10-03T14:59:35.5591759Z Updating files:  65% (2709/4167)
pytest (windows-latest, 3.13)	Run actions/checkout@v4	2026-10-03T14:59:35.5689653Z Updating files:  66% (2751/4167)
pytest (windows-latest, 3.13)	Run actions/checkout@v4	2026-10-03T14:59:35.5788950Z Updating files:  67% (2792/4167)
pytest (windows-latest, 3.13)	Run actions/checkout@v4	2026-10-03T14:59:35.5924047Z Updating files:  68% (2834/4167)
pytest (windows-latest, 3.13)	Run actions/checkout@v4	2026-10-03T14:59:35.6049518Z Updating files:  69% (2876/4167)
pytest (windows-latest, 3.13)	Run actions/checkout@v4	2026-10-03T14:59:35.6148058Z Updating files:  70% (2917/4167)
pytest (windows-latest, 3.13)	Run actions/checkout@v4	2026-10-03T14:59:35.6249567Z Updating files:  71% (2959/4167)
pytest (windows-latest, 3.13)	Run actions/checkout@v4	2026-10-03T14:59:35.6349222Z Updating files:  72% (3001/4167)
pytest (windows-latest, 3.13)	Run actions/checkout@v4	2026-10-03T14:59:35.6527050Z Updating files:  73% (3042/4167)
pytest (windows-latest, 3.13)	Run actions/checkout@v4	2026-10-03T14:59:35.6645662Z Updating files:  74% (3084/4167)
pytest (windows-latest, 3.13)	Run actions/checkout@v4	2026-10-03T14:59:35.6744632Z Updating files:  75% (3126/4167)
pytest (windows-latest, 3.13)	Run actions/checkout@v4	2026-10-03T14:59:35.6840040Z Updating files:  76% (3167/4167)
pytest (windows-latest, 3.13)	Run actions/checkout@v4	2026-10-03T14:59:35.7015811Z Updating files:  77% (3209/4167)
pytest (windows-latest, 3.13)	Run actions/checkout@v4	2026-10-03T14:59:35.7132606Z Updating files:  78% (3251/4167)
pytest (windows-latest, 3.13)	Run actions/checkout@v4	2026-10-03T14:59:35.7294421Z Updating files:  79% (3292/4167)
pytest (windows-latest, 3.13)	Run actions/checkout@v4	2026-10-03T14:59:35.7443336Z Updating files:  80% (3334/4167)
pytest (windows-latest, 3.13)	Run actions/checkout@v4	2026-10-03T14:59:35.7567245Z Updating files:  81% (3376/4167)
pytest (windows-latest, 3.13)	Run actions/checkout@v4	2026-10-03T14:59:35.7704322Z Updating files:  82% (3417/4167)
pytest (windows-latest, 3.13)	Run actions/checkout@v4	2026-10-03T14:59:35.7849961Z Updating files:  83% (3459/4167)
pytest (windows-latest, 3.13)	Run actions/checkout@v4	2026-10-03T14:59:35.7956377Z Updating files:  84% (3501/4167)
pytest (windows-latest, 3.13)	Run actions/checkout@v4	2026-10-03T14:59:35.8082403Z Updating files:  85% (3542/4167)
pytest (windows-latest, 3.13)	Run actions/checkout@v4	2026-10-03T14:59:35.8217528Z Updating files:  86% (3584/4167)
pytest (windows-latest, 3.13)	Run actions/checkout@v4	2026-10-03T14:59:35.8259099Z Updating files:  86% (3613/4167)
pytest (windows-latest, 3.13)	Run actions/checkout@v4	2026-10-03T14:59:35.8383385Z Updating files:  87% (3626/4167)
pytest (windows-latest, 3.13)	Run actions/checkout@v4	2026-10-03T14:59:35.8498430Z Updating files:  88% (3667/4167)
pytest (windows-latest, 3.13)	Run actions/checkout@v4	2026-10-03T14:59:35.8621494Z Updating files:  89% (3709/4167)
pytest (windows-latest, 3.13)	Run actions/checkout@v4	2026-10-03T14:59:35.8768386Z Updating files:  90% (3751/4167)
pytest (windows-latest, 3.13)	Run actions/checkout@v4	2026-10-03T14:59:35.8902545Z Updating files:  91% (3792/4167)
pytest (windows-latest, 3.13)	Run actions/checkout@v4	2026-10-03T14:59:35.9036673Z Updating files:  92% (3834/4167)
pytest (windows-latest, 3.13)	Run actions/checkout@v4	2026-10-03T14:59:35.9167237Z Updating files:  93% (3876/4167)
pytest (windows-latest, 3.13)	Run actions/checkout@v4	2026-10-03T14:59:35.9286973Z Updating files:  94% (3917/4167)
pytest (windows-latest, 3.13)	Run actions/checkout@v4	2026-10-03T14:59:35.9425074Z Updating files:  95% (3959/4167)
pytest (windows-latest, 3.13)	Run actions/checkout@v4	2026-10-03T14:59:35.9550402Z Updating files:  96% (4001/4167)
pytest (windows-latest, 3.13)	Run actions/checkout@v4	2026-10-03T14:59:35.9690304Z Updating files:  97% (4042/4167)
pytest (windows-latest, 3.13)	Run actions/checkout@v4	2026-10-03T14:59:35.9819217Z Updating files:  98% (4084/4167)
pytest (windows-latest, 3.13)	Run actions/checkout@v4	2026-10-03T14:59:35.9943657Z Updating files:  99% (4126/4167)
pytest (windows-latest, 3.13)	Run actions/checkout@v4	2026-10-03T14:59:35.9947054Z Updating files: 100% (4167/4167)
pytest (windows-latest, 3.13)	Run actions/checkout@v4	2026-10-03T14:59:35.9947592Z Updating files: 100% (4167/4167), done.
pytest (windows-latest, 3.13)	Run actions/checkout@v4	2026-10-03T14:59:36.0134347Z Switched to a new branch 'feature/server-pt-goal-foundations'
pytest (windows-latest, 3.13)	Run actions/checkout@v4	2026-10-03T14:59:36.0160154Z branch 'feature/server-pt-goal-foundations' set up to track 'origin/feature/server-pt-goal-foundations'.
pytest (windows-latest, 3.13)	Run actions/checkout@v4	2026-10-03T14:59:36.0268539Z ##[endgroup]
pytest (windows-latest, 3.13)	Run actions/checkout@v4	2026-10-03T14:59:36.0606855Z [command]"C:\Program Files\Git\bin\git.exe" log -1 --format=%H
pytest (windows-latest, 3.13)	Run actions/checkout@v4	2026-10-03T14:59:36.0883058Z ec3b01f84896c9a392f7cc142443460c9d76b8eb
pytest (windows-latest, 3.13)	Run actions/checkout@v4	2026-10-03T14:59:36.0928100Z ##[group]Removing auth
pytest (windows-latest, 3.13)	Run actions/checkout@v4	2026-10-03T14:59:36.0940871Z [command]"C:\Program Files\Git\bin\git.exe" config --local --name-only --get-regexp core\.sshCommand
pytest (windows-latest, 3.13)	Run actions/checkout@v4	2026-10-03T14:59:36.1276531Z [command]"C:\Program Files\Git\bin\git.exe" submodule foreach --recursive "sh -c \"git config --local --name-only --get-regexp 'core\.sshCommand' && git config --local --unset-all 'core.sshCommand' || :\""
pytest (windows-latest, 3.13)	Run actions/checkout@v4	2026-10-03T14:59:36.6654388Z [command]"C:\Program Files\Git\bin\git.exe" config --local --name-only --get-regexp http\.https\:\/\/github\.com\/\.extraheader
pytest (windows-latest, 3.13)	Run actions/checkout@v4	2026-10-03T14:59:36.6920987Z http.https://github.com/.extraheader
pytest (windows-latest, 3.13)	Run actions/checkout@v4	2026-10-03T14:59:36.6965867Z [command]"C:\Program Files\Git\bin\git.exe" config --local --unset-all http.https://github.com/.extraheader
pytest (windows-latest, 3.13)	Run actions/checkout@v4	2026-10-03T14:59:36.7269562Z [command]"C:\Program Files\Git\bin\git.exe" submodule foreach --recursive "sh -c \"git config --local --name-only --get-regexp 'http\.https\:\/\/github\.com\/\.extraheader' && git config --local --unset-all 'http.https://github.com/.extraheader' || :\""
pytest (windows-latest, 3.13)	Run actions/checkout@v4	2026-10-03T14:59:37.2322634Z [command]"C:\Program Files\Git\bin\git.exe" config --local --name-only --get-regexp ^includeIf\.gitdir:
pytest (windows-latest, 3.13)	Run actions/checkout@v4	2026-10-03T14:59:37.2622220Z [command]"C:\Program Files\Git\bin\git.exe" submodule foreach --recursive "git config --local --show-origin --name-only --get-regexp remote.origin.url"
pytest (windows-latest, 3.13)	Run actions/checkout@v4	2026-10-03T14:59:37.8055203Z ##[endgroup]
pytest (windows-latest, 3.13)	Run actions/setup-python@v5	﻿2026-10-03T14:59:37.8545025Z ##[group]Run actions/setup-python@v5
pytest (windows-latest, 3.13)	Run actions/setup-python@v5	2026-10-03T14:59:37.8545361Z with:
pytest (windows-latest, 3.13)	Run actions/setup-python@v5	2026-10-03T14:59:37.8545555Z   python-version: 3.13
pytest (windows-latest, 3.13)	Run actions/setup-python@v5	2026-10-03T14:59:37.8545771Z   check-latest: false
pytest (windows-latest, 3.13)	Run actions/setup-python@v5	2026-10-03T14:59:37.8548504Z   token: ***
pytest (windows-latest, 3.13)	Run actions/setup-python@v5	2026-10-03T14:59:37.8548699Z   update-environment: true
pytest (windows-latest, 3.13)	Run actions/setup-python@v5	2026-10-03T14:59:37.8548931Z   allow-prereleases: false
pytest (windows-latest, 3.13)	Run actions/setup-python@v5	2026-10-03T14:59:37.8549142Z   freethreaded: false
pytest (windows-latest, 3.13)	Run actions/setup-python@v5	2026-10-03T14:59:37.8549324Z env:
pytest (windows-latest, 3.13)	Run actions/setup-python@v5	2026-10-03T14:59:37.8549627Z   PT_MCP_BRIDGE_TOKEN: ci-token-long-enough-to-be-considered-valid-0123456789
pytest (windows-latest, 3.13)	Run actions/setup-python@v5	2026-10-03T14:59:37.8550014Z ##[endgroup]
pytest (windows-latest, 3.13)	Run actions/setup-python@v5	2026-10-03T14:59:38.0107790Z ##[group]Installed versions
pytest (windows-latest, 3.13)	Run actions/setup-python@v5	2026-10-03T14:59:38.0203753Z (node:10084) [DEP0040] DeprecationWarning: The `punycode` module is deprecated. Please use a userland alternative instead.
pytest (windows-latest, 3.13)	Run actions/setup-python@v5	2026-10-03T14:59:38.0204562Z (Use `node --trace-deprecation ...` to show where the warning was created)
pytest (windows-latest, 3.13)	Run actions/setup-python@v5	2026-10-03T14:59:38.0205920Z Successfully set up CPython (3.13.15)
pytest (windows-latest, 3.13)	Run actions/setup-python@v5	2026-10-03T14:59:38.0207246Z ##[endgroup]
pytest (windows-latest, 3.13)	Create checkout-local environment	﻿2026-10-03T14:59:38.0495506Z ##[group]Run python -m venv .venv
pytest (windows-latest, 3.13)	Create checkout-local environment	2026-10-03T14:59:38.0495899Z ^[[36;1mpython -m venv .venv^[[0m
pytest (windows-latest, 3.13)	Create checkout-local environment	2026-10-03T14:59:38.0637696Z shell: C:\Program Files\PowerShell\7\pwsh.EXE -command ". '{0}'"
pytest (windows-latest, 3.13)	Create checkout-local environment	2026-10-03T14:59:38.0638062Z env:
pytest (windows-latest, 3.13)	Create checkout-local environment	2026-10-03T14:59:38.0638396Z   PT_MCP_BRIDGE_TOKEN: ci-token-long-enough-to-be-considered-valid-0123456789
pytest (windows-latest, 3.13)	Create checkout-local environment	2026-10-03T14:59:38.0638904Z   pythonLocation: C:\hostedtoolcache\windows\Python\3.13.15\x64
pytest (windows-latest, 3.13)	Create checkout-local environment	2026-10-03T14:59:38.0639402Z   PKG_CONFIG_PATH: C:\hostedtoolcache\windows\Python\3.13.15\x64/lib/pkgconfig
pytest (windows-latest, 3.13)	Create checkout-local environment	2026-10-03T14:59:38.0639889Z   Python_ROOT_DIR: C:\hostedtoolcache\windows\Python\3.13.15\x64
pytest (windows-latest, 3.13)	Create checkout-local environment	2026-10-03T14:59:38.0640328Z   Python2_ROOT_DIR: C:\hostedtoolcache\windows\Python\3.13.15\x64
pytest (windows-latest, 3.13)	Create checkout-local environment	2026-10-03T14:59:38.0640760Z   Python3_ROOT_DIR: C:\hostedtoolcache\windows\Python\3.13.15\x64
pytest (windows-latest, 3.13)	Create checkout-local environment	2026-10-03T14:59:38.0641105Z ##[endgroup]
pytest (windows-latest, 3.13)	Install (Windows)	﻿2026-10-03T14:59:44.1645170Z ##[group]Run .\.venv\Scripts\python.exe -m pip install --upgrade pip
pytest (windows-latest, 3.13)	Install (Windows)	2026-10-03T14:59:44.1645775Z ^[[36;1m.\.venv\Scripts\python.exe -m pip install --upgrade pip^[[0m
pytest (windows-latest, 3.13)	Install (Windows)	2026-10-03T14:59:44.1646267Z ^[[36;1m.\.venv\Scripts\python.exe -m pip install -e ".[test,quality]"^[[0m
pytest (windows-latest, 3.13)	Install (Windows)	2026-10-03T14:59:44.1719853Z shell: C:\Program Files\PowerShell\7\pwsh.EXE -command ". '{0}'"
pytest (windows-latest, 3.13)	Install (Windows)	2026-10-03T14:59:44.1720218Z env:
pytest (windows-latest, 3.13)	Install (Windows)	2026-10-03T14:59:44.1720556Z   PT_MCP_BRIDGE_TOKEN: ci-token-long-enough-to-be-considered-valid-0123456789
pytest (windows-latest, 3.13)	Install (Windows)	2026-10-03T14:59:44.1721075Z   pythonLocation: C:\hostedtoolcache\windows\Python\3.13.15\x64
pytest (windows-latest, 3.13)	Install (Windows)	2026-10-03T14:59:44.1721552Z   PKG_CONFIG_PATH: C:\hostedtoolcache\windows\Python\3.13.15\x64/lib/pkgconfig
pytest (windows-latest, 3.13)	Install (Windows)	2026-10-03T14:59:44.1722027Z   Python_ROOT_DIR: C:\hostedtoolcache\windows\Python\3.13.15\x64
pytest (windows-latest, 3.13)	Install (Windows)	2026-10-03T14:59:44.1722446Z   Python2_ROOT_DIR: C:\hostedtoolcache\windows\Python\3.13.15\x64
pytest (windows-latest, 3.13)	Install (Windows)	2026-10-03T14:59:44.1722884Z   Python3_ROOT_DIR: C:\hostedtoolcache\windows\Python\3.13.15\x64
pytest (windows-latest, 3.13)	Install (Windows)	2026-10-03T14:59:44.1723258Z ##[endgroup]
pytest (windows-latest, 3.13)	Install (Windows)	2026-10-03T14:59:45.5468289Z Requirement already satisfied: pip in .\.venv\Lib\site-packages (26.2.1)
pytest (windows-latest, 3.13)	Install (Windows)	2026-10-03T14:59:47.1214626Z Obtaining file:///D:/a/cisco-muejeje/cisco-muejeje
pytest (windows-latest, 3.13)	Install (Windows)	2026-10-03T14:59:47.1253956Z   Installing build dependencies: started
pytest (windows-latest, 3.13)	Install (Windows)	2026-10-03T14:59:49.6460547Z   Installing build dependencies: finished with status 'done'
pytest (windows-latest, 3.13)	Install (Windows)	2026-10-03T14:59:49.6479037Z   Checking if build backend supports build_editable: started
pytest (windows-latest, 3.13)	Install (Windows)	2026-10-03T14:59:49.7181816Z   Checking if build backend supports build_editable: finished with status 'done'
pytest (windows-latest, 3.13)	Install (Windows)	2026-10-03T14:59:49.7214492Z   Getting requirements to build editable: started
pytest (windows-latest, 3.13)	Install (Windows)	2026-10-03T14:59:50.0159368Z   Getting requirements to build editable: finished with status 'done'
pytest (windows-latest, 3.13)	Install (Windows)	2026-10-03T14:59:50.0191701Z   Installing backend dependencies: started
pytest (windows-latest, 3.13)	Install (Windows)	2026-10-03T14:59:51.7501904Z   Installing backend dependencies: finished with status 'done'
pytest (windows-latest, 3.13)	Install (Windows)	2026-10-03T14:59:51.7522474Z   Preparing editable metadata (pyproject.toml): started
pytest (windows-latest, 3.13)	Install (Windows)	2026-10-03T14:59:52.0868724Z   Preparing editable metadata (pyproject.toml): finished with status 'done'
pytest (windows-latest, 3.13)	Install (Windows)	2026-10-03T14:59:52.3768710Z Collecting mcp<2,>=1.13 (from mcp[cli]<2,>=1.13->packet-tracer-mcp==0.8.0)
pytest (windows-latest, 3.13)	Install (Windows)	2026-10-03T14:59:52.5787774Z   Downloading mcp-1.30.0-py3-none-any.whl.metadata (9.3 kB)
pytest (windows-latest, 3.13)	Install (Windows)	2026-10-03T14:59:52.7998118Z Collecting pydantic<3,>=2.11 (from packet-tracer-mcp==0.8.0)
pytest (windows-latest, 3.13)	Install (Windows)	2026-10-03T14:59:52.8069287Z   Downloading pydantic-2.13.5-py3-none-any.whl.metadata (110 kB)
pytest (windows-latest, 3.13)	Install (Windows)	2026-10-03T14:59:53.2787773Z Collecting ruff==0.16.7 (from packet-tracer-mcp==0.8.0)
pytest (windows-latest, 3.13)	Install (Windows)	2026-10-03T14:59:53.2849881Z   Downloading ruff-0.16.7-py3-none-win_amd64.whl.metadata (21 kB)
pytest (windows-latest, 3.13)	Install (Windows)	2026-10-03T14:59:53.3481930Z Collecting pytest>=8 (from packet-tracer-mcp==0.8.0)
pytest (windows-latest, 3.13)	Install (Windows)	2026-10-03T14:59:53.3528780Z   Downloading pytest-9.1.1-py3-none-any.whl.metadata (7.6 kB)
pytest (windows-latest, 3.13)	Install (Windows)	2026-10-03T14:59:53.4443490Z Collecting anyio>=4.5 (from mcp<2,>=1.13->mcp[cli]<2,>=1.13->packet-tracer-mcp==0.8.0)
pytest (windows-latest, 3.13)	Install (Windows)	2026-10-03T14:59:53.4492684Z   Downloading anyio-4.15.1-py3-none-any.whl.metadata (4.7 kB)
pytest (windows-latest, 3.13)	Install (Windows)	2026-10-03T14:59:53.4945323Z Collecting httpx-sse>=0.4 (from mcp<2,>=1.13->mcp[cli]<2,>=1.13->packet-tracer-mcp==0.8.0)
pytest (windows-latest, 3.13)	Install (Windows)	2026-10-03T14:59:53.4990545Z   Downloading httpx_sse-0.4.3-py3-none-any.whl.metadata (9.7 kB)
pytest (windows-latest, 3.13)	Install (Windows)	2026-10-03T14:59:53.5521120Z Collecting httpx<1.0.0,>=0.27.1 (from mcp<2,>=1.13->mcp[cli]<2,>=1.13->packet-tracer-mcp==0.8.0)
pytest (windows-latest, 3.13)	Install (Windows)	2026-10-03T14:59:53.5587087Z   Downloading httpx-0.28.1-py3-none-any.whl.metadata (7.1 kB)
pytest (windows-latest, 3.13)	Install (Windows)	2026-10-03T14:59:53.6128416Z Collecting jsonschema>=4.20.0 (from mcp<2,>=1.13->mcp[cli]<2,>=1.13->packet-tracer-mcp==0.8.0)
pytest (windows-latest, 3.13)	Install (Windows)	2026-10-03T14:59:53.6176054Z   Downloading jsonschema-4.26.0-py3-none-any.whl.metadata (7.6 kB)
pytest (windows-latest, 3.13)	Install (Windows)	2026-10-03T14:59:53.6683864Z Collecting pydantic-settings>=2.5.2 (from mcp<2,>=1.13->mcp[cli]<2,>=1.13->packet-tracer-mcp==0.8.0)
pytest (windows-latest, 3.13)	Install (Windows)	2026-10-03T14:59:53.6731032Z   Downloading pydantic_settings-2.15.0-py3-none-any.whl.metadata (3.9 kB)
pytest (windows-latest, 3.13)	Install (Windows)	2026-10-03T14:59:53.7602802Z Collecting pyjwt>=2.10.1 (from pyjwt[crypto]>=2.10.1->mcp<2,>=1.13->mcp[cli]<2,>=1.13->packet-tracer-mcp==0.8.0)
pytest (windows-latest, 3.13)	Install (Windows)	2026-10-03T14:59:53.7657424Z   Downloading pyjwt-2.15.1-py3-none-any.whl.metadata (3.5 kB)
pytest (windows-latest, 3.13)	Install (Windows)	2026-10-03T14:59:53.8189242Z Collecting python-multipart>=0.0.9 (from mcp<2,>=1.13->mcp[cli]<2,>=1.13->packet-tracer-mcp==0.8.0)
pytest (windows-latest, 3.13)	Install (Windows)	2026-10-03T14:59:53.8236338Z   Downloading python_multipart-0.0.32-py3-none-any.whl.metadata (2.1 kB)
pytest (windows-latest, 3.13)	Install (Windows)	2026-10-03T14:59:53.8802246Z Collecting pywin32>=310 (from mcp<2,>=1.13->mcp[cli]<2,>=1.13->packet-tracer-mcp==0.8.0)
pytest (windows-latest, 3.13)	Install (Windows)	2026-10-03T14:59:53.8847670Z   Downloading pywin32-312-cp313-cp313-win_amd64.whl.metadata (11 kB)
pytest (windows-latest, 3.13)	Install (Windows)	2026-10-03T14:59:53.9383348Z Collecting sse-starlette>=1.6.1 (from mcp<2,>=1.13->mcp[cli]<2,>=1.13->packet-tracer-mcp==0.8.0)
pytest (windows-latest, 3.13)	Install (Windows)	2026-10-03T14:59:53.9429240Z   Downloading sse_starlette-3.5.0-py3-none-any.whl.metadata (15 kB)
pytest (windows-latest, 3.13)	Install (Windows)	2026-10-03T14:59:54.0033032Z Collecting starlette>=0.27 (from mcp<2,>=1.13->mcp[cli]<2,>=1.13->packet-tracer-mcp==0.8.0)
pytest (windows-latest, 3.13)	Install (Windows)	2026-10-03T14:59:54.0085157Z   Downloading starlette-1.7.0-py3-none-any.whl.metadata (6.6 kB)
pytest (windows-latest, 3.13)	Install (Windows)	2026-10-03T14:59:54.1581276Z Collecting typing-extensions>=4.9.0 (from mcp<2,>=1.13->mcp[cli]<2,>=1.13->packet-tracer-mcp==0.8.0)
pytest (windows-latest, 3.13)	Install (Windows)	2026-10-03T14:59:54.1630003Z   Downloading typing_extensions-4.16.0-py3-none-any.whl.metadata (3.3 kB)
pytest (windows-latest, 3.13)	Install (Windows)	2026-10-03T14:59:54.2113801Z Collecting typing-inspection>=0.4.1 (from mcp<2,>=1.13->mcp[cli]<2,>=1.13->packet-tracer-mcp==0.8.0)
pytest (windows-latest, 3.13)	Install (Windows)	2026-10-03T14:59:54.2185112Z   Downloading typing_inspection-0.4.4-py3-none-any.whl.metadata (2.6 kB)
pytest (windows-latest, 3.13)	Install (Windows)	2026-10-03T14:59:54.2841345Z Collecting uvicorn>=0.31.1 (from mcp<2,>=1.13->mcp[cli]<2,>=1.13->packet-tracer-mcp==0.8.0)
pytest (windows-latest, 3.13)	Install (Windows)	2026-10-03T14:59:54.2892231Z   Downloading uvicorn-0.54.0-py3-none-any.whl.metadata (6.6 kB)
pytest (windows-latest, 3.13)	Install (Windows)	2026-10-03T14:59:54.3456264Z Collecting certifi (from httpx<1.0.0,>=0.27.1->mcp<2,>=1.13->mcp[cli]<2,>=1.13->packet-tracer-mcp==0.8.0)
pytest (windows-latest, 3.13)	Install (Windows)	2026-10-03T14:59:54.3545688Z   Downloading certifi-2026.7.22-py3-none-any.whl.metadata (2.5 kB)
pytest (windows-latest, 3.13)	Install (Windows)	2026-10-03T14:59:54.4054153Z Collecting httpcore==1.* (from httpx<1.0.0,>=0.27.1->mcp<2,>=1.13->mcp[cli]<2,>=1.13->packet-tracer-mcp==0.8.0)
pytest (windows-latest, 3.13)	Install (Windows)	2026-10-03T14:59:54.4101308Z   Downloading httpcore-1.0.9-py3-none-any.whl.metadata (21 kB)
pytest (windows-latest, 3.13)	Install (Windows)	2026-10-03T14:59:54.4610137Z Collecting idna (from httpx<1.0.0,>=0.27.1->mcp<2,>=1.13->mcp[cli]<2,>=1.13->packet-tracer-mcp==0.8.0)
pytest (windows-latest, 3.13)	Install (Windows)	2026-10-03T14:59:54.4659000Z   Downloading idna-3.20-py3-none-any.whl.metadata (7.2 kB)
pytest (windows-latest, 3.13)	Install (Windows)	2026-10-03T14:59:54.5148517Z Collecting h11>=0.16 (from httpcore==1.*->httpx<1.0.0,>=0.27.1->mcp<2,>=1.13->mcp[cli]<2,>=1.13->packet-tracer-mcp==0.8.0)
pytest (windows-latest, 3.13)	Install (Windows)	2026-10-03T14:59:54.5200271Z   Downloading h11-0.16.0-py3-none-any.whl.metadata (8.3 kB)
pytest (windows-latest, 3.13)	Install (Windows)	2026-10-03T14:59:54.6305505Z Collecting python-dotenv>=1.0.0 (from mcp[cli]<2,>=1.13->packet-tracer-mcp==0.8.0)
pytest (windows-latest, 3.13)	Install (Windows)	2026-10-03T14:59:54.6358586Z   Downloading python_dotenv-1.2.4-py3-none-any.whl.metadata (29 kB)
pytest (windows-latest, 3.13)	Install (Windows)	2026-10-03T14:59:54.7078043Z Collecting typer>=0.16.0 (from mcp[cli]<2,>=1.13->packet-tracer-mcp==0.8.0)
pytest (windows-latest, 3.13)	Install (Windows)	2026-10-03T14:59:54.7133931Z   Downloading typer-0.27.2-py3-none-any.whl.metadata (16 kB)
pytest (windows-latest, 3.13)	Install (Windows)	2026-10-03T14:59:54.8017362Z Collecting annotated-types>=0.6.0 (from pydantic<3,>=2.11->packet-tracer-mcp==0.8.0)
pytest (windows-latest, 3.13)	Install (Windows)	2026-10-03T14:59:54.8071227Z   Downloading annotated_types-0.8.0-py3-none-any.whl.metadata (15 kB)
pytest (windows-latest, 3.13)	Install (Windows)	2026-10-03T14:59:55.5405268Z Collecting pydantic-core==2.46.5 (from pydantic<3,>=2.11->packet-tracer-mcp==0.8.0)
pytest (windows-latest, 3.13)	Install (Windows)	2026-10-03T14:59:55.5456813Z   Downloading pydantic_core-2.46.5-cp313-cp313-win_amd64.whl.metadata (6.7 kB)
pytest (windows-latest, 3.13)	Install (Windows)	2026-10-03T14:59:55.6023814Z Collecting attrs>=22.2.0 (from jsonschema>=4.20.0->mcp<2,>=1.13->mcp[cli]<2,>=1.13->packet-tracer-mcp==0.8.0)
pytest (windows-latest, 3.13)	Install (Windows)	2026-10-03T14:59:55.6069817Z   Downloading attrs-26.1.0-py3-none-any.whl.metadata (8.8 kB)
pytest (windows-latest, 3.13)	Install (Windows)	2026-10-03T14:59:55.6570955Z Collecting jsonschema-specifications>=2023.03.6 (from jsonschema>=4.20.0->mcp<2,>=1.13->mcp[cli]<2,>=1.13->packet-tracer-mcp==0.8.0)
pytest (windows-latest, 3.13)	Install (Windows)	2026-10-03T14:59:55.6624129Z   Downloading jsonschema_specifications-2025.9.1-py3-none-any.whl.metadata (2.9 kB)
pytest (windows-latest, 3.13)	Install (Windows)	2026-10-03T14:59:55.7183003Z Collecting referencing>=0.28.4 (from jsonschema>=4.20.0->mcp<2,>=1.13->mcp[cli]<2,>=1.13->packet-tracer-mcp==0.8.0)
pytest (windows-latest, 3.13)	Install (Windows)	2026-10-03T14:59:55.7229854Z   Downloading referencing-0.37.0-py3-none-any.whl.metadata (2.8 kB)
pytest (windows-latest, 3.13)	Install (Windows)	2026-10-03T14:59:56.0797638Z Collecting rpds-py>=0.25.0 (from jsonschema>=4.20.0->mcp<2,>=1.13->mcp[cli]<2,>=1.13->packet-tracer-mcp==0.8.0)
pytest (windows-latest, 3.13)	Install (Windows)	2026-10-03T14:59:56.0848002Z   Downloading rpds_py-2026.6.3-cp313-cp313-win_amd64.whl.metadata (4.2 kB)
pytest (windows-latest, 3.13)	Install (Windows)	2026-10-03T14:59:56.3182560Z Collecting cryptography>=3.4.0 (from pyjwt[crypto]>=2.10.1->mcp<2,>=1.13->mcp[cli]<2,>=1.13->packet-tracer-mcp==0.8.0)
pytest (windows-latest, 3.13)	Install (Windows)	2026-10-03T14:59:56.3242696Z   Downloading cryptography-50.0.2-cp311-abi3-win_amd64.whl.metadata (4.4 kB)
pytest (windows-latest, 3.13)	Install (Windows)	2026-10-03T14:59:56.4736142Z Collecting cffi>=2.0.0 (from cryptography>=3.4.0->pyjwt[crypto]>=2.10.1->mcp<2,>=1.13->mcp[cli]<2,>=1.13->packet-tracer-mcp==0.8.0)
pytest (windows-latest, 3.13)	Install (Windows)	2026-10-03T14:59:56.4785566Z   Downloading cffi-2.1.1-cp313-cp313-win_amd64.whl.metadata (2.6 kB)
pytest (windows-latest, 3.13)	Install (Windows)	2026-10-03T14:59:56.5294117Z Collecting pycparser (from cffi>=2.0.0->cryptography>=3.4.0->pyjwt[crypto]>=2.10.1->mcp<2,>=1.13->mcp[cli]<2,>=1.13->packet-tracer-mcp==0.8.0)
pytest (windows-latest, 3.13)	Install (Windows)	2026-10-03T14:59:56.5340019Z   Downloading pycparser-3.0-py3-none-any.whl.metadata (8.2 kB)
pytest (windows-latest, 3.13)	Install (Windows)	2026-10-03T14:59:56.5871806Z Collecting colorama>=0.4 (from pytest>=8->packet-tracer-mcp==0.8.0)
pytest (windows-latest, 3.13)	Install (Windows)	2026-10-03T14:59:56.5918495Z   Downloading colorama-0.4.6-py2.py3-none-any.whl.metadata (17 kB)
pytest (windows-latest, 3.13)	Install (Windows)	2026-10-03T14:59:56.6384338Z Collecting iniconfig>=1.0.1 (from pytest>=8->packet-tracer-mcp==0.8.0)
pytest (windows-latest, 3.13)	Install (Windows)	2026-10-03T14:59:56.6455029Z   Downloading iniconfig-2.3.0-py3-none-any.whl.metadata (2.5 kB)
pytest (windows-latest, 3.13)	Install (Windows)	2026-10-03T14:59:56.6779016Z Collecting packaging>=22 (from pytest>=8->packet-tracer-mcp==0.8.0)
pytest (windows-latest, 3.13)	Install (Windows)	2026-10-03T14:59:56.6807431Z   Using cached packaging-26.3-py3-none-any.whl.metadata (3.5 kB)
pytest (windows-latest, 3.13)	Install (Windows)	2026-10-03T14:59:56.6909186Z Collecting pluggy<2,>=1.5 (from pytest>=8->packet-tracer-mcp==0.8.0)
pytest (windows-latest, 3.13)	Install (Windows)	2026-10-03T14:59:56.6929826Z   Using cached pluggy-1.6.0-py3-none-any.whl.metadata (4.8 kB)
pytest (windows-latest, 3.13)	Install (Windows)	2026-10-03T14:59:56.7613512Z Collecting pygments>=2.7.2 (from pytest>=8->packet-tracer-mcp==0.8.0)
pytest (windows-latest, 3.13)	Install (Windows)	2026-10-03T14:59:56.7625985Z   Downloading pygments-2.21.0-py3-none-any.whl.metadata (2.5 kB)
pytest (windows-latest, 3.13)	Install (Windows)	2026-10-03T14:59:56.8524574Z Collecting shellingham>=1.3.0 (from typer>=0.16.0->mcp[cli]<2,>=1.13->packet-tracer-mcp==0.8.0)
pytest (windows-latest, 3.13)	Install (Windows)	2026-10-03T14:59:56.8620305Z   Downloading shellingham-1.5.4-py2.py3-none-any.whl.metadata (3.5 kB)
pytest (windows-latest, 3.13)	Install (Windows)	2026-10-03T14:59:56.9493494Z Collecting rich>=13.8.0 (from typer>=0.16.0->mcp[cli]<2,>=1.13->packet-tracer-mcp==0.8.0)
pytest (windows-latest, 3.13)	Install (Windows)	2026-10-03T14:59:56.9603839Z   Downloading rich-15.0.0-py3-none-any.whl.metadata (18 kB)
pytest (windows-latest, 3.13)	Install (Windows)	2026-10-03T14:59:57.1979695Z Collecting annotated-doc>=0.0.2 (from typer>=0.16.0->mcp[cli]<2,>=1.13->packet-tracer-mcp==0.8.0)
pytest (windows-latest, 3.13)	Install (Windows)	2026-10-03T14:59:57.2060103Z   Downloading annotated_doc-0.0.5-py3-none-any.whl.metadata (6.5 kB)
pytest (windows-latest, 3.13)	Install (Windows)	2026-10-03T14:59:57.2901264Z Collecting markdown-it-py>=2.2.0 (from rich>=13.8.0->typer>=0.16.0->mcp[cli]<2,>=1.13->packet-tracer-mcp==0.8.0)
pytest (windows-latest, 3.13)	Install (Windows)	2026-10-03T14:59:57.2957196Z   Downloading markdown_it_py-4.2.0-py3-none-any.whl.metadata (7.4 kB)
pytest (windows-latest, 3.13)	Install (Windows)	2026-10-03T14:59:57.3783938Z Collecting mdurl~=0.1 (from markdown-it-py>=2.2.0->rich>=13.8.0->typer>=0.16.0->mcp[cli]<2,>=1.13->packet-tracer-mcp==0.8.0)
pytest (windows-latest, 3.13)	Install (Windows)	2026-10-03T14:59:57.3842993Z   Downloading mdurl-0.1.2-py3-none-any.whl.metadata (1.6 kB)
pytest (windows-latest, 3.13)	Install (Windows)	2026-10-03T14:59:57.4923793Z Collecting click>=7.0 (from uvicorn>=0.31.1->mcp<2,>=1.13->mcp[cli]<2,>=1.13->packet-tracer-mcp==0.8.0)
pytest (windows-latest, 3.13)	Install (Windows)	2026-10-03T14:59:57.4978784Z   Downloading click-8.5.0-py3-none-any.whl.metadata (2.6 kB)
pytest (windows-latest, 3.13)	Install (Windows)	2026-10-03T14:59:57.5338388Z Downloading ruff-0.16.7-py3-none-win_amd64.whl (10.6 MB)
pytest (windows-latest, 3.13)	Install (Windows)	2026-10-03T14:59:58.0495281Z    ---------------------------------------- 10.6/10.6 MB 49.8 MB/s  0:00:00
pytest (windows-latest, 3.13)	Install (Windows)	2026-10-03T14:59:58.0508616Z Downloading mcp-1.30.0-py3-none-any.whl (234 kB)
pytest (windows-latest, 3.13)	Install (Windows)	2026-10-03T14:59:58.1763186Z Downloading httpx-0.28.1-py3-none-any.whl (73 kB)
pytest (windows-latest, 3.13)	Install (Windows)	2026-10-03T14:59:58.2322537Z Downloading httpcore-1.0.9-py3-none-any.whl (78 kB)
pytest (windows-latest, 3.13)	Install (Windows)	2026-10-03T14:59:58.4788425Z Downloading pydantic-2.13.5-py3-none-any.whl (472 kB)
pytest (windows-latest, 3.13)	Install (Windows)	2026-10-03T14:59:58.5068217Z Downloading pydantic_core-2.46.5-cp313-cp313-win_amd64.whl (2.0 MB)
pytest (windows-latest, 3.13)	Install (Windows)	2026-10-03T14:59:58.9669002Z    ---------------------------------------- 2.0/2.0 MB 4.5 MB/s  0:00:00
pytest (windows-latest, 3.13)	Install (Windows)	2026-10-03T14:59:58.9765851Z Downloading annotated_types-0.8.0-py3-none-any.whl (13 kB)
pytest (windows-latest, 3.13)	Install (Windows)	2026-10-03T14:59:59.3448996Z Downloading anyio-4.15.1-py3-none-any.whl (132 kB)
pytest (windows-latest, 3.13)	Install (Windows)	2026-10-03T15:00:00.1361237Z Downloading h11-0.16.0-py3-none-any.whl (37 kB)
pytest (windows-latest, 3.13)	Install (Windows)	2026-10-03T15:00:01.4905996Z Downloading httpx_sse-0.4.3-py3-none-any.whl (9.0 kB)
pytest (windows-latest, 3.13)	Install (Windows)	2026-10-03T15:00:01.5802241Z Downloading idna-3.20-py3-none-any.whl (69 kB)
pytest (windows-latest, 3.13)	Install (Windows)	2026-10-03T15:00:01.6195152Z Downloading jsonschema-4.26.0-py3-none-any.whl (90 kB)
pytest (windows-latest, 3.13)	Install (Windows)	2026-10-03T15:00:01.6488039Z Downloading attrs-26.1.0-py3-none-any.whl (67 kB)
pytest (windows-latest, 3.13)	Install (Windows)	2026-10-03T15:00:01.7098749Z Downloading jsonschema_specifications-2025.9.1-py3-none-any.whl (18 kB)
pytest (windows-latest, 3.13)	Install (Windows)	2026-10-03T15:00:01.8738653Z Downloading pydantic_settings-2.15.0-py3-none-any.whl (69 kB)
pytest (windows-latest, 3.13)	Install (Windows)	2026-10-03T15:00:02.2587477Z Downloading pyjwt-2.15.1-py3-none-any.whl (33 kB)
pytest (windows-latest, 3.13)	Install (Windows)	2026-10-03T15:00:02.8841459Z Downloading cryptography-50.0.2-cp311-abi3-win_amd64.whl (3.8 MB)
pytest (windows-latest, 3.13)	Install (Windows)	2026-10-03T15:00:03.6775758Z    ---------------------------------------- 3.8/3.8 MB 12.3 MB/s  0:00:00
pytest (windows-latest, 3.13)	Install (Windows)	2026-10-03T15:00:03.6850948Z Downloading cffi-2.1.1-cp313-cp313-win_amd64.whl (185 kB)
pytest (windows-latest, 3.13)	Install (Windows)	2026-10-03T15:00:04.1003774Z Downloading pytest-9.1.1-py3-none-any.whl (386 kB)
pytest (windows-latest, 3.13)	Install (Windows)	2026-10-03T15:00:04.2254055Z Using cached pluggy-1.6.0-py3-none-any.whl (20 kB)
pytest (windows-latest, 3.13)	Install (Windows)	2026-10-03T15:00:04.2365805Z Downloading colorama-0.4.6-py2.py3-none-any.whl (25 kB)
pytest (windows-latest, 3.13)	Install (Windows)	2026-10-03T15:00:04.2676904Z Downloading iniconfig-2.3.0-py3-none-any.whl (7.5 kB)
pytest (windows-latest, 3.13)	Install (Windows)	2026-10-03T15:00:04.3988776Z Using cached packaging-26.3-py3-none-any.whl (129 kB)
pytest (windows-latest, 3.13)	Install (Windows)	2026-10-03T15:00:04.3989884Z Downloading pygments-2.21.0-py3-none-any.whl (1.3 MB)
pytest (windows-latest, 3.13)	Install (Windows)	2026-10-03T15:00:04.5948477Z    ---------------------------------------- 1.3/1.3 MB 5.2 MB/s  0:00:00
pytest (windows-latest, 3.13)	Install (Windows)	2026-10-03T15:00:04.6012386Z Downloading python_dotenv-1.2.4-py3-none-any.whl (23 kB)
pytest (windows-latest, 3.13)	Install (Windows)	2026-10-03T15:00:04.8112765Z Downloading python_multipart-0.0.32-py3-none-any.whl (30 kB)
pytest (windows-latest, 3.13)	Install (Windows)	2026-10-03T15:00:04.9593710Z Downloading pywin32-312-cp313-cp313-win_amd64.whl (6.9 MB)
pytest (windows-latest, 3.13)	Install (Windows)	2026-10-03T15:00:05.1666470Z    ---------------------------------------- 6.9/6.9 MB 35.8 MB/s  0:00:00
pytest (windows-latest, 3.13)	Install (Windows)	2026-10-03T15:00:05.1843650Z Downloading referencing-0.37.0-py3-none-any.whl (26 kB)
pytest (windows-latest, 3.13)	Install (Windows)	2026-10-03T15:00:05.5751525Z Downloading rpds_py-2026.6.3-cp313-cp313-win_amd64.whl (219 kB)
pytest (windows-latest, 3.13)	Install (Windows)	2026-10-03T15:00:05.7149724Z Downloading sse_starlette-3.5.0-py3-none-any.whl (17 kB)
pytest (windows-latest, 3.13)	Install (Windows)	2026-10-03T15:00:05.7673783Z Downloading starlette-1.7.0-py3-none-any.whl (78 kB)
pytest (windows-latest, 3.13)	Install (Windows)	2026-10-03T15:00:05.8565640Z Downloading typer-0.27.2-py3-none-any.whl (123 kB)
pytest (windows-latest, 3.13)	Install (Windows)	2026-10-03T15:00:05.9124040Z Downloading annotated_doc-0.0.5-py3-none-any.whl (5.3 kB)
pytest (windows-latest, 3.13)	Install (Windows)	2026-10-03T15:00:06.0342957Z Downloading rich-15.0.0-py3-none-any.whl (310 kB)
pytest (windows-latest, 3.13)	Install (Windows)	2026-10-03T15:00:06.1395407Z Downloading markdown_it_py-4.2.0-py3-none-any.whl (91 kB)
pytest (windows-latest, 3.13)	Install (Windows)	2026-10-03T15:00:06.2157429Z Downloading mdurl-0.1.2-py3-none-any.whl (10.0 kB)
pytest (windows-latest, 3.13)	Install (Windows)	2026-10-03T15:00:06.2985572Z Downloading shellingham-1.5.4-py2.py3-none-any.whl (9.8 kB)
pytest (windows-latest, 3.13)	Install (Windows)	2026-10-03T15:00:06.3896311Z Downloading typing_extensions-4.16.0-py3-none-any.whl (45 kB)
pytest (windows-latest, 3.13)	Install (Windows)	2026-10-03T15:00:06.3902708Z Downloading typing_inspection-0.4.4-py3-none-any.whl (14 kB)
pytest (windows-latest, 3.13)	Install (Windows)	2026-10-03T15:00:06.4529555Z Downloading uvicorn-0.54.0-py3-none-any.whl (87 kB)
pytest (windows-latest, 3.13)	Install (Windows)	2026-10-03T15:00:06.5285542Z Downloading click-8.5.0-py3-none-any.whl (125 kB)
pytest (windows-latest, 3.13)	Install (Windows)	2026-10-03T15:00:06.5770322Z Downloading certifi-2026.7.22-py3-none-any.whl (136 kB)
pytest (windows-latest, 3.13)	Install (Windows)	2026-10-03T15:00:06.6588900Z Downloading pycparser-3.0-py3-none-any.whl (48 kB)
pytest (windows-latest, 3.13)	Install (Windows)	2026-10-03T15:00:07.0021049Z Building wheels for collected packages: packet-tracer-mcp
pytest (windows-latest, 3.13)	Install (Windows)	2026-10-03T15:00:07.0070591Z   Building editable for packet-tracer-mcp (pyproject.toml): started
pytest (windows-latest, 3.13)	Install (Windows)	2026-10-03T15:00:07.1062382Z   Building editable for packet-tracer-mcp (pyproject.toml): finished with status 'done'
pytest (windows-latest, 3.13)	Install (Windows)	2026-10-03T15:00:07.1225817Z   Created wheel for packet-tracer-mcp: filename=packet_tracer_mcp-0.8.0-py3-none-any.whl size=3681 sha256=8aa56295c49d6321dce40fde7bb624bdb4667bb86515131925ef683bc0df9579
pytest (windows-latest, 3.13)	Install (Windows)	2026-10-03T15:00:07.1230034Z   Stored in directory: C:\Users\runneradmin\AppData\Local\Temp\pip-ephem-wheel-cache-is0smirr\wheels\a8\fd\5e\67adeb26bfc11568af83c8c755a6928c5570e11ed79198e421
pytest (windows-latest, 3.13)	Install (Windows)	2026-10-03T15:00:07.1260466Z Successfully built packet-tracer-mcp
pytest (windows-latest, 3.13)	Install (Windows)	2026-10-03T15:00:07.3430454Z Installing collected packages: typing-extensions, shellingham, ruff, rpds-py, pywin32, python-multipart, python-dotenv, pyjwt, pygments, pycparser, pluggy, packaging, mdurl, iniconfig, idna, httpx-sse, h11, colorama, click, certifi, attrs, annotated-types, annotated-doc, uvicorn, typing-inspection, referencing, pytest, pydantic-core, markdown-it-py, httpcore, cffi, anyio, starlette, rich, pydantic, jsonschema-specifications, httpx, cryptography, typer, sse-starlette, pydantic-settings, jsonschema, mcp, packet-tracer-mcp
pytest (windows-latest, 3.13)	Install (Windows)	2026-10-03T15:00:15.0714216Z 
pytest (windows-latest, 3.13)	Install (Windows)	2026-10-03T15:00:15.0764826Z Successfully installed annotated-doc-0.0.5 annotated-types-0.8.0 anyio-4.15.1 attrs-26.1.0 certifi-2026.7.22 cffi-2.1.1 click-8.5.0 colorama-0.4.6 cryptography-50.0.2 h11-0.16.0 httpcore-1.0.9 httpx-0.28.1 httpx-sse-0.4.3 idna-3.20 iniconfig-2.3.0 jsonschema-4.26.0 jsonschema-specifications-2025.9.1 markdown-it-py-4.2.0 mcp-1.30.0 mdurl-0.1.2 packaging-26.3 packet-tracer-mcp-0.8.0 pluggy-1.6.0 pycparser-3.0 pydantic-2.13.5 pydantic-core-2.46.5 pydantic-settings-2.15.0 pygments-2.21.0 pyjwt-2.15.1 pytest-9.1.1 python-dotenv-1.2.4 python-multipart-0.0.32 pywin32-312 referencing-0.37.0 rich-15.0.0 rpds-py-2026.6.3 ruff-0.16.7 shellingham-1.5.4 sse-starlette-3.5.0 starlette-1.7.0 typer-0.27.2 typing-extensions-4.16.0 typing-inspection-0.4.4 uvicorn-0.54.0
pytest (windows-latest, 3.13)	Run tests (Windows)	﻿2026-10-03T15:00:15.4833023Z ##[group]Run .\.venv\Scripts\python.exe -m pytest -q -rs
pytest (windows-latest, 3.13)	Run tests (Windows)	2026-10-03T15:00:15.4833528Z ^[[36;1m.\.venv\Scripts\python.exe -m pytest -q -rs^[[0m
pytest (windows-latest, 3.13)	Run tests (Windows)	2026-10-03T15:00:15.4905385Z shell: C:\Program Files\PowerShell\7\pwsh.EXE -command ". '{0}'"
pytest (windows-latest, 3.13)	Run tests (Windows)	2026-10-03T15:00:15.4906223Z env:
pytest (windows-latest, 3.13)	Run tests (Windows)	2026-10-03T15:00:15.4907537Z   PT_MCP_BRIDGE_TOKEN: ci-token-long-enough-to-be-considered-valid-0123456789
pytest (windows-latest, 3.13)	Run tests (Windows)	2026-10-03T15:00:15.4908070Z   pythonLocation: C:\hostedtoolcache\windows\Python\3.13.15\x64
pytest (windows-latest, 3.13)	Run tests (Windows)	2026-10-03T15:00:15.4908570Z   PKG_CONFIG_PATH: C:\hostedtoolcache\windows\Python\3.13.15\x64/lib/pkgconfig
pytest (windows-latest, 3.13)	Run tests (Windows)	2026-10-03T15:00:15.4909026Z   Python_ROOT_DIR: C:\hostedtoolcache\windows\Python\3.13.15\x64
pytest (windows-latest, 3.13)	Run tests (Windows)	2026-10-03T15:00:15.4909435Z   Python2_ROOT_DIR: C:\hostedtoolcache\windows\Python\3.13.15\x64
pytest (windows-latest, 3.13)	Run tests (Windows)	2026-10-03T15:00:15.4909836Z   Python3_ROOT_DIR: C:\hostedtoolcache\windows\Python\3.13.15\x64
pytest (windows-latest, 3.13)	Run tests (Windows)	2026-10-03T15:00:15.4910162Z ##[endgroup]
pytest (windows-latest, 3.13)	Run tests (Windows)	2026-10-03T15:00:55.8568021Z ........................................................................ [  0%]
pytest (windows-latest, 3.13)	Run tests (Windows)	2026-10-03T15:00:55.9631366Z ........................................................................ [  1%]
pytest (windows-latest, 3.13)	Run tests (Windows)	2026-10-03T15:00:56.0390633Z ........................................................................ [  2%]
pytest (windows-latest, 3.13)	Run tests (Windows)	2026-10-03T15:01:04.9284845Z ........................................................................ [  3%]
pytest (windows-latest, 3.13)	Run tests (Windows)	2026-10-03T15:01:11.4551395Z ........................................................................ [  4%]
pytest (windows-latest, 3.13)	Run tests (Windows)	2026-10-03T15:01:34.9993421Z ........................................................................ [  4%]
pytest (windows-latest, 3.13)	Run tests (Windows)	2026-10-03T15:01:38.1539931Z ........................................................................ [  5%]
pytest (windows-latest, 3.13)	Run tests (Windows)	2026-10-03T15:01:43.2213793Z ........................................................................ [  6%]
pytest (windows-latest, 3.13)	Run tests (Windows)	2026-10-03T15:01:56.1469778Z ........................................................................ [  7%]
pytest (windows-latest, 3.13)	Run tests (Windows)	2026-10-03T15:02:16.5192695Z ........................................................................ [  8%]
pytest (windows-latest, 3.13)	Run tests (Windows)	2026-10-03T15:02:28.4456602Z ........................................................................ [  8%]
pytest (windows-latest, 3.13)	Run tests (Windows)	2026-10-03T15:02:37.4600503Z ........................................................................ [  9%]
pytest (windows-latest, 3.13)	Run tests (Windows)	2026-10-03T15:02:37.7511000Z ........................................................................ [ 10%]
pytest (windows-latest, 3.13)	Run tests (Windows)	2026-10-03T15:02:37.9182381Z ........................................................................ [ 11%]
pytest (windows-latest, 3.13)	Run tests (Windows)	2026-10-03T15:02:40.6847342Z ........................................................................ [ 12%]
pytest (windows-latest, 3.13)	Run tests (Windows)	2026-10-03T15:03:26.3731613Z ........................................................................ [ 12%]
pytest (windows-latest, 3.13)	Run tests (Windows)	2026-10-03T15:03:43.3779570Z ........................................................................ [ 13%]
pytest (windows-latest, 3.13)	Run tests (Windows)	2026-10-03T15:03:52.8888454Z ........................................................................ [ 14%]
pytest (windows-latest, 3.13)	Run tests (Windows)	2026-10-03T15:03:59.9908908Z ........................................................................ [ 15%]
pytest (windows-latest, 3.13)	Run tests (Windows)	2026-10-03T15:04:21.6878822Z ........................................................................ [ 16%]
pytest (windows-latest, 3.13)	Run tests (Windows)	2026-10-03T15:04:47.0387275Z ........................................................................ [ 17%]
pytest (windows-latest, 3.13)	Run tests (Windows)	2026-10-03T15:04:59.6038031Z ........................................................................ [ 17%]
pytest (windows-latest, 3.13)	Run tests (Windows)	2026-10-03T15:05:50.1866178Z ........................................................................ [ 18%]
pytest (windows-latest, 3.13)	Run tests (Windows)	2026-10-03T15:06:01.3661329Z ........................................................................ [ 19%]
pytest (windows-latest, 3.13)	Run tests (Windows)	2026-10-03T15:06:16.5767582Z ........................................................................ [ 20%]
pytest (windows-latest, 3.13)	Run tests (Windows)	2026-10-03T15:06:26.4284823Z ........................................................................ [ 21%]
pytest (windows-latest, 3.13)	Run tests (Windows)	2026-10-03T15:06:29.7650349Z ........................................................................ [ 21%]
pytest (windows-latest, 3.13)	Run tests (Windows)	2026-10-03T15:06:32.1569937Z ........................................................................ [ 22%]
pytest (windows-latest, 3.13)	Run tests (Windows)	2026-10-03T15:06:33.4371174Z ............s........................................................... [ 23%]
pytest (windows-latest, 3.13)	Run tests (Windows)	2026-10-03T15:06:44.0343282Z ........................................................................ [ 24%]
pytest (windows-latest, 3.13)	Run tests (Windows)	2026-10-03T15:06:46.2756021Z ........................................................................ [ 25%]
pytest (windows-latest, 3.13)	Run tests (Windows)	2026-10-03T15:06:47.6836330Z ........................................................................ [ 25%]
pytest (windows-latest, 3.13)	Run tests (Windows)	2026-10-03T15:06:50.5054096Z ........................................................................ [ 26%]
pytest (windows-latest, 3.13)	Run tests (Windows)	2026-10-03T15:06:54.3888793Z ........................................................................ [ 27%]
pytest (windows-latest, 3.13)	Run tests (Windows)	2026-10-03T15:06:54.5059910Z ........................................................................ [ 28%]
pytest (windows-latest, 3.13)	Run tests (Windows)	2026-10-03T15:06:54.6078802Z ........................................................................ [ 29%]
pytest (windows-latest, 3.13)	Run tests (Windows)	2026-10-03T15:06:54.9257416Z ........................................................................ [ 30%]
pytest (windows-latest, 3.13)	Run tests (Windows)	2026-10-03T15:06:55.8520798Z ........................................................................ [ 30%]
pytest (windows-latest, 3.13)	Run tests (Windows)	2026-10-03T15:06:56.7028542Z ........................................................................ [ 31%]
pytest (windows-latest, 3.13)	Run tests (Windows)	2026-10-03T15:06:57.6340192Z ........................................................................ [ 32%]
pytest (windows-latest, 3.13)	Run tests (Windows)	2026-10-03T15:06:58.5780742Z ........................................................................ [ 33%]
pytest (windows-latest, 3.13)	Run tests (Windows)	2026-10-03T15:07:00.0401659Z ........................................................................ [ 34%]
pytest (windows-latest, 3.13)	Run tests (Windows)	2026-10-03T15:07:07.6167625Z ........................................................................ [ 34%]
pytest (windows-latest, 3.13)	Run tests (Windows)	2026-10-03T15:07:08.2974492Z ........................................................................ [ 35%]
pytest (windows-latest, 3.13)	Run tests (Windows)	2026-10-03T15:07:12.0321148Z ........................................................................ [ 36%]
pytest (windows-latest, 3.13)	Run tests (Windows)	2026-10-03T15:07:12.5378476Z ........................................................................ [ 37%]
pytest (windows-latest, 3.13)	Run tests (Windows)	2026-10-03T15:07:12.8285519Z ........................................................................ [ 38%]
pytest (windows-latest, 3.13)	Run tests (Windows)	2026-10-03T15:07:18.8601386Z ........................................................................ [ 38%]
pytest (windows-latest, 3.13)	Run tests (Windows)	2026-10-03T15:07:26.0329247Z ........................................................................ [ 39%]
pytest (windows-latest, 3.13)	Run tests (Windows)	2026-10-03T15:07:52.2834102Z ........................................................................ [ 40%]
pytest (windows-latest, 3.13)	Run tests (Windows)	2026-10-03T15:07:54.6812051Z ........................................................................ [ 41%]
pytest (windows-latest, 3.13)	Run tests (Windows)	2026-10-03T15:08:16.3400880Z ........................................................................ [ 42%]
pytest (windows-latest, 3.13)	Run tests (Windows)	2026-10-03T15:08:16.4372058Z ........................................................................ [ 43%]
pytest (windows-latest, 3.13)	Run tests (Windows)	2026-10-03T15:08:17.0280428Z ........................................................................ [ 43%]
pytest (windows-latest, 3.13)	Run tests (Windows)	2026-10-03T15:08:17.5609573Z ........................................................................ [ 44%]
pytest (windows-latest, 3.13)	Run tests (Windows)	2026-10-03T15:08:51.0169443Z ........................................................................ [ 45%]
pytest (windows-latest, 3.13)	Run tests (Windows)	2026-10-03T15:08:51.9770144Z ........................................................................ [ 46%]
pytest (windows-latest, 3.13)	Run tests (Windows)	2026-10-03T15:09:30.1686404Z ........................................................................ [ 47%]
pytest (windows-latest, 3.13)	Run tests (Windows)	2026-10-03T15:09:47.0388306Z ........................................................................ [ 47%]
pytest (windows-latest, 3.13)	Run tests (Windows)	2026-10-03T15:09:56.5146061Z ........................................................................ [ 48%]
pytest (windows-latest, 3.13)	Run tests (Windows)	2026-10-03T15:10:15.0421040Z ........................................................................ [ 49%]
pytest (windows-latest, 3.13)	Run tests (Windows)	2026-10-03T15:10:15.1143717Z ........................................................................ [ 50%]
pytest (windows-latest, 3.13)	Run tests (Windows)	2026-10-03T15:10:15.9025684Z ........................................................................ [ 51%]
pytest (windows-latest, 3.13)	Run tests (Windows)	2026-10-03T15:10:16.3177682Z ........................................................................ [ 51%]
pytest (windows-latest, 3.13)	Run tests (Windows)	2026-10-03T15:10:16.5697107Z ........................................................................ [ 52%]
pytest (windows-latest, 3.13)	Run tests (Windows)	2026-10-03T15:10:18.0136055Z ........................................................................ [ 53%]
pytest (windows-latest, 3.13)	Run tests (Windows)	2026-10-03T15:10:19.1785777Z ........................................................................ [ 54%]
pytest (windows-latest, 3.13)	Run tests (Windows)	2026-10-03T15:10:19.2515674Z ........................................................................ [ 55%]
pytest (windows-latest, 3.13)	Run tests (Windows)	2026-10-03T15:10:20.6545410Z ........................................................................ [ 56%]
pytest (windows-latest, 3.13)	Run tests (Windows)	2026-10-03T15:10:21.3328370Z ........................................................................ [ 56%]
pytest (windows-latest, 3.13)	Run tests (Windows)	2026-10-03T15:10:21.4392642Z ........................................................................ [ 57%]
pytest (windows-latest, 3.13)	Run tests (Windows)	2026-10-03T15:10:21.5281549Z ........................................................................ [ 58%]
pytest (windows-latest, 3.13)	Run tests (Windows)	2026-10-03T15:10:21.6039010Z .......................................................................s [ 59%]
pytest (windows-latest, 3.13)	Run tests (Windows)	2026-10-03T15:10:22.9581713Z ........................................................................ [ 60%]
pytest (windows-latest, 3.13)	Run tests (Windows)	2026-10-03T15:10:23.0370578Z ......................s................................................. [ 60%]
pytest (windows-latest, 3.13)	Run tests (Windows)	2026-10-03T15:10:23.1411178Z ........................................................................ [ 61%]
pytest (windows-latest, 3.13)	Run tests (Windows)	2026-10-03T15:10:23.2265421Z ........................................................................ [ 62%]
pytest (windows-latest, 3.13)	Run tests (Windows)	2026-10-03T15:10:23.3136204Z ........................................................................ [ 63%]
pytest (windows-latest, 3.13)	Run tests (Windows)	2026-10-03T15:10:24.6701507Z ........................................................................ [ 64%]
pytest (windows-latest, 3.13)	Run tests (Windows)	2026-10-03T15:10:33.4310192Z ........................................................................ [ 64%]
pytest (windows-latest, 3.13)	Run tests (Windows)	2026-10-03T15:10:50.4802525Z ........................................................................ [ 65%]
pytest (windows-latest, 3.13)	Run tests (Windows)	2026-10-03T15:10:53.3089120Z ........................................................................ [ 66%]
pytest (windows-latest, 3.13)	Run tests (Windows)	2026-10-03T15:10:53.5642778Z ........................................................................ [ 67%]
pytest (windows-latest, 3.13)	Run tests (Windows)	2026-10-03T15:11:04.0312376Z ........................................................................ [ 68%]
pytest (windows-latest, 3.13)	Run tests (Windows)	2026-10-03T15:11:10.6673270Z ........................................................................ [ 68%]
pytest (windows-latest, 3.13)	Run tests (Windows)	2026-10-03T15:11:20.3479582Z ........................................................................ [ 69%]
pytest (windows-latest, 3.13)	Run tests (Windows)	2026-10-03T15:11:33.9230627Z ........................................................................ [ 70%]
pytest (windows-latest, 3.13)	Run tests (Windows)	2026-10-03T15:11:37.0188307Z ........................................................................ [ 71%]
pytest (windows-latest, 3.13)	Run tests (Windows)	2026-10-03T15:11:43.5184550Z ........................................................................ [ 72%]
pytest (windows-latest, 3.13)	Run tests (Windows)	2026-10-03T15:11:46.7126890Z ........................................................................ [ 73%]
pytest (windows-latest, 3.13)	Run tests (Windows)	2026-10-03T15:11:54.4038657Z .................................................................ss..... [ 73%]
pytest (windows-latest, 3.13)	Run tests (Windows)	2026-10-03T15:12:08.9883271Z ........................................................................ [ 74%]
pytest (windows-latest, 3.13)	Run tests (Windows)	2026-10-03T15:12:12.7878269Z ............................s........................................... [ 75%]
pytest (windows-latest, 3.13)	Run tests (Windows)	2026-10-03T15:12:17.4751763Z ........................................................................ [ 76%]
pytest (windows-latest, 3.13)	Run tests (Windows)	2026-10-03T15:12:19.1846863Z ........................................................................ [ 77%]
pytest (windows-latest, 3.13)	Run tests (Windows)	2026-10-03T15:12:27.4934470Z ........................................................................ [ 77%]
pytest (windows-latest, 3.13)	Run tests (Windows)	2026-10-03T15:12:34.0912116Z ........................................................................ [ 78%]
pytest (windows-latest, 3.13)	Run tests (Windows)	2026-10-03T15:12:37.7663975Z ........................................................................ [ 79%]
pytest (windows-latest, 3.13)	Run tests (Windows)	2026-10-03T15:12:54.2607811Z ........................................................................ [ 80%]
pytest (windows-latest, 3.13)	Run tests (Windows)	2026-10-03T15:13:05.4490611Z ........................................................................ [ 81%]
pytest (windows-latest, 3.13)	Run tests (Windows)	2026-10-03T15:13:09.6710137Z ........................................................................ [ 81%]
pytest (windows-latest, 3.13)	Run tests (Windows)	2026-10-03T15:13:09.7390361Z ........................................................................ [ 82%]
pytest (windows-latest, 3.13)	Run tests (Windows)	2026-10-03T15:13:13.1569697Z ........................................................................ [ 83%]
pytest (windows-latest, 3.13)	Run tests (Windows)	2026-10-03T15:13:20.3148521Z ........................................................................ [ 84%]
pytest (windows-latest, 3.13)	Run tests (Windows)	2026-10-03T15:13:22.1776400Z ........................................................................ [ 85%]
pytest (windows-latest, 3.13)	Run tests (Windows)	2026-10-03T15:13:22.2573840Z ........................................................................ [ 86%]
pytest (windows-latest, 3.13)	Run tests (Windows)	2026-10-03T15:13:22.3302160Z ........................................................................ [ 86%]
pytest (windows-latest, 3.13)	Run tests (Windows)	2026-10-03T15:13:33.2677476Z ........................................................................ [ 87%]
pytest (windows-latest, 3.13)	Run tests (Windows)	2026-10-03T15:13:38.8803147Z ........................................................................ [ 88%]
pytest (windows-latest, 3.13)	Run tests (Windows)	2026-10-03T15:16:46.2057067Z ........................................................................ [ 89%]
pytest (windows-latest, 3.13)	Run tests (Windows)	2026-10-03T15:18:29.5926681Z ........................................................................ [ 90%]
pytest (windows-latest, 3.13)	Run tests (Windows)	2026-10-03T15:20:06.4034663Z ........................................................................ [ 90%]
pytest (windows-latest, 3.13)	Run tests (Windows)	2026-10-03T15:20:55.6136407Z ........................................................................ [ 91%]
pytest (windows-latest, 3.13)	Run tests (Windows)	2026-10-03T15:21:12.9481174Z ........................................................................ [ 92%]
pytest (windows-latest, 3.13)	Run tests (Windows)	2026-10-03T15:21:30.6640501Z ........................................................................ [ 93%]
pytest (windows-latest, 3.13)	Run tests (Windows)	2026-10-03T15:21:32.4203876Z ........................................................................ [ 94%]
pytest (windows-latest, 3.13)	Run tests (Windows)	2026-10-03T15:21:32.4958512Z ........................................................................ [ 94%]
pytest (windows-latest, 3.13)	Run tests (Windows)	2026-10-03T15:21:32.5730755Z ........................................................................ [ 95%]
pytest (windows-latest, 3.13)	Run tests (Windows)	2026-10-03T15:22:04.9089838Z ........................................................................ [ 96%]
pytest (windows-latest, 3.13)	Run tests (Windows)	2026-10-03T15:22:08.6551402Z ........................................................................ [ 97%]
pytest (windows-latest, 3.13)	Run tests (Windows)	2026-10-03T15:22:08.7758833Z ........................................................................ [ 98%]
pytest (windows-latest, 3.13)	Run tests (Windows)	2026-10-03T15:22:08.8747176Z ........................................................................ [ 99%]
pytest (windows-latest, 3.13)	Run tests (Windows)	2026-10-03T15:22:09.6492294Z ........................................................................ [ 99%]
pytest (windows-latest, 3.13)	Run tests (Windows)	2026-10-03T15:22:15.3839108Z ..............                                                           [100%]
pytest (windows-latest, 3.13)	Run tests (Windows)	2026-10-03T15:22:15.3839884Z ============================== warnings summary ===============================
pytest (windows-latest, 3.13)	Run tests (Windows)	2026-10-03T15:22:15.3841174Z tests/test_e95_interface_routing_semantics.py::TestTheReferenceIsUnchanged::test_the_reference_still_emits_no_bandwidth_anywhere
pytest (windows-latest, 3.13)	Run tests (Windows)	2026-10-03T15:22:15.3842628Z tests/test_e95_productive_pipeline.py::TestTheCompilerReachesLinkPerformance::test_the_reference_still_compiles_after_the_wiring
pytest (windows-latest, 3.13)	Run tests (Windows)	2026-10-03T15:22:15.3844099Z tests/test_e95_productive_pipeline.py::TestUnknownProfileNeverMutates::test_an_unknown_profile_produces_zero_link_mode_mutations
pytest (windows-latest, 3.13)	Run tests (Windows)	2026-10-03T15:22:15.3845728Z   D:\a\cisco-muejeje\cisco-muejeje\.venv\Lib\site-packages\_pytest\fixtures.py:1313: PytestRemovedIn10Warning: Class-scoped fixture defined as instance method is deprecated.
pytest (windows-latest, 3.13)	Run tests (Windows)	2026-10-03T15:22:15.3847081Z   Instance attributes set in this fixture will NOT be visible to test methods,
pytest (windows-latest, 3.13)	Run tests (Windows)	2026-10-03T15:22:15.3847873Z   as each test gets a new instance while the fixture runs only once per class.
pytest (windows-latest, 3.13)	Run tests (Windows)	2026-10-03T15:22:15.3848593Z   Use @classmethod decorator and set attributes on cls instead.
pytest (windows-latest, 3.13)	Run tests (Windows)	2026-10-03T15:22:15.3850038Z   See https://docs.pytest.org/en/stable/deprecations.html#class-scoped-fixture-as-instance-method
pytest (windows-latest, 3.13)	Run tests (Windows)	2026-10-03T15:22:15.3850842Z     fixturefunc = resolve_fixture_function(fixturedef, request)
pytest (windows-latest, 3.13)	Run tests (Windows)	2026-10-03T15:22:15.3851233Z 
pytest (windows-latest, 3.13)	Run tests (Windows)	2026-10-03T15:22:15.3851534Z -- Docs: https://docs.pytest.org/en/stable/how-to/capture-warnings.html
pytest (windows-latest, 3.13)	Run tests (Windows)	2026-10-03T15:22:15.3852157Z =========================== short test summary info ===========================
pytest (windows-latest, 3.13)	Run tests (Windows)	2026-10-03T15:22:15.3852878Z SKIPPED [1] tests\test_dhcp_native_default_sequence.py:110: the D-DHCP record is machine-local
pytest (windows-latest, 3.13)	Run tests (Windows)	2026-10-03T15:22:15.3853840Z SKIPPED [1] tests\test_positive_voice_ab_evidence_ledger.py:131: no retained raw run is present in this checkout
pytest (windows-latest, 3.13)	Run tests (Windows)	2026-10-03T15:22:15.3855215Z SKIPPED [1] tests\test_positive_voice_dhcp_pool_observer.py:562: the ignored qualification artefact is absent here
pytest (windows-latest, 3.13)	Run tests (Windows)	2026-10-03T15:22:15.3856266Z SKIPPED [1] tests\test_server_pt_fastloop_retirement.py:2332: opt-in: set PT_MCP_NATIVE_WINDOW_TESTS=1 on Windows
pytest (windows-latest, 3.13)	Run tests (Windows)	2026-10-03T15:22:15.3858078Z SKIPPED [1] tests\test_server_pt_fastloop_retirement.py:2405: opt-in: set PT_MCP_NATIVE_WINDOW_TESTS=1 on Windows
pytest (windows-latest, 3.13)	Run tests (Windows)	2026-10-03T15:22:15.3859170Z SKIPPED [1] tests\test_server_pt_published_sources.py:188: the documentation extra (`.[docs]`) is not installed here
pytest (windows-latest, 3.13)	Run tests (Windows)	2026-10-03T15:22:15.3859842Z 8864 passed, 6 skipped, 3 warnings in 1314.49s (0:21:54)
pytest (windows-latest, 3.13)	Post Run actions/setup-python@v5	﻿2026-10-03T15:22:16.9611684Z Post job cleanup.
pytest (windows-latest, 3.13)	Post Run actions/setup-python@v5	2026-10-03T15:22:17.1189529Z (node:7448) [DEP0040] DeprecationWarning: The `punycode` module is deprecated. Please use a userland alternative instead.
pytest (windows-latest, 3.13)	Post Run actions/setup-python@v5	2026-10-03T15:22:17.1190568Z (Use `node --trace-deprecation ...` to show where the warning was created)
pytest (windows-latest, 3.13)	Post Run actions/checkout@v4	﻿2026-10-03T15:22:17.1539607Z Post job cleanup.
pytest (windows-latest, 3.13)	Post Run actions/checkout@v4	2026-10-03T15:22:17.3730882Z [command]"C:\Program Files\Git\bin\git.exe" version
pytest (windows-latest, 3.13)	Post Run actions/checkout@v4	2026-10-03T15:22:17.4014525Z git version 2.55.0.windows.5
pytest (windows-latest, 3.13)	Post Run actions/checkout@v4	2026-10-03T15:22:17.4080744Z Temporarily overriding HOME='D:\a\_temp\322fff3c-8b78-4d3f-b035-acf631bc9508' before making global git config changes
pytest (windows-latest, 3.13)	Post Run actions/checkout@v4	2026-10-03T15:22:17.4082197Z Adding repository directory to the temporary git global config as a safe directory
pytest (windows-latest, 3.13)	Post Run actions/checkout@v4	2026-10-03T15:22:17.4093002Z [command]"C:\Program Files\Git\bin\git.exe" config --global --add safe.directory D:\a\cisco-muejeje\cisco-muejeje
pytest (windows-latest, 3.13)	Post Run actions/checkout@v4	2026-10-03T15:22:17.4411592Z [command]"C:\Program Files\Git\bin\git.exe" config --local --name-only --get-regexp core\.sshCommand
pytest (windows-latest, 3.13)	Post Run actions/checkout@v4	2026-10-03T15:22:17.4725341Z [command]"C:\Program Files\Git\bin\git.exe" submodule foreach --recursive "sh -c \"git config --local --name-only --get-regexp 'core\.sshCommand' && git config --local --unset-all 'core.sshCommand' || :\""
pytest (windows-latest, 3.13)	Post Run actions/checkout@v4	2026-10-03T15:22:18.0657774Z [command]"C:\Program Files\Git\bin\git.exe" config --local --name-only --get-regexp http\.https\:\/\/github\.com\/\.extraheader
pytest (windows-latest, 3.13)	Post Run actions/checkout@v4	2026-10-03T15:22:18.0970701Z [command]"C:\Program Files\Git\bin\git.exe" submodule foreach --recursive "sh -c \"git config --local --name-only --get-regexp 'http\.https\:\/\/github\.com\/\.extraheader' && git config --local --unset-all 'http.https://github.com/.extraheader' || :\""
pytest (windows-latest, 3.13)	Post Run actions/checkout@v4	2026-10-03T15:22:18.6670443Z [command]"C:\Program Files\Git\bin\git.exe" config --local --name-only --get-regexp ^includeIf\.gitdir:
pytest (windows-latest, 3.13)	Post Run actions/checkout@v4	2026-10-03T15:22:18.6978465Z [command]"C:\Program Files\Git\bin\git.exe" submodule foreach --recursive "git config --local --show-origin --name-only --get-regexp remote.origin.url"
pytest (windows-latest, 3.13)	Complete job	﻿2026-10-03T15:22:19.2277923Z Cleaning up orphan processes
pytest (windows-latest, 3.13)	Complete job	2026-10-03T15:22:19.2316250Z ##[warning]Node.js 20 is deprecated. The following actions target Node.js 20 but are being forced to run on Node.js 24: actions/checkout@v4, actions/setup-python@v5. For more information see: https://github.blog/changelog/2025-09-19-deprecation-of-node-20-on-github-actions-runners/
pytest (windows-latest, 3.11)	Set up job	﻿2026-10-03T14:59:25.2799544Z Current runner version: '2.337.0'
pytest (windows-latest, 3.11)	Set up job	2026-10-03T14:59:25.2849867Z ##[group]Runner Image Provisioner
pytest (windows-latest, 3.11)	Set up job	2026-10-03T14:59:25.2850635Z Hosted Compute Agent
pytest (windows-latest, 3.11)	Set up job	2026-10-03T14:59:25.2851082Z Version: 20260901.588
pytest (windows-latest, 3.11)	Set up job	2026-10-03T14:59:25.2851562Z Commit: f88ec8081b781fac6c440065ac7ff9e710ce3d0b
pytest (windows-latest, 3.11)	Set up job	2026-10-03T14:59:25.2852125Z Build Date: 2026-09-01T19:56:44Z
pytest (windows-latest, 3.11)	Set up job	2026-10-03T14:59:25.2852642Z Worker ID: {c9612b7c-8fcd-4278-b3f1-214a970791f4}
pytest (windows-latest, 3.11)	Set up job	2026-10-03T14:59:25.2853192Z Azure Region: northcentralus
pytest (windows-latest, 3.11)	Set up job	2026-10-03T14:59:25.2853706Z ##[endgroup]
pytest (windows-latest, 3.11)	Set up job	2026-10-03T14:59:25.2854723Z ##[group]Operating System
pytest (windows-latest, 3.11)	Set up job	2026-10-03T14:59:25.2855223Z Microsoft Windows Server 2025
pytest (windows-latest, 3.11)	Set up job	2026-10-03T14:59:25.2855714Z 10.0.26100
pytest (windows-latest, 3.11)	Set up job	2026-10-03T14:59:25.2856162Z Datacenter
pytest (windows-latest, 3.11)	Set up job	2026-10-03T14:59:25.2856600Z ##[endgroup]
pytest (windows-latest, 3.11)	Set up job	2026-10-03T14:59:25.2857039Z ##[group]Runner Image
pytest (windows-latest, 3.11)	Set up job	2026-10-03T14:59:25.2857504Z Image: windows-2025-vs2026
pytest (windows-latest, 3.11)	Set up job	2026-10-03T14:59:25.2857950Z Version: 20260925.250.1
pytest (windows-latest, 3.11)	Set up job	2026-10-03T14:59:25.2858832Z Included Software: https://github.com/actions/runner-images/blob/win25-vs2026/20260925.250/images/windows/Windows2025-VS2026-Readme.md
pytest (windows-latest, 3.11)	Set up job	2026-10-03T14:59:25.2860421Z Image Release: https://github.com/actions/runner-images/releases/tag/win25-vs2026%2F20260925.250
pytest (windows-latest, 3.11)	Set up job	2026-10-03T14:59:25.2861192Z ##[endgroup]
pytest (windows-latest, 3.11)	Set up job	2026-10-03T14:59:25.2862411Z ##[group]GITHUB_TOKEN Permissions
pytest (windows-latest, 3.11)	Set up job	2026-10-03T14:59:25.2863966Z Contents: read
pytest (windows-latest, 3.11)	Set up job	2026-10-03T14:59:25.2864456Z Metadata: read
pytest (windows-latest, 3.11)	Set up job	2026-10-03T14:59:25.2864887Z ##[endgroup]
pytest (windows-latest, 3.11)	Set up job	2026-10-03T14:59:25.2866805Z Secret source: Actions
pytest (windows-latest, 3.11)	Set up job	2026-10-03T14:59:25.2867532Z Cache mode: write
pytest (windows-latest, 3.11)	Set up job	2026-10-03T14:59:25.2868092Z Prepare workflow directory
pytest (windows-latest, 3.11)	Set up job	2026-10-03T14:59:25.3215893Z Prepare all required actions
pytest (windows-latest, 3.11)	Set up job	2026-10-03T14:59:25.3255545Z Getting action download info
pytest (windows-latest, 3.11)	Set up job	2026-10-03T14:59:25.4944393Z Download action repository 'actions/checkout@v4' (SHA:11d5960a326750d5838078e36cf38b85af677262)
pytest (windows-latest, 3.11)	Set up job	2026-10-03T14:59:25.6244761Z Download action repository 'actions/setup-python@v5' (SHA:a26af69be951a213d495a4c3e4e4022e16d87065)
pytest (windows-latest, 3.11)	Set up job	2026-10-03T14:59:25.8701851Z Complete job name: pytest (windows-latest, 3.11)
pytest (windows-latest, 3.11)	Run actions/checkout@v4	﻿2026-10-03T14:59:25.9928094Z ##[group]Run actions/checkout@v4
pytest (windows-latest, 3.11)	Run actions/checkout@v4	2026-10-03T14:59:25.9929015Z with:
pytest (windows-latest, 3.11)	Run actions/checkout@v4	2026-10-03T14:59:25.9929323Z   fetch-depth: 0
pytest (windows-latest, 3.11)	Run actions/checkout@v4	2026-10-03T14:59:25.9929662Z   persist-credentials: false
pytest (windows-latest, 3.11)	Run actions/checkout@v4	2026-10-03T14:59:25.9930054Z   repository: andres18113/cisco-muejeje
pytest (windows-latest, 3.11)	Run actions/checkout@v4	2026-10-03T14:59:25.9933159Z   token: ***
pytest (windows-latest, 3.11)	Run actions/checkout@v4	2026-10-03T14:59:25.9933466Z   ssh-strict: true
pytest (windows-latest, 3.11)	Run actions/checkout@v4	2026-10-03T14:59:25.9933793Z   ssh-user: git
pytest (windows-latest, 3.11)	Run actions/checkout@v4	2026-10-03T14:59:25.9934095Z   clean: true
pytest (windows-latest, 3.11)	Run actions/checkout@v4	2026-10-03T14:59:25.9934418Z   sparse-checkout-cone-mode: true
pytest (windows-latest, 3.11)	Run actions/checkout@v4	2026-10-03T14:59:25.9934796Z   fetch-tags: false
pytest (windows-latest, 3.11)	Run actions/checkout@v4	2026-10-03T14:59:25.9935113Z   show-progress: true
pytest (windows-latest, 3.11)	Run actions/checkout@v4	2026-10-03T14:59:25.9935427Z   lfs: false
pytest (windows-latest, 3.11)	Run actions/checkout@v4	2026-10-03T14:59:25.9935721Z   submodules: false
pytest (windows-latest, 3.11)	Run actions/checkout@v4	2026-10-03T14:59:25.9936054Z   set-safe-directory: true
pytest (windows-latest, 3.11)	Run actions/checkout@v4	2026-10-03T14:59:25.9936417Z   allow-unsafe-pr-checkout: false
pytest (windows-latest, 3.11)	Run actions/checkout@v4	2026-10-03T14:59:25.9937073Z env:
pytest (windows-latest, 3.11)	Run actions/checkout@v4	2026-10-03T14:59:25.9937545Z   PT_MCP_BRIDGE_TOKEN: ci-token-long-enough-to-be-considered-valid-0123456789
pytest (windows-latest, 3.11)	Run actions/checkout@v4	2026-10-03T14:59:25.9938146Z ##[endgroup]
pytest (windows-latest, 3.11)	Run actions/checkout@v4	2026-10-03T14:59:26.1089579Z Syncing repository: andres18113/cisco-muejeje
pytest (windows-latest, 3.11)	Run actions/checkout@v4	2026-10-03T14:59:26.1091243Z ##[group]Getting Git version info
pytest (windows-latest, 3.11)	Run actions/checkout@v4	2026-10-03T14:59:26.1091768Z Working directory is 'D:\a\cisco-muejeje\cisco-muejeje'
pytest (windows-latest, 3.11)	Run actions/checkout@v4	2026-10-03T14:59:26.3095410Z [command]"C:\Program Files\Git\bin\git.exe" version
pytest (windows-latest, 3.11)	Run actions/checkout@v4	2026-10-03T14:59:26.6547466Z git version 2.55.0.windows.5
pytest (windows-latest, 3.11)	Run actions/checkout@v4	2026-10-03T14:59:26.6586411Z ##[endgroup]
pytest (windows-latest, 3.11)	Run actions/checkout@v4	2026-10-03T14:59:26.6603347Z Temporarily overriding HOME='D:\a\_temp\f6719b67-cb46-46c5-80f2-c6f53d9e1ebe' before making global git config changes
pytest (windows-latest, 3.11)	Run actions/checkout@v4	2026-10-03T14:59:26.6604979Z Adding repository directory to the temporary git global config as a safe directory
pytest (windows-latest, 3.11)	Run actions/checkout@v4	2026-10-03T14:59:26.6612395Z [command]"C:\Program Files\Git\bin\git.exe" config --global --add safe.directory D:\a\cisco-muejeje\cisco-muejeje
pytest (windows-latest, 3.11)	Run actions/checkout@v4	2026-10-03T14:59:26.7185826Z Deleting the contents of 'D:\a\cisco-muejeje\cisco-muejeje'
pytest (windows-latest, 3.11)	Run actions/checkout@v4	2026-10-03T14:59:26.7191017Z ##[group]Initializing the repository
pytest (windows-latest, 3.11)	Run actions/checkout@v4	2026-10-03T14:59:26.7198488Z [command]"C:\Program Files\Git\bin\git.exe" init D:\a\cisco-muejeje\cisco-muejeje
pytest (windows-latest, 3.11)	Run actions/checkout@v4	2026-10-03T14:59:26.7959143Z Initialized empty Git repository in D:/a/cisco-muejeje/cisco-muejeje/.git/
pytest (windows-latest, 3.11)	Run actions/checkout@v4	2026-10-03T14:59:26.7996680Z [command]"C:\Program Files\Git\bin\git.exe" remote add origin https://github.com/andres18113/cisco-muejeje
pytest (windows-latest, 3.11)	Run actions/checkout@v4	2026-10-03T14:59:26.8550855Z ##[endgroup]
pytest (windows-latest, 3.11)	Run actions/checkout@v4	2026-10-03T14:59:26.8552061Z ##[group]Disabling automatic garbage collection
pytest (windows-latest, 3.11)	Run actions/checkout@v4	2026-10-03T14:59:26.8557750Z [command]"C:\Program Files\Git\bin\git.exe" config --local gc.auto 0
pytest (windows-latest, 3.11)	Run actions/checkout@v4	2026-10-03T14:59:26.8788229Z ##[endgroup]
pytest (windows-latest, 3.11)	Run actions/checkout@v4	2026-10-03T14:59:26.8789479Z ##[group]Setting up auth
pytest (windows-latest, 3.11)	Run actions/checkout@v4	2026-10-03T14:59:26.8798306Z [command]"C:\Program Files\Git\bin\git.exe" config --local --name-only --get-regexp core\.sshCommand
pytest (windows-latest, 3.11)	Run actions/checkout@v4	2026-10-03T14:59:26.9029094Z [command]"C:\Program Files\Git\bin\git.exe" submodule foreach --recursive "sh -c \"git config --local --name-only --get-regexp 'core\.sshCommand' && git config --local --unset-all 'core.sshCommand' || :\""
pytest (windows-latest, 3.11)	Run actions/checkout@v4	2026-10-03T14:59:28.2389193Z [command]"C:\Program Files\Git\bin\git.exe" config --local --name-only --get-regexp http\.https\:\/\/github\.com\/\.extraheader
pytest (windows-latest, 3.11)	Run actions/checkout@v4	2026-10-03T14:59:28.2627603Z [command]"C:\Program Files\Git\bin\git.exe" submodule foreach --recursive "sh -c \"git config --local --name-only --get-regexp 'http\.https\:\/\/github\.com\/\.extraheader' && git config --local --unset-all 'http.https://github.com/.extraheader' || :\""
pytest (windows-latest, 3.11)	Run actions/checkout@v4	2026-10-03T14:59:28.6926804Z [command]"C:\Program Files\Git\bin\git.exe" config --local --name-only --get-regexp ^includeIf\.gitdir:
pytest (windows-latest, 3.11)	Run actions/checkout@v4	2026-10-03T14:59:28.7159480Z [command]"C:\Program Files\Git\bin\git.exe" submodule foreach --recursive "git config --local --show-origin --name-only --get-regexp remote.origin.url"
pytest (windows-latest, 3.11)	Run actions/checkout@v4	2026-10-03T14:59:29.1525668Z [command]"C:\Program Files\Git\bin\git.exe" config --local http.https://github.com/.extraheader "AUTHORIZATION: basic ***"
pytest (windows-latest, 3.11)	Run actions/checkout@v4	2026-10-03T14:59:29.1782275Z ##[endgroup]
pytest (windows-latest, 3.11)	Run actions/checkout@v4	2026-10-03T14:59:29.1793496Z ##[group]Fetching the repository
pytest (windows-latest, 3.11)	Run actions/checkout@v4	2026-10-03T14:59:29.1794941Z [command]"C:\Program Files\Git\bin\git.exe" -c protocol.version=2 fetch --prune --no-recurse-submodules origin +refs/heads/*:refs/remotes/origin/* +refs/tags/*:refs/tags/*
pytest (windows-latest, 3.11)	Run actions/checkout@v4	2026-10-03T14:59:33.1338480Z From https://github.com/andres18113/cisco-muejeje
pytest (windows-latest, 3.11)	Run actions/checkout@v4	2026-10-03T14:59:33.1339356Z  * [new branch]      feature/iot-connectivity -> origin/feature/iot-connectivity
pytest (windows-latest, 3.11)	Run actions/checkout@v4	2026-10-03T14:59:33.1340521Z  * [new branch]      feature/server-pt-goal-foundations -> origin/feature/server-pt-goal-foundations
pytest (windows-latest, 3.11)	Run actions/checkout@v4	2026-10-03T14:59:33.1341334Z  * [new branch]      feature/server-pt-s0-observation-integrity -> origin/feature/server-pt-s0-observation-integrity
pytest (windows-latest, 3.11)	Run actions/checkout@v4	2026-10-03T14:59:33.1342040Z  * [new branch]      feature/server-pt-s1-product-entry -> origin/feature/server-pt-s1-product-entry
pytest (windows-latest, 3.11)	Run actions/checkout@v4	2026-10-03T14:59:33.1342625Z  * [new branch]      feature/server-pt-s2-mail -> origin/feature/server-pt-s2-mail
pytest (windows-latest, 3.11)	Run actions/checkout@v4	2026-10-03T14:59:33.1343048Z  * [new branch]      feature/server-pt-s3-dhcp -> origin/feature/server-pt-s3-dhcp
pytest (windows-latest, 3.11)	Run actions/checkout@v4	2026-10-03T14:59:33.1343645Z  * [new branch]      feature/server-pt-s4a-qualification-runner -> origin/feature/server-pt-s4a-qualification-runner
pytest (windows-latest, 3.11)	Run actions/checkout@v4	2026-10-03T14:59:33.1344073Z  * [new branch]      main       -> origin/main
pytest (windows-latest, 3.11)	Run actions/checkout@v4	2026-10-03T14:59:33.1389870Z [command]"C:\Program Files\Git\bin\git.exe" branch --list --remote origin/feature/server-pt-goal-foundations
pytest (windows-latest, 3.11)	Run actions/checkout@v4	2026-10-03T14:59:33.1713498Z   origin/feature/server-pt-goal-foundations
pytest (windows-latest, 3.11)	Run actions/checkout@v4	2026-10-03T14:59:33.1750643Z [command]"C:\Program Files\Git\bin\git.exe" rev-parse refs/remotes/origin/feature/server-pt-goal-foundations
pytest (windows-latest, 3.11)	Run actions/checkout@v4	2026-10-03T14:59:33.1968273Z ec3b01f84896c9a392f7cc142443460c9d76b8eb
pytest (windows-latest, 3.11)	Run actions/checkout@v4	2026-10-03T14:59:33.1997853Z ##[endgroup]
pytest (windows-latest, 3.11)	Run actions/checkout@v4	2026-10-03T14:59:33.1998339Z ##[group]Determining the checkout info
pytest (windows-latest, 3.11)	Run actions/checkout@v4	2026-10-03T14:59:33.1999487Z ##[endgroup]
pytest (windows-latest, 3.11)	Run actions/checkout@v4	2026-10-03T14:59:33.2007178Z [command]"C:\Program Files\Git\bin\git.exe" sparse-checkout disable
pytest (windows-latest, 3.11)	Run actions/checkout@v4	2026-10-03T14:59:33.2367029Z [command]"C:\Program Files\Git\bin\git.exe" config --local --unset-all extensions.worktreeConfig
pytest (windows-latest, 3.11)	Run actions/checkout@v4	2026-10-03T14:59:33.2604341Z ##[group]Checking out the ref
pytest (windows-latest, 3.11)	Run actions/checkout@v4	2026-10-03T14:59:33.2613588Z [command]"C:\Program Files\Git\bin\git.exe" checkout --progress --force -B feature/server-pt-goal-foundations refs/remotes/origin/feature/server-pt-goal-foundations
pytest (windows-latest, 3.11)	Run actions/checkout@v4	2026-10-03T14:59:34.3263846Z Updating files:   3% (162/4167)
pytest (windows-latest, 3.11)	Run actions/checkout@v4	2026-10-03T14:59:34.3383314Z Updating files:   4% (167/4167)
pytest (windows-latest, 3.11)	Run actions/checkout@v4	2026-10-03T14:59:34.3521140Z Updating files:   5% (209/4167)
pytest (windows-latest, 3.11)	Run actions/checkout@v4	2026-10-03T14:59:34.3630177Z Updating files:   6% (251/4167)
pytest (windows-latest, 3.11)	Run actions/checkout@v4	2026-10-03T14:59:34.3721818Z Updating files:   7% (292/4167)
pytest (windows-latest, 3.11)	Run actions/checkout@v4	2026-10-03T14:59:34.3809610Z Updating files:   8% (334/4167)
pytest (windows-latest, 3.11)	Run actions/checkout@v4	2026-10-03T14:59:34.3880817Z Updating files:   9% (376/4167)
pytest (windows-latest, 3.11)	Run actions/checkout@v4	2026-10-03T14:59:34.3953010Z Updating files:  10% (417/4167)
pytest (windows-latest, 3.11)	Run actions/checkout@v4	2026-10-03T14:59:34.4022515Z Updating files:  11% (459/4167)
pytest (windows-latest, 3.11)	Run actions/checkout@v4	2026-10-03T14:59:34.4097490Z Updating files:  12% (501/4167)
pytest (windows-latest, 3.11)	Run actions/checkout@v4	2026-10-03T14:59:34.4181149Z Updating files:  13% (542/4167)
pytest (windows-latest, 3.11)	Run actions/checkout@v4	2026-10-03T14:59:34.4254061Z Updating files:  14% (584/4167)
pytest (windows-latest, 3.11)	Run actions/checkout@v4	2026-10-03T14:59:34.4323039Z Updating files:  15% (626/4167)
pytest (windows-latest, 3.11)	Run actions/checkout@v4	2026-10-03T14:59:34.4394656Z Updating files:  16% (667/4167)
pytest (windows-latest, 3.11)	Run actions/checkout@v4	2026-10-03T14:59:34.4474807Z Updating files:  17% (709/4167)
pytest (windows-latest, 3.11)	Run actions/checkout@v4	2026-10-03T14:59:34.4545053Z Updating files:  18% (751/4167)
pytest (windows-latest, 3.11)	Run actions/checkout@v4	2026-10-03T14:59:34.4615702Z Updating files:  19% (792/4167)
pytest (windows-latest, 3.11)	Run actions/checkout@v4	2026-10-03T14:59:34.4695246Z Updating files:  20% (834/4167)
pytest (windows-latest, 3.11)	Run actions/checkout@v4	2026-10-03T14:59:34.4771771Z Updating files:  21% (876/4167)
pytest (windows-latest, 3.11)	Run actions/checkout@v4	2026-10-03T14:59:34.4843842Z Updating files:  22% (917/4167)
pytest (windows-latest, 3.11)	Run actions/checkout@v4	2026-10-03T14:59:34.4920102Z Updating files:  23% (959/4167)
pytest (windows-latest, 3.11)	Run actions/checkout@v4	2026-10-03T14:59:34.4993008Z Updating files:  24% (1001/4167)
pytest (windows-latest, 3.11)	Run actions/checkout@v4	2026-10-03T14:59:34.5065807Z Updating files:  25% (1042/4167)
pytest (windows-latest, 3.11)	Run actions/checkout@v4	2026-10-03T14:59:34.5141175Z Updating files:  26% (1084/4167)
pytest (windows-latest, 3.11)	Run actions/checkout@v4	2026-10-03T14:59:34.5214392Z Updating files:  27% (1126/4167)
pytest (windows-latest, 3.11)	Run actions/checkout@v4	2026-10-03T14:59:34.5284350Z Updating files:  28% (1167/4167)
pytest (windows-latest, 3.11)	Run actions/checkout@v4	2026-10-03T14:59:34.5360254Z Updating files:  29% (1209/4167)
pytest (windows-latest, 3.11)	Run actions/checkout@v4	2026-10-03T14:59:34.5434857Z Updating files:  30% (1251/4167)
pytest (windows-latest, 3.11)	Run actions/checkout@v4	2026-10-03T14:59:34.5505384Z Updating files:  31% (1292/4167)
pytest (windows-latest, 3.11)	Run actions/checkout@v4	2026-10-03T14:59:34.5579217Z Updating files:  32% (1334/4167)
pytest (windows-latest, 3.11)	Run actions/checkout@v4	2026-10-03T14:59:34.5653405Z Updating files:  33% (1376/4167)
pytest (windows-latest, 3.11)	Run actions/checkout@v4	2026-10-03T14:59:34.5725701Z Updating files:  34% (1417/4167)
pytest (windows-latest, 3.11)	Run actions/checkout@v4	2026-10-03T14:59:34.5800975Z Updating files:  35% (1459/4167)
pytest (windows-latest, 3.11)	Run actions/checkout@v4	2026-10-03T14:59:34.5880040Z Updating files:  36% (1501/4167)
pytest (windows-latest, 3.11)	Run actions/checkout@v4	2026-10-03T14:59:34.5957731Z Updating files:  37% (1542/4167)
pytest (windows-latest, 3.11)	Run actions/checkout@v4	2026-10-03T14:59:34.6031505Z Updating files:  38% (1584/4167)
pytest (windows-latest, 3.11)	Run actions/checkout@v4	2026-10-03T14:59:34.6101352Z Updating files:  39% (1626/4167)
pytest (windows-latest, 3.11)	Run actions/checkout@v4	2026-10-03T14:59:34.6176804Z Updating files:  40% (1667/4167)
pytest (windows-latest, 3.11)	Run actions/checkout@v4	2026-10-03T14:59:34.6256926Z Updating files:  41% (1709/4167)
pytest (windows-latest, 3.11)	Run actions/checkout@v4	2026-10-03T14:59:34.6344098Z Updating files:  42% (1751/4167)
pytest (windows-latest, 3.11)	Run actions/checkout@v4	2026-10-03T14:59:34.6418761Z Updating files:  43% (1792/4167)
pytest (windows-latest, 3.11)	Run actions/checkout@v4	2026-10-03T14:59:34.6496245Z Updating files:  44% (1834/4167)
pytest (windows-latest, 3.11)	Run actions/checkout@v4	2026-10-03T14:59:34.6564580Z Updating files:  45% (1876/4167)
pytest (windows-latest, 3.11)	Run actions/checkout@v4	2026-10-03T14:59:34.6647647Z Updating files:  46% (1917/4167)
pytest (windows-latest, 3.11)	Run actions/checkout@v4	2026-10-03T14:59:34.6721097Z Updating files:  47% (1959/4167)
pytest (windows-latest, 3.11)	Run actions/checkout@v4	2026-10-03T14:59:34.6801159Z Updating files:  48% (2001/4167)
pytest (windows-latest, 3.11)	Run actions/checkout@v4	2026-10-03T14:59:34.6873181Z Updating files:  49% (2042/4167)
pytest (windows-latest, 3.11)	Run actions/checkout@v4	2026-10-03T14:59:34.6943442Z Updating files:  50% (2084/4167)
pytest (windows-latest, 3.11)	Run actions/checkout@v4	2026-10-03T14:59:34.7021007Z Updating files:  51% (2126/4167)
pytest (windows-latest, 3.11)	Run actions/checkout@v4	2026-10-03T14:59:34.7095920Z Updating files:  52% (2167/4167)
pytest (windows-latest, 3.11)	Run actions/checkout@v4	2026-10-03T14:59:34.7166814Z Updating files:  53% (2209/4167)
pytest (windows-latest, 3.11)	Run actions/checkout@v4	2026-10-03T14:59:34.7242617Z Updating files:  54% (2251/4167)
pytest (windows-latest, 3.11)	Run actions/checkout@v4	2026-10-03T14:59:34.7315046Z Updating files:  55% (2292/4167)
pytest (windows-latest, 3.11)	Run actions/checkout@v4	2026-10-03T14:59:34.7389317Z Updating files:  56% (2334/4167)
pytest (windows-latest, 3.11)	Run actions/checkout@v4	2026-10-03T14:59:34.7474307Z Updating files:  57% (2376/4167)
pytest (windows-latest, 3.11)	Run actions/checkout@v4	2026-10-03T14:59:34.7796677Z Updating files:  58% (2417/4167)
pytest (windows-latest, 3.11)	Run actions/checkout@v4	2026-10-03T14:59:34.7873327Z Updating files:  59% (2459/4167)
pytest (windows-latest, 3.11)	Run actions/checkout@v4	2026-10-03T14:59:34.7943735Z Updating files:  60% (2501/4167)
pytest (windows-latest, 3.11)	Run actions/checkout@v4	2026-10-03T14:59:34.8014006Z Updating files:  61% (2542/4167)
pytest (windows-latest, 3.11)	Run actions/checkout@v4	2026-10-03T14:59:34.8090631Z Updating files:  62% (2584/4167)
pytest (windows-latest, 3.11)	Run actions/checkout@v4	2026-10-03T14:59:34.8166102Z Updating files:  63% (2626/4167)
pytest (windows-latest, 3.11)	Run actions/checkout@v4	2026-10-03T14:59:34.8258615Z Updating files:  64% (2667/4167)
pytest (windows-latest, 3.11)	Run actions/checkout@v4	2026-10-03T14:59:34.8344665Z Updating files:  65% (2709/4167)
pytest (windows-latest, 3.11)	Run actions/checkout@v4	2026-10-03T14:59:34.8415177Z Updating files:  66% (2751/4167)
pytest (windows-latest, 3.11)	Run actions/checkout@v4	2026-10-03T14:59:34.8490201Z Updating files:  67% (2792/4167)
pytest (windows-latest, 3.11)	Run actions/checkout@v4	2026-10-03T14:59:34.8591611Z Updating files:  68% (2834/4167)
pytest (windows-latest, 3.11)	Run actions/checkout@v4	2026-10-03T14:59:34.8670470Z Updating files:  69% (2876/4167)
pytest (windows-latest, 3.11)	Run actions/checkout@v4	2026-10-03T14:59:34.8741556Z Updating files:  70% (2917/4167)
pytest (windows-latest, 3.11)	Run actions/checkout@v4	2026-10-03T14:59:34.8816690Z Updating files:  71% (2959/4167)
pytest (windows-latest, 3.11)	Run actions/checkout@v4	2026-10-03T14:59:34.8893091Z Updating files:  72% (3001/4167)
pytest (windows-latest, 3.11)	Run actions/checkout@v4	2026-10-03T14:59:34.9035909Z Updating files:  73% (3042/4167)
pytest (windows-latest, 3.11)	Run actions/checkout@v4	2026-10-03T14:59:34.9122559Z Updating files:  74% (3084/4167)
pytest (windows-latest, 3.11)	Run actions/checkout@v4	2026-10-03T14:59:34.9199995Z Updating files:  75% (3126/4167)
pytest (windows-latest, 3.11)	Run actions/checkout@v4	2026-10-03T14:59:34.9272756Z Updating files:  76% (3167/4167)
pytest (windows-latest, 3.11)	Run actions/checkout@v4	2026-10-03T14:59:34.9416382Z Updating files:  77% (3209/4167)
pytest (windows-latest, 3.11)	Run actions/checkout@v4	2026-10-03T14:59:34.9510249Z Updating files:  78% (3251/4167)
pytest (windows-latest, 3.11)	Run actions/checkout@v4	2026-10-03T14:59:34.9632578Z Updating files:  79% (3292/4167)
pytest (windows-latest, 3.11)	Run actions/checkout@v4	2026-10-03T14:59:34.9750146Z Updating files:  80% (3334/4167)
pytest (windows-latest, 3.11)	Run actions/checkout@v4	2026-10-03T14:59:34.9848034Z Updating files:  81% (3376/4167)
pytest (windows-latest, 3.11)	Run actions/checkout@v4	2026-10-03T14:59:34.9963485Z Updating files:  82% (3417/4167)
pytest (windows-latest, 3.11)	Run actions/checkout@v4	2026-10-03T14:59:35.0089989Z Updating files:  83% (3459/4167)
pytest (windows-latest, 3.11)	Run actions/checkout@v4	2026-10-03T14:59:35.0178133Z Updating files:  84% (3501/4167)
pytest (windows-latest, 3.11)	Run actions/checkout@v4	2026-10-03T14:59:35.0274460Z Updating files:  85% (3542/4167)
pytest (windows-latest, 3.11)	Run actions/checkout@v4	2026-10-03T14:59:35.0416319Z Updating files:  86% (3584/4167)
pytest (windows-latest, 3.11)	Run actions/checkout@v4	2026-10-03T14:59:35.0512108Z Updating files:  87% (3626/4167)
pytest (windows-latest, 3.11)	Run actions/checkout@v4	2026-10-03T14:59:35.0600311Z Updating files:  88% (3667/4167)
pytest (windows-latest, 3.11)	Run actions/checkout@v4	2026-10-03T14:59:35.0698511Z Updating files:  89% (3709/4167)
pytest (windows-latest, 3.11)	Run actions/checkout@v4	2026-10-03T14:59:35.0815445Z Updating files:  90% (3751/4167)
pytest (windows-latest, 3.11)	Run actions/checkout@v4	2026-10-03T14:59:35.0925642Z Updating files:  91% (3792/4167)
pytest (windows-latest, 3.11)	Run actions/checkout@v4	2026-10-03T14:59:35.1030985Z Updating files:  92% (3834/4167)
pytest (windows-latest, 3.11)	Run actions/checkout@v4	2026-10-03T14:59:35.1130267Z Updating files:  93% (3876/4167)
pytest (windows-latest, 3.11)	Run actions/checkout@v4	2026-10-03T14:59:35.1227784Z Updating files:  94% (3917/4167)
pytest (windows-latest, 3.11)	Run actions/checkout@v4	2026-10-03T14:59:35.1333957Z Updating files:  95% (3959/4167)
pytest (windows-latest, 3.11)	Run actions/checkout@v4	2026-10-03T14:59:35.1435966Z Updating files:  96% (4001/4167)
pytest (windows-latest, 3.11)	Run actions/checkout@v4	2026-10-03T14:59:35.1552624Z Updating files:  97% (4042/4167)
pytest (windows-latest, 3.11)	Run actions/checkout@v4	2026-10-03T14:59:35.1654256Z Updating files:  98% (4084/4167)
pytest (windows-latest, 3.11)	Run actions/checkout@v4	2026-10-03T14:59:35.1754135Z Updating files:  99% (4126/4167)
pytest (windows-latest, 3.11)	Run actions/checkout@v4	2026-10-03T14:59:35.1754594Z Updating files: 100% (4167/4167)
pytest (windows-latest, 3.11)	Run actions/checkout@v4	2026-10-03T14:59:35.1754942Z Updating files: 100% (4167/4167), done.
pytest (windows-latest, 3.11)	Run actions/checkout@v4	2026-10-03T14:59:35.2650921Z Switched to a new branch 'feature/server-pt-goal-foundations'
pytest (windows-latest, 3.11)	Run actions/checkout@v4	2026-10-03T14:59:35.2708986Z branch 'feature/server-pt-goal-foundations' set up to track 'origin/feature/server-pt-goal-foundations'.
pytest (windows-latest, 3.11)	Run actions/checkout@v4	2026-10-03T14:59:35.2799476Z ##[endgroup]
pytest (windows-latest, 3.11)	Run actions/checkout@v4	2026-10-03T14:59:35.3164922Z [command]"C:\Program Files\Git\bin\git.exe" log -1 --format=%H
pytest (windows-latest, 3.11)	Run actions/checkout@v4	2026-10-03T14:59:35.3383842Z ec3b01f84896c9a392f7cc142443460c9d76b8eb
pytest (windows-latest, 3.11)	Run actions/checkout@v4	2026-10-03T14:59:35.3417443Z ##[group]Removing auth
pytest (windows-latest, 3.11)	Run actions/checkout@v4	2026-10-03T14:59:35.3425783Z [command]"C:\Program Files\Git\bin\git.exe" config --local --name-only --get-regexp core\.sshCommand
pytest (windows-latest, 3.11)	Run actions/checkout@v4	2026-10-03T14:59:35.3667895Z [command]"C:\Program Files\Git\bin\git.exe" submodule foreach --recursive "sh -c \"git config --local --name-only --get-regexp 'core\.sshCommand' && git config --local --unset-all 'core.sshCommand' || :\""
pytest (windows-latest, 3.11)	Run actions/checkout@v4	2026-10-03T14:59:35.7633170Z [command]"C:\Program Files\Git\bin\git.exe" config --local --name-only --get-regexp http\.https\:\/\/github\.com\/\.extraheader
pytest (windows-latest, 3.11)	Run actions/checkout@v4	2026-10-03T14:59:35.7848121Z http.https://github.com/.extraheader
pytest (windows-latest, 3.11)	Run actions/checkout@v4	2026-10-03T14:59:35.7879936Z [command]"C:\Program Files\Git\bin\git.exe" config --local --unset-all http.https://github.com/.extraheader
pytest (windows-latest, 3.11)	Run actions/checkout@v4	2026-10-03T14:59:35.8122067Z [command]"C:\Program Files\Git\bin\git.exe" submodule foreach --recursive "sh -c \"git config --local --name-only --get-regexp 'http\.https\:\/\/github\.com\/\.extraheader' && git config --local --unset-all 'http.https://github.com/.extraheader' || :\""
pytest (windows-latest, 3.11)	Run actions/checkout@v4	2026-10-03T14:59:36.2824087Z [command]"C:\Program Files\Git\bin\git.exe" config --local --name-only --get-regexp ^includeIf\.gitdir:
pytest (windows-latest, 3.11)	Run actions/checkout@v4	2026-10-03T14:59:36.3051222Z [command]"C:\Program Files\Git\bin\git.exe" submodule foreach --recursive "git config --local --show-origin --name-only --get-regexp remote.origin.url"
pytest (windows-latest, 3.11)	Run actions/checkout@v4	2026-10-03T14:59:36.7262643Z ##[endgroup]
pytest (windows-latest, 3.11)	Run actions/setup-python@v5	﻿2026-10-03T14:59:36.7663009Z ##[group]Run actions/setup-python@v5
pytest (windows-latest, 3.11)	Run actions/setup-python@v5	2026-10-03T14:59:36.7663297Z with:
pytest (windows-latest, 3.11)	Run actions/setup-python@v5	2026-10-03T14:59:36.7663466Z   python-version: 3.11
pytest (windows-latest, 3.11)	Run actions/setup-python@v5	2026-10-03T14:59:36.7663648Z   check-latest: false
pytest (windows-latest, 3.11)	Run actions/setup-python@v5	2026-10-03T14:59:36.7665482Z   token: ***
pytest (windows-latest, 3.11)	Run actions/setup-python@v5	2026-10-03T14:59:36.7665667Z   update-environment: true
pytest (windows-latest, 3.11)	Run actions/setup-python@v5	2026-10-03T14:59:36.7665854Z   allow-prereleases: false
pytest (windows-latest, 3.11)	Run actions/setup-python@v5	2026-10-03T14:59:36.7666028Z   freethreaded: false
pytest (windows-latest, 3.11)	Run actions/setup-python@v5	2026-10-03T14:59:36.7666178Z env:
pytest (windows-latest, 3.11)	Run actions/setup-python@v5	2026-10-03T14:59:36.7666429Z   PT_MCP_BRIDGE_TOKEN: ci-token-long-enough-to-be-considered-valid-0123456789
pytest (windows-latest, 3.11)	Run actions/setup-python@v5	2026-10-03T14:59:36.7666729Z ##[endgroup]
pytest (windows-latest, 3.11)	Run actions/setup-python@v5	2026-10-03T14:59:36.8951590Z ##[group]Installed versions
pytest (windows-latest, 3.11)	Run actions/setup-python@v5	2026-10-03T14:59:36.9133045Z (node:9320) [DEP0040] DeprecationWarning: The `punycode` module is deprecated. Please use a userland alternative instead.
pytest (windows-latest, 3.11)	Run actions/setup-python@v5	2026-10-03T14:59:36.9133609Z (Use `node --trace-deprecation ...` to show where the warning was created)
pytest (windows-latest, 3.11)	Run actions/setup-python@v5	2026-10-03T14:59:36.9134567Z Successfully set up CPython (3.11.9)
pytest (windows-latest, 3.11)	Run actions/setup-python@v5	2026-10-03T14:59:36.9135204Z ##[endgroup]
pytest (windows-latest, 3.11)	Create checkout-local environment	﻿2026-10-03T14:59:36.9369817Z ##[group]Run python -m venv .venv
pytest (windows-latest, 3.11)	Create checkout-local environment	2026-10-03T14:59:36.9370137Z ^[[36;1mpython -m venv .venv^[[0m
pytest (windows-latest, 3.11)	Create checkout-local environment	2026-10-03T14:59:36.9859817Z shell: C:\Program Files\PowerShell\7\pwsh.EXE -command ". '{0}'"
pytest (windows-latest, 3.11)	Create checkout-local environment	2026-10-03T14:59:36.9860129Z env:
pytest (windows-latest, 3.11)	Create checkout-local environment	2026-10-03T14:59:36.9860407Z   PT_MCP_BRIDGE_TOKEN: ci-token-long-enough-to-be-considered-valid-0123456789
pytest (windows-latest, 3.11)	Create checkout-local environment	2026-10-03T14:59:36.9860801Z   pythonLocation: C:\hostedtoolcache\windows\Python\3.11.9\x64
pytest (windows-latest, 3.11)	Create checkout-local environment	2026-10-03T14:59:36.9861168Z   PKG_CONFIG_PATH: C:\hostedtoolcache\windows\Python\3.11.9\x64/lib/pkgconfig
pytest (windows-latest, 3.11)	Create checkout-local environment	2026-10-03T14:59:36.9861503Z   Python_ROOT_DIR: C:\hostedtoolcache\windows\Python\3.11.9\x64
pytest (windows-latest, 3.11)	Create checkout-local environment	2026-10-03T14:59:36.9861806Z   Python2_ROOT_DIR: C:\hostedtoolcache\windows\Python\3.11.9\x64
pytest (windows-latest, 3.11)	Create checkout-local environment	2026-10-03T14:59:36.9862103Z   Python3_ROOT_DIR: C:\hostedtoolcache\windows\Python\3.11.9\x64
pytest (windows-latest, 3.11)	Create checkout-local environment	2026-10-03T14:59:36.9862335Z ##[endgroup]
pytest (windows-latest, 3.11)	Install (Windows)	﻿2026-10-03T14:59:43.3728170Z ##[group]Run .\.venv\Scripts\python.exe -m pip install --upgrade pip
pytest (windows-latest, 3.11)	Install (Windows)	2026-10-03T14:59:43.3728675Z ^[[36;1m.\.venv\Scripts\python.exe -m pip install --upgrade pip^[[0m
pytest (windows-latest, 3.11)	Install (Windows)	2026-10-03T14:59:43.3729022Z ^[[36;1m.\.venv\Scripts\python.exe -m pip install -e ".[test,quality]"^[[0m
pytest (windows-latest, 3.11)	Install (Windows)	2026-10-03T14:59:43.3785461Z shell: C:\Program Files\PowerShell\7\pwsh.EXE -command ". '{0}'"
pytest (windows-latest, 3.11)	Install (Windows)	2026-10-03T14:59:43.3785853Z env:
pytest (windows-latest, 3.11)	Install (Windows)	2026-10-03T14:59:43.3786175Z   PT_MCP_BRIDGE_TOKEN: ci-token-long-enough-to-be-considered-valid-0123456789
pytest (windows-latest, 3.11)	Install (Windows)	2026-10-03T14:59:43.3786545Z   pythonLocation: C:\hostedtoolcache\windows\Python\3.11.9\x64
pytest (windows-latest, 3.11)	Install (Windows)	2026-10-03T14:59:43.3786880Z   PKG_CONFIG_PATH: C:\hostedtoolcache\windows\Python\3.11.9\x64/lib/pkgconfig
pytest (windows-latest, 3.11)	Install (Windows)	2026-10-03T14:59:43.3787216Z   Python_ROOT_DIR: C:\hostedtoolcache\windows\Python\3.11.9\x64
pytest (windows-latest, 3.11)	Install (Windows)	2026-10-03T14:59:43.3787518Z   Python2_ROOT_DIR: C:\hostedtoolcache\windows\Python\3.11.9\x64
pytest (windows-latest, 3.11)	Install (Windows)	2026-10-03T14:59:43.3787813Z   Python3_ROOT_DIR: C:\hostedtoolcache\windows\Python\3.11.9\x64
pytest (windows-latest, 3.11)	Install (Windows)	2026-10-03T14:59:43.3788063Z ##[endgroup]
pytest (windows-latest, 3.11)	Install (Windows)	2026-10-03T14:59:44.4675612Z Requirement already satisfied: pip in d:\a\cisco-muejeje\cisco-muejeje\.venv\lib\site-packages (24.0)
pytest (windows-latest, 3.11)	Install (Windows)	2026-10-03T14:59:44.9725997Z Collecting pip
pytest (windows-latest, 3.11)	Install (Windows)	2026-10-03T14:59:45.1542186Z   Downloading pip-26.2.1-py3-none-any.whl.metadata (4.6 kB)
pytest (windows-latest, 3.11)	Install (Windows)	2026-10-03T14:59:45.1830781Z Downloading pip-26.2.1-py3-none-any.whl (1.8 MB)
pytest (windows-latest, 3.11)	Install (Windows)	2026-10-03T14:59:45.3390238Z    ---------------------------------------- 1.8/1.8 MB 12.8 MB/s eta 0:00:00
pytest (windows-latest, 3.11)	Install (Windows)	2026-10-03T14:59:45.3881109Z Installing collected packages: pip
pytest (windows-latest, 3.11)	Install (Windows)	2026-10-03T14:59:45.3882258Z   Attempting uninstall: pip
pytest (windows-latest, 3.11)	Install (Windows)	2026-10-03T14:59:45.3908888Z     Found existing installation: pip 24.0
pytest (windows-latest, 3.11)	Install (Windows)	2026-10-03T14:59:45.4757546Z     Uninstalling pip-24.0:
pytest (windows-latest, 3.11)	Install (Windows)	2026-10-03T14:59:45.4940377Z       Successfully uninstalled pip-24.0
pytest (windows-latest, 3.11)	Install (Windows)	2026-10-03T14:59:46.6523022Z Successfully installed pip-26.2.1
pytest (windows-latest, 3.11)	Install (Windows)	2026-10-03T14:59:48.5303860Z Obtaining file:///D:/a/cisco-muejeje/cisco-muejeje
pytest (windows-latest, 3.11)	Install (Windows)	2026-10-03T14:59:48.5329494Z   Installing build dependencies: started
pytest (windows-latest, 3.11)	Install (Windows)	2026-10-03T15:00:01.1340920Z   Installing build dependencies: finished with status 'done'
pytest (windows-latest, 3.11)	Install (Windows)	2026-10-03T15:00:01.1355005Z   Checking if build backend supports build_editable: started
pytest (windows-latest, 3.11)	Install (Windows)	2026-10-03T15:00:01.1907155Z   Checking if build backend supports build_editable: finished with status 'done'
pytest (windows-latest, 3.11)	Install (Windows)	2026-10-03T15:00:01.1925211Z   Getting requirements to build editable: started
pytest (windows-latest, 3.11)	Install (Windows)	2026-10-03T15:00:01.6107810Z   Getting requirements to build editable: finished with status 'done'
pytest (windows-latest, 3.11)	Install (Windows)	2026-10-03T15:00:01.6128415Z   Installing backend dependencies: started
pytest (windows-latest, 3.11)	Install (Windows)	2026-10-03T15:00:03.3154198Z   Installing backend dependencies: finished with status 'done'
pytest (windows-latest, 3.11)	Install (Windows)	2026-10-03T15:00:03.3170745Z   Preparing editable metadata (pyproject.toml): started
pytest (windows-latest, 3.11)	Install (Windows)	2026-10-03T15:00:03.6345046Z   Preparing editable metadata (pyproject.toml): finished with status 'done'
pytest (windows-latest, 3.11)	Install (Windows)	2026-10-03T15:00:03.9282644Z Collecting mcp<2,>=1.13 (from mcp[cli]<2,>=1.13->packet-tracer-mcp==0.8.0)
pytest (windows-latest, 3.11)	Install (Windows)	2026-10-03T15:00:04.0796077Z   Downloading mcp-1.30.0-py3-none-any.whl.metadata (9.3 kB)
pytest (windows-latest, 3.11)	Install (Windows)	2026-10-03T15:00:04.4368740Z Collecting pydantic<3,>=2.11 (from packet-tracer-mcp==0.8.0)
pytest (windows-latest, 3.11)	Install (Windows)	2026-10-03T15:00:04.4452146Z   Downloading pydantic-2.13.5-py3-none-any.whl.metadata (110 kB)
pytest (windows-latest, 3.11)	Install (Windows)	2026-10-03T15:00:04.8863510Z Collecting ruff==0.16.7 (from packet-tracer-mcp==0.8.0)
pytest (windows-latest, 3.11)	Install (Windows)	2026-10-03T15:00:04.8925333Z   Downloading ruff-0.16.7-py3-none-win_amd64.whl.metadata (21 kB)
pytest (windows-latest, 3.11)	Install (Windows)	2026-10-03T15:00:05.0197631Z Collecting pytest>=8 (from packet-tracer-mcp==0.8.0)
pytest (windows-latest, 3.11)	Install (Windows)	2026-10-03T15:00:05.0247237Z   Downloading pytest-9.1.1-py3-none-any.whl.metadata (7.6 kB)
pytest (windows-latest, 3.11)	Install (Windows)	2026-10-03T15:00:05.0946498Z Collecting anyio>=4.5 (from mcp<2,>=1.13->mcp[cli]<2,>=1.13->packet-tracer-mcp==0.8.0)
pytest (windows-latest, 3.11)	Install (Windows)	2026-10-03T15:00:05.1001300Z   Downloading anyio-4.15.1-py3-none-any.whl.metadata (4.7 kB)
pytest (windows-latest, 3.11)	Install (Windows)	2026-10-03T15:00:05.1940562Z Collecting httpx-sse>=0.4 (from mcp<2,>=1.13->mcp[cli]<2,>=1.13->packet-tracer-mcp==0.8.0)
pytest (windows-latest, 3.11)	Install (Windows)	2026-10-03T15:00:05.1991075Z   Downloading httpx_sse-0.4.3-py3-none-any.whl.metadata (9.7 kB)
pytest (windows-latest, 3.11)	Install (Windows)	2026-10-03T15:00:05.3278463Z Collecting httpx<1.0.0,>=0.27.1 (from mcp<2,>=1.13->mcp[cli]<2,>=1.13->packet-tracer-mcp==0.8.0)
pytest (windows-latest, 3.11)	Install (Windows)	2026-10-03T15:00:05.3536264Z   Downloading httpx-0.28.1-py3-none-any.whl.metadata (7.1 kB)
pytest (windows-latest, 3.11)	Install (Windows)	2026-10-03T15:00:05.4483546Z Collecting jsonschema>=4.20.0 (from mcp<2,>=1.13->mcp[cli]<2,>=1.13->packet-tracer-mcp==0.8.0)
pytest (windows-latest, 3.11)	Install (Windows)	2026-10-03T15:00:05.4675709Z   Downloading jsonschema-4.26.0-py3-none-any.whl.metadata (7.6 kB)
pytest (windows-latest, 3.11)	Install (Windows)	2026-10-03T15:00:05.6677025Z Collecting pydantic-settings>=2.5.2 (from mcp<2,>=1.13->mcp[cli]<2,>=1.13->packet-tracer-mcp==0.8.0)
pytest (windows-latest, 3.11)	Install (Windows)	2026-10-03T15:00:05.6727008Z   Downloading pydantic_settings-2.15.0-py3-none-any.whl.metadata (3.9 kB)
pytest (windows-latest, 3.11)	Install (Windows)	2026-10-03T15:00:05.7527940Z Collecting pyjwt>=2.10.1 (from pyjwt[crypto]>=2.10.1->mcp<2,>=1.13->mcp[cli]<2,>=1.13->packet-tracer-mcp==0.8.0)
pytest (windows-latest, 3.11)	Install (Windows)	2026-10-03T15:00:05.7575744Z   Downloading pyjwt-2.15.1-py3-none-any.whl.metadata (3.5 kB)
pytest (windows-latest, 3.11)	Install (Windows)	2026-10-03T15:00:05.8715773Z Collecting python-multipart>=0.0.9 (from mcp<2,>=1.13->mcp[cli]<2,>=1.13->packet-tracer-mcp==0.8.0)
pytest (windows-latest, 3.11)	Install (Windows)	2026-10-03T15:00:05.8789052Z   Downloading python_multipart-0.0.32-py3-none-any.whl.metadata (2.1 kB)
pytest (windows-latest, 3.11)	Install (Windows)	2026-10-03T15:00:06.0105837Z Collecting pywin32>=310 (from mcp<2,>=1.13->mcp[cli]<2,>=1.13->packet-tracer-mcp==0.8.0)
pytest (windows-latest, 3.11)	Install (Windows)	2026-10-03T15:00:06.0166808Z   Downloading pywin32-312-cp311-cp311-win_amd64.whl.metadata (11 kB)
pytest (windows-latest, 3.11)	Install (Windows)	2026-10-03T15:00:06.1069375Z Collecting sse-starlette>=1.6.1 (from mcp<2,>=1.13->mcp[cli]<2,>=1.13->packet-tracer-mcp==0.8.0)
pytest (windows-latest, 3.11)	Install (Windows)	2026-10-03T15:00:06.1109482Z   Downloading sse_starlette-3.5.0-py3-none-any.whl.metadata (15 kB)
pytest (windows-latest, 3.11)	Install (Windows)	2026-10-03T15:00:06.2695422Z Collecting starlette>=0.27 (from mcp<2,>=1.13->mcp[cli]<2,>=1.13->packet-tracer-mcp==0.8.0)
pytest (windows-latest, 3.11)	Install (Windows)	2026-10-03T15:00:06.2753085Z   Downloading starlette-1.7.0-py3-none-any.whl.metadata (6.6 kB)
pytest (windows-latest, 3.11)	Install (Windows)	2026-10-03T15:00:06.4042624Z Collecting typing-extensions>=4.9.0 (from mcp<2,>=1.13->mcp[cli]<2,>=1.13->packet-tracer-mcp==0.8.0)
pytest (windows-latest, 3.11)	Install (Windows)	2026-10-03T15:00:06.4100634Z   Downloading typing_extensions-4.16.0-py3-none-any.whl.metadata (3.3 kB)
pytest (windows-latest, 3.11)	Install (Windows)	2026-10-03T15:00:06.5259410Z Collecting typing-inspection>=0.4.1 (from mcp<2,>=1.13->mcp[cli]<2,>=1.13->packet-tracer-mcp==0.8.0)
pytest (windows-latest, 3.11)	Install (Windows)	2026-10-03T15:00:06.5359662Z   Downloading typing_inspection-0.4.4-py3-none-any.whl.metadata (2.6 kB)
pytest (windows-latest, 3.11)	Install (Windows)	2026-10-03T15:00:06.6667032Z Collecting uvicorn>=0.31.1 (from mcp<2,>=1.13->mcp[cli]<2,>=1.13->packet-tracer-mcp==0.8.0)
pytest (windows-latest, 3.11)	Install (Windows)	2026-10-03T15:00:06.6715032Z   Downloading uvicorn-0.54.0-py3-none-any.whl.metadata (6.6 kB)
pytest (windows-latest, 3.11)	Install (Windows)	2026-10-03T15:00:06.7988430Z Collecting certifi (from httpx<1.0.0,>=0.27.1->mcp<2,>=1.13->mcp[cli]<2,>=1.13->packet-tracer-mcp==0.8.0)
pytest (windows-latest, 3.11)	Install (Windows)	2026-10-03T15:00:06.8075170Z   Downloading certifi-2026.7.22-py3-none-any.whl.metadata (2.5 kB)
pytest (windows-latest, 3.11)	Install (Windows)	2026-10-03T15:00:07.0252136Z Collecting httpcore==1.* (from httpx<1.0.0,>=0.27.1->mcp<2,>=1.13->mcp[cli]<2,>=1.13->packet-tracer-mcp==0.8.0)
pytest (windows-latest, 3.11)	Install (Windows)	2026-10-03T15:00:07.0308504Z   Downloading httpcore-1.0.9-py3-none-any.whl.metadata (21 kB)
pytest (windows-latest, 3.11)	Install (Windows)	2026-10-03T15:00:07.1340674Z Collecting idna (from httpx<1.0.0,>=0.27.1->mcp<2,>=1.13->mcp[cli]<2,>=1.13->packet-tracer-mcp==0.8.0)
pytest (windows-latest, 3.11)	Install (Windows)	2026-10-03T15:00:07.1380901Z   Downloading idna-3.20-py3-none-any.whl.metadata (7.2 kB)
pytest (windows-latest, 3.11)	Install (Windows)	2026-10-03T15:00:07.2615727Z Collecting h11>=0.16 (from httpcore==1.*->httpx<1.0.0,>=0.27.1->mcp<2,>=1.13->mcp[cli]<2,>=1.13->packet-tracer-mcp==0.8.0)
pytest (windows-latest, 3.11)	Install (Windows)	2026-10-03T15:00:07.2701923Z   Downloading h11-0.16.0-py3-none-any.whl.metadata (8.3 kB)
pytest (windows-latest, 3.11)	Install (Windows)	2026-10-03T15:00:07.3983097Z Collecting python-dotenv>=1.0.0 (from mcp[cli]<2,>=1.13->packet-tracer-mcp==0.8.0)
pytest (windows-latest, 3.11)	Install (Windows)	2026-10-03T15:00:07.4050816Z   Downloading python_dotenv-1.2.4-py3-none-any.whl.metadata (29 kB)
pytest (windows-latest, 3.11)	Install (Windows)	2026-10-03T15:00:07.5124492Z Collecting typer>=0.16.0 (from mcp[cli]<2,>=1.13->packet-tracer-mcp==0.8.0)
pytest (windows-latest, 3.11)	Install (Windows)	2026-10-03T15:00:07.5165745Z   Downloading typer-0.27.2-py3-none-any.whl.metadata (16 kB)
pytest (windows-latest, 3.11)	Install (Windows)	2026-10-03T15:00:07.6700908Z Collecting annotated-types>=0.6.0 (from pydantic<3,>=2.11->packet-tracer-mcp==0.8.0)
pytest (windows-latest, 3.11)	Install (Windows)	2026-10-03T15:00:07.6788956Z   Downloading annotated_types-0.8.0-py3-none-any.whl.metadata (15 kB)
pytest (windows-latest, 3.11)	Install (Windows)	2026-10-03T15:00:08.2724268Z Collecting pydantic-core==2.46.5 (from pydantic<3,>=2.11->packet-tracer-mcp==0.8.0)
pytest (windows-latest, 3.11)	Install (Windows)	2026-10-03T15:00:08.3700923Z   Downloading pydantic_core-2.46.5-cp311-cp311-win_amd64.whl.metadata (6.7 kB)
pytest (windows-latest, 3.11)	Install (Windows)	2026-10-03T15:00:08.4752439Z Collecting attrs>=22.2.0 (from jsonschema>=4.20.0->mcp<2,>=1.13->mcp[cli]<2,>=1.13->packet-tracer-mcp==0.8.0)
pytest (windows-latest, 3.11)	Install (Windows)	2026-10-03T15:00:08.4808696Z   Downloading attrs-26.1.0-py3-none-any.whl.metadata (8.8 kB)
pytest (windows-latest, 3.11)	Install (Windows)	2026-10-03T15:00:08.6030860Z Collecting jsonschema-specifications>=2023.03.6 (from jsonschema>=4.20.0->mcp<2,>=1.13->mcp[cli]<2,>=1.13->packet-tracer-mcp==0.8.0)
pytest (windows-latest, 3.11)	Install (Windows)	2026-10-03T15:00:08.6073755Z   Downloading jsonschema_specifications-2025.9.1-py3-none-any.whl.metadata (2.9 kB)
pytest (windows-latest, 3.11)	Install (Windows)	2026-10-03T15:00:08.7060568Z Collecting referencing>=0.28.4 (from jsonschema>=4.20.0->mcp<2,>=1.13->mcp[cli]<2,>=1.13->packet-tracer-mcp==0.8.0)
pytest (windows-latest, 3.11)	Install (Windows)	2026-10-03T15:00:08.7106488Z   Downloading referencing-0.37.0-py3-none-any.whl.metadata (2.8 kB)
pytest (windows-latest, 3.11)	Install (Windows)	2026-10-03T15:00:09.0165993Z Collecting rpds-py>=0.25.0 (from jsonschema>=4.20.0->mcp<2,>=1.13->mcp[cli]<2,>=1.13->packet-tracer-mcp==0.8.0)
pytest (windows-latest, 3.11)	Install (Windows)	2026-10-03T15:00:09.0215755Z   Downloading rpds_py-2026.6.3-cp311-cp311-win_amd64.whl.metadata (4.2 kB)
pytest (windows-latest, 3.11)	Install (Windows)	2026-10-03T15:00:09.2235880Z Collecting cryptography>=3.4.0 (from pyjwt[crypto]>=2.10.1->mcp<2,>=1.13->mcp[cli]<2,>=1.13->packet-tracer-mcp==0.8.0)
pytest (windows-latest, 3.11)	Install (Windows)	2026-10-03T15:00:09.2289947Z   Downloading cryptography-50.0.2-cp311-abi3-win_amd64.whl.metadata (4.4 kB)
pytest (windows-latest, 3.11)	Install (Windows)	2026-10-03T15:00:09.3780471Z Collecting cffi>=2.0.0 (from cryptography>=3.4.0->pyjwt[crypto]>=2.10.1->mcp<2,>=1.13->mcp[cli]<2,>=1.13->packet-tracer-mcp==0.8.0)
pytest (windows-latest, 3.11)	Install (Windows)	2026-10-03T15:00:09.3965371Z   Downloading cffi-2.1.1-cp311-cp311-win_amd64.whl.metadata (2.6 kB)
pytest (windows-latest, 3.11)	Install (Windows)	2026-10-03T15:00:09.5040429Z Collecting pycparser (from cffi>=2.0.0->cryptography>=3.4.0->pyjwt[crypto]>=2.10.1->mcp<2,>=1.13->mcp[cli]<2,>=1.13->packet-tracer-mcp==0.8.0)
pytest (windows-latest, 3.11)	Install (Windows)	2026-10-03T15:00:09.5089141Z   Downloading pycparser-3.0-py3-none-any.whl.metadata (8.2 kB)
pytest (windows-latest, 3.11)	Install (Windows)	2026-10-03T15:00:09.5613316Z Collecting colorama>=0.4 (from pytest>=8->packet-tracer-mcp==0.8.0)
pytest (windows-latest, 3.11)	Install (Windows)	2026-10-03T15:00:09.5656513Z   Downloading colorama-0.4.6-py2.py3-none-any.whl.metadata (17 kB)
pytest (windows-latest, 3.11)	Install (Windows)	2026-10-03T15:00:09.6170458Z Collecting iniconfig>=1.0.1 (from pytest>=8->packet-tracer-mcp==0.8.0)
pytest (windows-latest, 3.11)	Install (Windows)	2026-10-03T15:00:09.6213763Z   Downloading iniconfig-2.3.0-py3-none-any.whl.metadata (2.5 kB)
pytest (windows-latest, 3.11)	Install (Windows)	2026-10-03T15:00:09.7353354Z Collecting packaging>=22 (from pytest>=8->packet-tracer-mcp==0.8.0)
pytest (windows-latest, 3.11)	Install (Windows)	2026-10-03T15:00:09.7372721Z   Using cached packaging-26.3-py3-none-any.whl.metadata (3.5 kB)
pytest (windows-latest, 3.11)	Install (Windows)	2026-10-03T15:00:09.7472931Z Collecting pluggy<2,>=1.5 (from pytest>=8->packet-tracer-mcp==0.8.0)
pytest (windows-latest, 3.11)	Install (Windows)	2026-10-03T15:00:09.7491508Z   Using cached pluggy-1.6.0-py3-none-any.whl.metadata (4.8 kB)
pytest (windows-latest, 3.11)	Install (Windows)	2026-10-03T15:00:09.7867982Z Collecting pygments>=2.7.2 (from pytest>=8->packet-tracer-mcp==0.8.0)
pytest (windows-latest, 3.11)	Install (Windows)	2026-10-03T15:00:09.7910050Z   Downloading pygments-2.21.0-py3-none-any.whl.metadata (2.5 kB)
pytest (windows-latest, 3.11)	Install (Windows)	2026-10-03T15:00:09.8513416Z Collecting shellingham>=1.3.0 (from typer>=0.16.0->mcp[cli]<2,>=1.13->packet-tracer-mcp==0.8.0)
pytest (windows-latest, 3.11)	Install (Windows)	2026-10-03T15:00:09.8555520Z   Downloading shellingham-1.5.4-py2.py3-none-any.whl.metadata (3.5 kB)
pytest (windows-latest, 3.11)	Install (Windows)	2026-10-03T15:00:09.9190144Z Collecting rich>=13.8.0 (from typer>=0.16.0->mcp[cli]<2,>=1.13->packet-tracer-mcp==0.8.0)
pytest (windows-latest, 3.11)	Install (Windows)	2026-10-03T15:00:09.9234821Z   Downloading rich-15.0.0-py3-none-any.whl.metadata (18 kB)
pytest (windows-latest, 3.11)	Install (Windows)	2026-10-03T15:00:11.5951977Z Collecting annotated-doc>=0.0.2 (from typer>=0.16.0->mcp[cli]<2,>=1.13->packet-tracer-mcp==0.8.0)
pytest (windows-latest, 3.11)	Install (Windows)	2026-10-03T15:00:11.5995456Z   Downloading annotated_doc-0.0.5-py3-none-any.whl.metadata (6.5 kB)
pytest (windows-latest, 3.11)	Install (Windows)	2026-10-03T15:00:11.6548282Z Collecting markdown-it-py>=2.2.0 (from rich>=13.8.0->typer>=0.16.0->mcp[cli]<2,>=1.13->packet-tracer-mcp==0.8.0)
pytest (windows-latest, 3.11)	Install (Windows)	2026-10-03T15:00:11.6590349Z   Downloading markdown_it_py-4.2.0-py3-none-any.whl.metadata (7.4 kB)
pytest (windows-latest, 3.11)	Install (Windows)	2026-10-03T15:00:11.7150862Z Collecting mdurl~=0.1 (from markdown-it-py>=2.2.0->rich>=13.8.0->typer>=0.16.0->mcp[cli]<2,>=1.13->packet-tracer-mcp==0.8.0)
pytest (windows-latest, 3.11)	Install (Windows)	2026-10-03T15:00:11.7219081Z   Downloading mdurl-0.1.2-py3-none-any.whl.metadata (1.6 kB)
pytest (windows-latest, 3.11)	Install (Windows)	2026-10-03T15:00:11.7751079Z Collecting click>=7.0 (from uvicorn>=0.31.1->mcp<2,>=1.13->mcp[cli]<2,>=1.13->packet-tracer-mcp==0.8.0)
pytest (windows-latest, 3.11)	Install (Windows)	2026-10-03T15:00:11.7795933Z   Downloading click-8.5.0-py3-none-any.whl.metadata (2.6 kB)
pytest (windows-latest, 3.11)	Install (Windows)	2026-10-03T15:00:11.8102119Z Downloading ruff-0.16.7-py3-none-win_amd64.whl (10.6 MB)
pytest (windows-latest, 3.11)	Install (Windows)	2026-10-03T15:00:11.8970279Z    ---------------------------------------- 10.6/10.6 MB 132.5 MB/s  0:00:00
pytest (windows-latest, 3.11)	Install (Windows)	2026-10-03T15:00:11.9016574Z Downloading mcp-1.30.0-py3-none-any.whl (234 kB)
pytest (windows-latest, 3.11)	Install (Windows)	2026-10-03T15:00:11.9290349Z Downloading httpx-0.28.1-py3-none-any.whl (73 kB)
pytest (windows-latest, 3.11)	Install (Windows)	2026-10-03T15:00:11.9557097Z Downloading httpcore-1.0.9-py3-none-any.whl (78 kB)
pytest (windows-latest, 3.11)	Install (Windows)	2026-10-03T15:00:11.9793566Z Downloading pydantic-2.13.5-py3-none-any.whl (472 kB)
pytest (windows-latest, 3.11)	Install (Windows)	2026-10-03T15:00:12.0147407Z Downloading pydantic_core-2.46.5-cp311-cp311-win_amd64.whl (2.0 MB)
pytest (windows-latest, 3.11)	Install (Windows)	2026-10-03T15:00:12.0465844Z    ---------------------------------------- 2.0/2.0 MB 57.4 MB/s  0:00:00
pytest (windows-latest, 3.11)	Install (Windows)	2026-10-03T15:00:12.0510227Z Downloading annotated_types-0.8.0-py3-none-any.whl (13 kB)
pytest (windows-latest, 3.11)	Install (Windows)	2026-10-03T15:00:12.0744165Z Downloading anyio-4.15.1-py3-none-any.whl (132 kB)
pytest (windows-latest, 3.11)	Install (Windows)	2026-10-03T15:00:12.0982054Z Downloading h11-0.16.0-py3-none-any.whl (37 kB)
pytest (windows-latest, 3.11)	Install (Windows)	2026-10-03T15:00:12.1251225Z Downloading httpx_sse-0.4.3-py3-none-any.whl (9.0 kB)
pytest (windows-latest, 3.11)	Install (Windows)	2026-10-03T15:00:12.1520479Z Downloading idna-3.20-py3-none-any.whl (69 kB)
pytest (windows-latest, 3.11)	Install (Windows)	2026-10-03T15:00:12.1839842Z Downloading jsonschema-4.26.0-py3-none-any.whl (90 kB)
pytest (windows-latest, 3.11)	Install (Windows)	2026-10-03T15:00:12.2080847Z Downloading attrs-26.1.0-py3-none-any.whl (67 kB)
pytest (windows-latest, 3.11)	Install (Windows)	2026-10-03T15:00:12.2371341Z Downloading jsonschema_specifications-2025.9.1-py3-none-any.whl (18 kB)
pytest (windows-latest, 3.11)	Install (Windows)	2026-10-03T15:00:12.2600474Z Downloading pydantic_settings-2.15.0-py3-none-any.whl (69 kB)
pytest (windows-latest, 3.11)	Install (Windows)	2026-10-03T15:00:12.2884897Z Downloading pyjwt-2.15.1-py3-none-any.whl (33 kB)
pytest (windows-latest, 3.11)	Install (Windows)	2026-10-03T15:00:12.3148607Z Downloading cryptography-50.0.2-cp311-abi3-win_amd64.whl (3.8 MB)
pytest (windows-latest, 3.11)	Install (Windows)	2026-10-03T15:00:12.3553813Z    ---------------------------------------- 3.8/3.8 MB 114.9 MB/s  0:00:00
pytest (windows-latest, 3.11)	Install (Windows)	2026-10-03T15:00:12.3595702Z Downloading cffi-2.1.1-cp311-cp311-win_amd64.whl (185 kB)
pytest (windows-latest, 3.11)	Install (Windows)	2026-10-03T15:00:12.4283804Z Downloading pytest-9.1.1-py3-none-any.whl (386 kB)
pytest (windows-latest, 3.11)	Install (Windows)	2026-10-03T15:00:12.4579997Z Using cached pluggy-1.6.0-py3-none-any.whl (20 kB)
pytest (windows-latest, 3.11)	Install (Windows)	2026-10-03T15:00:12.4624200Z Downloading colorama-0.4.6-py2.py3-none-any.whl (25 kB)
pytest (windows-latest, 3.11)	Install (Windows)	2026-10-03T15:00:12.4909581Z Downloading iniconfig-2.3.0-py3-none-any.whl (7.5 kB)
pytest (windows-latest, 3.11)	Install (Windows)	2026-10-03T15:00:12.5113491Z Using cached packaging-26.3-py3-none-any.whl (129 kB)
pytest (windows-latest, 3.11)	Install (Windows)	2026-10-03T15:00:12.5162544Z Downloading pygments-2.21.0-py3-none-any.whl (1.3 MB)
pytest (windows-latest, 3.11)	Install (Windows)	2026-10-03T15:00:12.5489219Z    ---------------------------------------- 1.3/1.3 MB 31.9 MB/s  0:00:00
pytest (windows-latest, 3.11)	Install (Windows)	2026-10-03T15:00:12.5528982Z Downloading python_dotenv-1.2.4-py3-none-any.whl (23 kB)
pytest (windows-latest, 3.11)	Install (Windows)	2026-10-03T15:00:12.5790499Z Downloading python_multipart-0.0.32-py3-none-any.whl (30 kB)
pytest (windows-latest, 3.11)	Install (Windows)	2026-10-03T15:00:12.6356549Z Downloading pywin32-312-cp311-cp311-win_amd64.whl (6.9 MB)
pytest (windows-latest, 3.11)	Install (Windows)	2026-10-03T15:00:12.6854795Z    ---------------------------------------- 6.9/6.9 MB 144.9 MB/s  0:00:00
pytest (windows-latest, 3.11)	Install (Windows)	2026-10-03T15:00:12.6897068Z Downloading referencing-0.37.0-py3-none-any.whl (26 kB)
pytest (windows-latest, 3.11)	Install (Windows)	2026-10-03T15:00:12.7173995Z Downloading rpds_py-2026.6.3-cp311-cp311-win_amd64.whl (223 kB)
pytest (windows-latest, 3.11)	Install (Windows)	2026-10-03T15:00:12.7421280Z Downloading sse_starlette-3.5.0-py3-none-any.whl (17 kB)
pytest (windows-latest, 3.11)	Install (Windows)	2026-10-03T15:00:12.7698486Z Downloading starlette-1.7.0-py3-none-any.whl (78 kB)
pytest (windows-latest, 3.11)	Install (Windows)	2026-10-03T15:00:12.7945158Z Downloading typer-0.27.2-py3-none-any.whl (123 kB)
pytest (windows-latest, 3.11)	Install (Windows)	2026-10-03T15:00:12.8273137Z Downloading annotated_doc-0.0.5-py3-none-any.whl (5.3 kB)
pytest (windows-latest, 3.11)	Install (Windows)	2026-10-03T15:00:12.8565319Z Downloading rich-15.0.0-py3-none-any.whl (310 kB)
pytest (windows-latest, 3.11)	Install (Windows)	2026-10-03T15:00:12.8910627Z Downloading markdown_it_py-4.2.0-py3-none-any.whl (91 kB)
pytest (windows-latest, 3.11)	Install (Windows)	2026-10-03T15:00:12.9154137Z Downloading mdurl-0.1.2-py3-none-any.whl (10.0 kB)
pytest (windows-latest, 3.11)	Install (Windows)	2026-10-03T15:00:12.9447975Z Downloading shellingham-1.5.4-py2.py3-none-any.whl (9.8 kB)
pytest (windows-latest, 3.11)	Install (Windows)	2026-10-03T15:00:12.9680104Z Downloading typing_extensions-4.16.0-py3-none-any.whl (45 kB)
pytest (windows-latest, 3.11)	Install (Windows)	2026-10-03T15:00:12.9966018Z Downloading typing_inspection-0.4.4-py3-none-any.whl (14 kB)
pytest (windows-latest, 3.11)	Install (Windows)	2026-10-03T15:00:13.0224437Z Downloading uvicorn-0.54.0-py3-none-any.whl (87 kB)
pytest (windows-latest, 3.11)	Install (Windows)	2026-10-03T15:00:13.0496154Z Downloading click-8.5.0-py3-none-any.whl (125 kB)
pytest (windows-latest, 3.11)	Install (Windows)	2026-10-03T15:00:13.0781110Z Downloading certifi-2026.7.22-py3-none-any.whl (136 kB)
pytest (windows-latest, 3.11)	Install (Windows)	2026-10-03T15:00:13.1047327Z Downloading pycparser-3.0-py3-none-any.whl (48 kB)
pytest (windows-latest, 3.11)	Install (Windows)	2026-10-03T15:00:13.2622854Z Building wheels for collected packages: packet-tracer-mcp
pytest (windows-latest, 3.11)	Install (Windows)	2026-10-03T15:00:13.2650284Z   Building editable for packet-tracer-mcp (pyproject.toml): started
pytest (windows-latest, 3.11)	Install (Windows)	2026-10-03T15:00:13.3176799Z   Building editable for packet-tracer-mcp (pyproject.toml): finished with status 'done'
pytest (windows-latest, 3.11)	Install (Windows)	2026-10-03T15:00:13.3219340Z   Created wheel for packet-tracer-mcp: filename=packet_tracer_mcp-0.8.0-py3-none-any.whl size=3681 sha256=8aa56295c49d6321dce40fde7bb624bdb4667bb86515131925ef683bc0df9579
pytest (windows-latest, 3.11)	Install (Windows)	2026-10-03T15:00:13.3220400Z   Stored in directory: C:\Users\runneradmin\AppData\Local\Temp\pip-ephem-wheel-cache-kv8zv021\wheels\46\d1\73\d9e98d8364beb148ed75e8b8660b639ec1d10eeb0d55b35446
pytest (windows-latest, 3.11)	Install (Windows)	2026-10-03T15:00:13.3240554Z Successfully built packet-tracer-mcp
pytest (windows-latest, 3.11)	Install (Windows)	2026-10-03T15:00:13.3931696Z Installing collected packages: typing-extensions, shellingham, ruff, rpds-py, pywin32, python-multipart, python-dotenv, pyjwt, pygments, pycparser, pluggy, packaging, mdurl, iniconfig, idna, httpx-sse, h11, colorama, click, certifi, attrs, annotated-types, annotated-doc, uvicorn, typing-inspection, referencing, pytest, pydantic-core, markdown-it-py, httpcore, cffi, anyio, starlette, rich, pydantic, jsonschema-specifications, httpx, cryptography, typer, sse-starlette, pydantic-settings, jsonschema, mcp, packet-tracer-mcp
pytest (windows-latest, 3.11)	Install (Windows)	2026-10-03T15:00:18.1213856Z 
pytest (windows-latest, 3.11)	Install (Windows)	2026-10-03T15:00:18.1234026Z Successfully installed annotated-doc-0.0.5 annotated-types-0.8.0 anyio-4.15.1 attrs-26.1.0 certifi-2026.7.22 cffi-2.1.1 click-8.5.0 colorama-0.4.6 cryptography-50.0.2 h11-0.16.0 httpcore-1.0.9 httpx-0.28.1 httpx-sse-0.4.3 idna-3.20 iniconfig-2.3.0 jsonschema-4.26.0 jsonschema-specifications-2025.9.1 markdown-it-py-4.2.0 mcp-1.30.0 mdurl-0.1.2 packaging-26.3 packet-tracer-mcp-0.8.0 pluggy-1.6.0 pycparser-3.0 pydantic-2.13.5 pydantic-core-2.46.5 pydantic-settings-2.15.0 pygments-2.21.0 pyjwt-2.15.1 pytest-9.1.1 python-dotenv-1.2.4 python-multipart-0.0.32 pywin32-312 referencing-0.37.0 rich-15.0.0 rpds-py-2026.6.3 ruff-0.16.7 shellingham-1.5.4 sse-starlette-3.5.0 starlette-1.7.0 typer-0.27.2 typing-extensions-4.16.0 typing-inspection-0.4.4 uvicorn-0.54.0
pytest (windows-latest, 3.11)	Run tests (Windows)	﻿2026-10-03T15:00:18.4525327Z ##[group]Run .\.venv\Scripts\python.exe -m pytest -q -rs
pytest (windows-latest, 3.11)	Run tests (Windows)	2026-10-03T15:00:18.4525733Z ^[[36;1m.\.venv\Scripts\python.exe -m pytest -q -rs^[[0m
pytest (windows-latest, 3.11)	Run tests (Windows)	2026-10-03T15:00:18.4583271Z shell: C:\Program Files\PowerShell\7\pwsh.EXE -command ". '{0}'"
pytest (windows-latest, 3.11)	Run tests (Windows)	2026-10-03T15:00:18.4583563Z env:
pytest (windows-latest, 3.11)	Run tests (Windows)	2026-10-03T15:00:18.4583830Z   PT_MCP_BRIDGE_TOKEN: ci-token-long-enough-to-be-considered-valid-0123456789
pytest (windows-latest, 3.11)	Run tests (Windows)	2026-10-03T15:00:18.4584208Z   pythonLocation: C:\hostedtoolcache\windows\Python\3.11.9\x64
pytest (windows-latest, 3.11)	Run tests (Windows)	2026-10-03T15:00:18.4584776Z   PKG_CONFIG_PATH: C:\hostedtoolcache\windows\Python\3.11.9\x64/lib/pkgconfig
pytest (windows-latest, 3.11)	Run tests (Windows)	2026-10-03T15:00:18.4585117Z   Python_ROOT_DIR: C:\hostedtoolcache\windows\Python\3.11.9\x64
pytest (windows-latest, 3.11)	Run tests (Windows)	2026-10-03T15:00:18.4585441Z   Python2_ROOT_DIR: C:\hostedtoolcache\windows\Python\3.11.9\x64
pytest (windows-latest, 3.11)	Run tests (Windows)	2026-10-03T15:00:18.4604319Z   Python3_ROOT_DIR: C:\hostedtoolcache\windows\Python\3.11.9\x64
pytest (windows-latest, 3.11)	Run tests (Windows)	2026-10-03T15:00:18.4604754Z ##[endgroup]
pytest (windows-latest, 3.11)	Run tests (Windows)	2026-10-03T15:01:04.4194350Z ........................................................................ [  0%]
pytest (windows-latest, 3.11)	Run tests (Windows)	2026-10-03T15:01:04.4927198Z ........................................................................ [  1%]
pytest (windows-latest, 3.11)	Run tests (Windows)	2026-10-03T15:01:04.5450081Z ........................................................................ [  2%]
pytest (windows-latest, 3.11)	Run tests (Windows)	2026-10-03T15:01:11.4449735Z ........................................................................ [  3%]
pytest (windows-latest, 3.11)	Run tests (Windows)	2026-10-03T15:01:16.7920295Z ........................................................................ [  4%]
pytest (windows-latest, 3.11)	Run tests (Windows)	2026-10-03T15:01:39.4821359Z ........................................................................ [  4%]
pytest (windows-latest, 3.11)	Run tests (Windows)	2026-10-03T15:01:42.5165862Z ........................................................................ [  5%]
pytest (windows-latest, 3.11)	Run tests (Windows)	2026-10-03T15:01:47.2598042Z ........................................................................ [  6%]
pytest (windows-latest, 3.11)	Run tests (Windows)	2026-10-03T15:01:59.0261517Z ........................................................................ [  7%]
pytest (windows-latest, 3.11)	Run tests (Windows)	2026-10-03T15:02:17.6475777Z ........................................................................ [  8%]
pytest (windows-latest, 3.11)	Run tests (Windows)	2026-10-03T15:02:27.2077401Z ........................................................................ [  8%]
pytest (windows-latest, 3.11)	Run tests (Windows)	2026-10-03T15:02:53.9294823Z ........................................................................ [  9%]
pytest (windows-latest, 3.11)	Run tests (Windows)	2026-10-03T15:02:54.1896845Z ........................................................................ [ 10%]
pytest (windows-latest, 3.11)	Run tests (Windows)	2026-10-03T15:02:54.3222974Z ........................................................................ [ 11%]
pytest (windows-latest, 3.11)	Run tests (Windows)	2026-10-03T15:03:09.7015173Z ........................................................................ [ 12%]
pytest (windows-latest, 3.11)	Run tests (Windows)	2026-10-03T15:03:41.0434995Z ........................................................................ [ 12%]
pytest (windows-latest, 3.11)	Run tests (Windows)	2026-10-03T15:03:56.1562017Z ........................................................................ [ 13%]
pytest (windows-latest, 3.11)	Run tests (Windows)	2026-10-03T15:04:04.9453949Z ........................................................................ [ 14%]
pytest (windows-latest, 3.11)	Run tests (Windows)	2026-10-03T15:04:10.1944248Z ........................................................................ [ 15%]
pytest (windows-latest, 3.11)	Run tests (Windows)	2026-10-03T15:04:30.4328678Z ........................................................................ [ 16%]
pytest (windows-latest, 3.11)	Run tests (Windows)	2026-10-03T15:04:51.9966490Z ........................................................................ [ 17%]
pytest (windows-latest, 3.11)	Run tests (Windows)	2026-10-03T15:05:01.2811028Z ........................................................................ [ 17%]
pytest (windows-latest, 3.11)	Run tests (Windows)	2026-10-03T15:05:56.5971813Z ........................................................................ [ 18%]
pytest (windows-latest, 3.11)	Run tests (Windows)	2026-10-03T15:06:05.5185898Z ........................................................................ [ 19%]
pytest (windows-latest, 3.11)	Run tests (Windows)	2026-10-03T15:06:17.2597227Z ........................................................................ [ 20%]
pytest (windows-latest, 3.11)	Run tests (Windows)	2026-10-03T15:06:26.1892435Z ........................................................................ [ 21%]
pytest (windows-latest, 3.11)	Run tests (Windows)	2026-10-03T15:06:28.7833207Z ........................................................................ [ 21%]
pytest (windows-latest, 3.11)	Run tests (Windows)	2026-10-03T15:06:30.6976076Z ........................................................................ [ 22%]
pytest (windows-latest, 3.11)	Run tests (Windows)	2026-10-03T15:06:32.4844049Z ............s........................................................... [ 23%]
pytest (windows-latest, 3.11)	Run tests (Windows)	2026-10-03T15:06:44.8433508Z ........................................................................ [ 24%]
pytest (windows-latest, 3.11)	Run tests (Windows)	2026-10-03T15:06:47.1118849Z ........................................................................ [ 25%]
pytest (windows-latest, 3.11)	Run tests (Windows)	2026-10-03T15:06:47.9910947Z ........................................................................ [ 25%]
pytest (windows-latest, 3.11)	Run tests (Windows)	2026-10-03T15:06:49.9826292Z ........................................................................ [ 26%]
pytest (windows-latest, 3.11)	Run tests (Windows)	2026-10-03T15:06:53.5145130Z ........................................................................ [ 27%]
pytest (windows-latest, 3.11)	Run tests (Windows)	2026-10-03T15:06:53.6009198Z ........................................................................ [ 28%]
pytest (windows-latest, 3.11)	Run tests (Windows)	2026-10-03T15:06:53.6822646Z ........................................................................ [ 29%]
pytest (windows-latest, 3.11)	Run tests (Windows)	2026-10-03T15:06:53.9859139Z ........................................................................ [ 30%]
pytest (windows-latest, 3.11)	Run tests (Windows)	2026-10-03T15:06:54.9330444Z ........................................................................ [ 30%]
pytest (windows-latest, 3.11)	Run tests (Windows)	2026-10-03T15:06:55.5500768Z ........................................................................ [ 31%]
pytest (windows-latest, 3.11)	Run tests (Windows)	2026-10-03T15:06:58.9747748Z ........................................................................ [ 32%]
pytest (windows-latest, 3.11)	Run tests (Windows)	2026-10-03T15:06:59.8815751Z ........................................................................ [ 33%]
pytest (windows-latest, 3.11)	Run tests (Windows)	2026-10-03T15:07:01.0570355Z ........................................................................ [ 34%]
pytest (windows-latest, 3.11)	Run tests (Windows)	2026-10-03T15:07:08.5490199Z ........................................................................ [ 34%]
pytest (windows-latest, 3.11)	Run tests (Windows)	2026-10-03T15:07:09.2357359Z ........................................................................ [ 35%]
pytest (windows-latest, 3.11)	Run tests (Windows)	2026-10-03T15:07:12.9342850Z ........................................................................ [ 36%]
pytest (windows-latest, 3.11)	Run tests (Windows)	2026-10-03T15:07:13.1653159Z ........................................................................ [ 37%]
pytest (windows-latest, 3.11)	Run tests (Windows)	2026-10-03T15:07:13.3946483Z ........................................................................ [ 38%]
pytest (windows-latest, 3.11)	Run tests (Windows)	2026-10-03T15:07:19.7701678Z ........................................................................ [ 38%]
pytest (windows-latest, 3.11)	Run tests (Windows)	2026-10-03T15:07:26.4301978Z ........................................................................ [ 39%]
pytest (windows-latest, 3.11)	Run tests (Windows)	2026-10-03T15:07:52.3088775Z ........................................................................ [ 40%]
pytest (windows-latest, 3.11)	Run tests (Windows)	2026-10-03T15:07:54.0063453Z ........................................................................ [ 41%]
pytest (windows-latest, 3.11)	Run tests (Windows)	2026-10-03T15:08:14.9352806Z ........................................................................ [ 42%]
pytest (windows-latest, 3.11)	Run tests (Windows)	2026-10-03T15:08:15.0049691Z ........................................................................ [ 43%]
pytest (windows-latest, 3.11)	Run tests (Windows)	2026-10-03T15:08:15.5649511Z ........................................................................ [ 43%]
pytest (windows-latest, 3.11)	Run tests (Windows)	2026-10-03T15:08:18.1518389Z ........................................................................ [ 44%]
pytest (windows-latest, 3.11)	Run tests (Windows)	2026-10-03T15:08:53.6877314Z ........................................................................ [ 45%]
pytest (windows-latest, 3.11)	Run tests (Windows)	2026-10-03T15:08:54.4284049Z ........................................................................ [ 46%]
pytest (windows-latest, 3.11)	Run tests (Windows)	2026-10-03T15:09:30.3337895Z ........................................................................ [ 47%]
pytest (windows-latest, 3.11)	Run tests (Windows)	2026-10-03T15:09:46.3638322Z ........................................................................ [ 47%]
pytest (windows-latest, 3.11)	Run tests (Windows)	2026-10-03T15:09:54.6243734Z ........................................................................ [ 48%]
pytest (windows-latest, 3.11)	Run tests (Windows)	2026-10-03T15:10:16.9832871Z ........................................................................ [ 49%]
pytest (windows-latest, 3.11)	Run tests (Windows)	2026-10-03T15:10:17.0413122Z ........................................................................ [ 50%]
pytest (windows-latest, 3.11)	Run tests (Windows)	2026-10-03T15:10:17.8328432Z ........................................................................ [ 51%]
pytest (windows-latest, 3.11)	Run tests (Windows)	2026-10-03T15:10:18.1393462Z ........................................................................ [ 51%]
pytest (windows-latest, 3.11)	Run tests (Windows)	2026-10-03T15:10:18.3066303Z ........................................................................ [ 52%]
pytest (windows-latest, 3.11)	Run tests (Windows)	2026-10-03T15:10:19.8029402Z ........................................................................ [ 53%]
pytest (windows-latest, 3.11)	Run tests (Windows)	2026-10-03T15:10:20.7495299Z ........................................................................ [ 54%]
pytest (windows-latest, 3.11)	Run tests (Windows)	2026-10-03T15:10:20.7997343Z ........................................................................ [ 55%]
pytest (windows-latest, 3.11)	Run tests (Windows)	2026-10-03T15:10:22.1441244Z ........................................................................ [ 56%]
pytest (windows-latest, 3.11)	Run tests (Windows)	2026-10-03T15:10:22.7553274Z ........................................................................ [ 56%]
pytest (windows-latest, 3.11)	Run tests (Windows)	2026-10-03T15:10:22.8325065Z ........................................................................ [ 57%]
pytest (windows-latest, 3.11)	Run tests (Windows)	2026-10-03T15:10:22.8928615Z ........................................................................ [ 58%]
pytest (windows-latest, 3.11)	Run tests (Windows)	2026-10-03T15:10:22.9446628Z .......................................................................s [ 59%]
pytest (windows-latest, 3.11)	Run tests (Windows)	2026-10-03T15:10:23.9940777Z ........................................................................ [ 60%]
pytest (windows-latest, 3.11)	Run tests (Windows)	2026-10-03T15:10:24.0499905Z ......................s................................................. [ 60%]
pytest (windows-latest, 3.11)	Run tests (Windows)	2026-10-03T15:10:24.1245843Z ........................................................................ [ 61%]
pytest (windows-latest, 3.11)	Run tests (Windows)	2026-10-03T15:10:24.1875112Z ........................................................................ [ 62%]
pytest (windows-latest, 3.11)	Run tests (Windows)	2026-10-03T15:10:24.2489069Z ........................................................................ [ 63%]
pytest (windows-latest, 3.11)	Run tests (Windows)	2026-10-03T15:10:25.1656315Z ........................................................................ [ 64%]
pytest (windows-latest, 3.11)	Run tests (Windows)	2026-10-03T15:10:34.6526488Z ........................................................................ [ 64%]
pytest (windows-latest, 3.11)	Run tests (Windows)	2026-10-03T15:10:51.9835120Z ........................................................................ [ 65%]
pytest (windows-latest, 3.11)	Run tests (Windows)	2026-10-03T15:10:54.7399534Z ........................................................................ [ 66%]
pytest (windows-latest, 3.11)	Run tests (Windows)	2026-10-03T15:10:54.9228296Z ........................................................................ [ 67%]
pytest (windows-latest, 3.11)	Run tests (Windows)	2026-10-03T15:11:06.6365307Z ........................................................................ [ 68%]
pytest (windows-latest, 3.11)	Run tests (Windows)	2026-10-03T15:11:14.3731887Z ........................................................................ [ 68%]
pytest (windows-latest, 3.11)	Run tests (Windows)	2026-10-03T15:11:25.9305092Z ........................................................................ [ 69%]
pytest (windows-latest, 3.11)	Run tests (Windows)	2026-10-03T15:11:48.1293795Z ........................................................................ [ 70%]
pytest (windows-latest, 3.11)	Run tests (Windows)	2026-10-03T15:11:53.2430841Z ........................................................................ [ 71%]
pytest (windows-latest, 3.11)	Run tests (Windows)	2026-10-03T15:12:00.0420956Z ........................................................................ [ 72%]
pytest (windows-latest, 3.11)	Run tests (Windows)	2026-10-03T15:12:06.8722492Z ........................................................................ [ 73%]
pytest (windows-latest, 3.11)	Run tests (Windows)	2026-10-03T15:12:17.9421262Z .................................................................ss..... [ 73%]
pytest (windows-latest, 3.11)	Run tests (Windows)	2026-10-03T15:12:35.3016280Z ........................................................................ [ 74%]
pytest (windows-latest, 3.11)	Run tests (Windows)	2026-10-03T15:12:40.4810574Z ............................s........................................... [ 75%]
pytest (windows-latest, 3.11)	Run tests (Windows)	2026-10-03T15:12:46.0671462Z ........................................................................ [ 76%]
pytest (windows-latest, 3.11)	Run tests (Windows)	2026-10-03T15:12:49.0244981Z ........................................................................ [ 77%]
pytest (windows-latest, 3.11)	Run tests (Windows)	2026-10-03T15:12:57.4208155Z ........................................................................ [ 77%]
pytest (windows-latest, 3.11)	Run tests (Windows)	2026-10-03T15:13:03.6393752Z ........................................................................ [ 78%]
pytest (windows-latest, 3.11)	Run tests (Windows)	2026-10-03T15:13:06.4052466Z ........................................................................ [ 79%]
pytest (windows-latest, 3.11)	Run tests (Windows)	2026-10-03T15:13:21.2823622Z ........................................................................ [ 80%]
pytest (windows-latest, 3.11)	Run tests (Windows)	2026-10-03T15:13:31.0319388Z ........................................................................ [ 81%]
pytest (windows-latest, 3.11)	Run tests (Windows)	2026-10-03T15:13:34.7332180Z ........................................................................ [ 81%]
pytest (windows-latest, 3.11)	Run tests (Windows)	2026-10-03T15:13:34.7798740Z ........................................................................ [ 82%]
pytest (windows-latest, 3.11)	Run tests (Windows)	2026-10-03T15:13:37.5650005Z ........................................................................ [ 83%]
pytest (windows-latest, 3.11)	Run tests (Windows)	2026-10-03T15:13:43.4424631Z ........................................................................ [ 84%]
pytest (windows-latest, 3.11)	Run tests (Windows)	2026-10-03T15:13:45.0972667Z ........................................................................ [ 85%]
pytest (windows-latest, 3.11)	Run tests (Windows)	2026-10-03T15:13:45.1490734Z ........................................................................ [ 86%]
pytest (windows-latest, 3.11)	Run tests (Windows)	2026-10-03T15:13:45.1998530Z ........................................................................ [ 86%]
pytest (windows-latest, 3.11)	Run tests (Windows)	2026-10-03T15:13:54.9255341Z ........................................................................ [ 87%]
pytest (windows-latest, 3.11)	Run tests (Windows)	2026-10-03T15:13:59.5509791Z ........................................................................ [ 88%]
pytest (windows-latest, 3.11)	Run tests (Windows)	2026-10-03T15:17:09.0010066Z ........................................................................ [ 89%]
pytest (windows-latest, 3.11)	Run tests (Windows)	2026-10-03T15:18:55.1328628Z ........................................................................ [ 90%]
pytest (windows-latest, 3.11)	Run tests (Windows)	2026-10-03T15:20:38.3180057Z ........................................................................ [ 90%]
pytest (windows-latest, 3.11)	Run tests (Windows)	2026-10-03T15:21:27.0659385Z ........................................................................ [ 91%]
pytest (windows-latest, 3.11)	Run tests (Windows)	2026-10-03T15:21:38.8957292Z ........................................................................ [ 92%]
pytest (windows-latest, 3.11)	Run tests (Windows)	2026-10-03T15:21:52.7936813Z ........................................................................ [ 93%]
pytest (windows-latest, 3.11)	Run tests (Windows)	2026-10-03T15:21:54.1550339Z ........................................................................ [ 94%]
pytest (windows-latest, 3.11)	Run tests (Windows)	2026-10-03T15:21:54.2175725Z ........................................................................ [ 94%]
pytest (windows-latest, 3.11)	Run tests (Windows)	2026-10-03T15:21:54.2769182Z ........................................................................ [ 95%]
pytest (windows-latest, 3.11)	Run tests (Windows)	2026-10-03T15:22:31.7098145Z ........................................................................ [ 96%]
pytest (windows-latest, 3.11)	Run tests (Windows)	2026-10-03T15:22:35.0075016Z ........................................................................ [ 97%]
pytest (windows-latest, 3.11)	Run tests (Windows)	2026-10-03T15:22:35.1020364Z ........................................................................ [ 98%]
pytest (windows-latest, 3.11)	Run tests (Windows)	2026-10-03T15:22:35.1788079Z ........................................................................ [ 99%]
pytest (windows-latest, 3.11)	Run tests (Windows)	2026-10-03T15:22:35.8675186Z ........................................................................ [ 99%]
pytest (windows-latest, 3.11)	Run tests (Windows)	2026-10-03T15:22:40.5778877Z ..............                                                           [100%]
pytest (windows-latest, 3.11)	Run tests (Windows)	2026-10-03T15:22:40.5779608Z ============================== warnings summary ===============================
pytest (windows-latest, 3.11)	Run tests (Windows)	2026-10-03T15:22:40.5780735Z tests/test_e95_interface_routing_semantics.py::TestTheReferenceIsUnchanged::test_the_reference_still_emits_no_bandwidth_anywhere
pytest (windows-latest, 3.11)	Run tests (Windows)	2026-10-03T15:22:40.5781983Z tests/test_e95_productive_pipeline.py::TestTheCompilerReachesLinkPerformance::test_the_reference_still_compiles_after_the_wiring
pytest (windows-latest, 3.11)	Run tests (Windows)	2026-10-03T15:22:40.5783297Z tests/test_e95_productive_pipeline.py::TestUnknownProfileNeverMutates::test_an_unknown_profile_produces_zero_link_mode_mutations
pytest (windows-latest, 3.11)	Run tests (Windows)	2026-10-03T15:22:40.5784714Z   D:\a\cisco-muejeje\cisco-muejeje\.venv\Lib\site-packages\_pytest\fixtures.py:1313: PytestRemovedIn10Warning: Class-scoped fixture defined as instance method is deprecated.
pytest (windows-latest, 3.11)	Run tests (Windows)	2026-10-03T15:22:40.5785889Z   Instance attributes set in this fixture will NOT be visible to test methods,
pytest (windows-latest, 3.11)	Run tests (Windows)	2026-10-03T15:22:40.5786592Z   as each test gets a new instance while the fixture runs only once per class.
pytest (windows-latest, 3.11)	Run tests (Windows)	2026-10-03T15:22:40.5787231Z   Use @classmethod decorator and set attributes on cls instead.
pytest (windows-latest, 3.11)	Run tests (Windows)	2026-10-03T15:22:40.5788276Z   See https://docs.pytest.org/en/stable/deprecations.html#class-scoped-fixture-as-instance-method
pytest (windows-latest, 3.11)	Run tests (Windows)	2026-10-03T15:22:40.5789245Z     fixturefunc = resolve_fixture_function(fixturedef, request)
pytest (windows-latest, 3.11)	Run tests (Windows)	2026-10-03T15:22:40.5789635Z 
pytest (windows-latest, 3.11)	Run tests (Windows)	2026-10-03T15:22:40.5789929Z -- Docs: https://docs.pytest.org/en/stable/how-to/capture-warnings.html
pytest (windows-latest, 3.11)	Run tests (Windows)	2026-10-03T15:22:40.5791768Z =========================== short test summary info ===========================
pytest (windows-latest, 3.11)	Run tests (Windows)	2026-10-03T15:22:40.5792461Z SKIPPED [1] tests\test_dhcp_native_default_sequence.py:110: the D-DHCP record is machine-local
pytest (windows-latest, 3.11)	Run tests (Windows)	2026-10-03T15:22:40.5793382Z SKIPPED [1] tests\test_positive_voice_ab_evidence_ledger.py:131: no retained raw run is present in this checkout
pytest (windows-latest, 3.11)	Run tests (Windows)	2026-10-03T15:22:40.5794568Z SKIPPED [1] tests\test_positive_voice_dhcp_pool_observer.py:562: the ignored qualification artefact is absent here
pytest (windows-latest, 3.11)	Run tests (Windows)	2026-10-03T15:22:40.5795556Z SKIPPED [1] tests\test_server_pt_fastloop_retirement.py:2332: opt-in: set PT_MCP_NATIVE_WINDOW_TESTS=1 on Windows
pytest (windows-latest, 3.11)	Run tests (Windows)	2026-10-03T15:22:40.5796552Z SKIPPED [1] tests\test_server_pt_fastloop_retirement.py:2405: opt-in: set PT_MCP_NATIVE_WINDOW_TESTS=1 on Windows
pytest (windows-latest, 3.11)	Run tests (Windows)	2026-10-03T15:22:40.5797594Z SKIPPED [1] tests\test_server_pt_published_sources.py:188: the documentation extra (`.[docs]`) is not installed here
pytest (windows-latest, 3.11)	Run tests (Windows)	2026-10-03T15:22:40.5798359Z 8864 passed, 6 skipped, 3 warnings in 1338.01s (0:22:18)
pytest (windows-latest, 3.11)	Post Run actions/setup-python@v5	﻿2026-10-03T15:22:42.1471942Z Post job cleanup.
pytest (windows-latest, 3.11)	Post Run actions/setup-python@v5	2026-10-03T15:22:42.2916863Z (node:10204) [DEP0040] DeprecationWarning: The `punycode` module is deprecated. Please use a userland alternative instead.
pytest (windows-latest, 3.11)	Post Run actions/setup-python@v5	2026-10-03T15:22:42.2917550Z (Use `node --trace-deprecation ...` to show where the warning was created)
pytest (windows-latest, 3.11)	Post Run actions/checkout@v4	﻿2026-10-03T15:22:42.3205524Z Post job cleanup.
pytest (windows-latest, 3.11)	Post Run actions/checkout@v4	2026-10-03T15:22:42.4861821Z [command]"C:\Program Files\Git\bin\git.exe" version
pytest (windows-latest, 3.11)	Post Run actions/checkout@v4	2026-10-03T15:22:42.5094219Z git version 2.55.0.windows.5
pytest (windows-latest, 3.11)	Post Run actions/checkout@v4	2026-10-03T15:22:42.5150181Z Temporarily overriding HOME='D:\a\_temp\3d6be97c-5f96-4430-a8a0-db94487d0d9d' before making global git config changes
pytest (windows-latest, 3.11)	Post Run actions/checkout@v4	2026-10-03T15:22:42.5151190Z Adding repository directory to the temporary git global config as a safe directory
pytest (windows-latest, 3.11)	Post Run actions/checkout@v4	2026-10-03T15:22:42.5159731Z [command]"C:\Program Files\Git\bin\git.exe" config --global --add safe.directory D:\a\cisco-muejeje\cisco-muejeje
pytest (windows-latest, 3.11)	Post Run actions/checkout@v4	2026-10-03T15:22:42.5409197Z [command]"C:\Program Files\Git\bin\git.exe" config --local --name-only --get-regexp core\.sshCommand
pytest (windows-latest, 3.11)	Post Run actions/checkout@v4	2026-10-03T15:22:42.5654805Z [command]"C:\Program Files\Git\bin\git.exe" submodule foreach --recursive "sh -c \"git config --local --name-only --get-regexp 'core\.sshCommand' && git config --local --unset-all 'core.sshCommand' || :\""
pytest (windows-latest, 3.11)	Post Run actions/checkout@v4	2026-10-03T15:22:43.0254764Z [command]"C:\Program Files\Git\bin\git.exe" config --local --name-only --get-regexp http\.https\:\/\/github\.com\/\.extraheader
pytest (windows-latest, 3.11)	Post Run actions/checkout@v4	2026-10-03T15:22:43.0587472Z [command]"C:\Program Files\Git\bin\git.exe" submodule foreach --recursive "sh -c \"git config --local --name-only --get-regexp 'http\.https\:\/\/github\.com\/\.extraheader' && git config --local --unset-all 'http.https://github.com/.extraheader' || :\""
pytest (windows-latest, 3.11)	Post Run actions/checkout@v4	2026-10-03T15:22:43.5289454Z [command]"C:\Program Files\Git\bin\git.exe" config --local --name-only --get-regexp ^includeIf\.gitdir:
pytest (windows-latest, 3.11)	Post Run actions/checkout@v4	2026-10-03T15:22:43.5557942Z [command]"C:\Program Files\Git\bin\git.exe" submodule foreach --recursive "git config --local --show-origin --name-only --get-regexp remote.origin.url"
pytest (windows-latest, 3.11)	Complete job	﻿2026-10-03T15:22:44.0051874Z Cleaning up orphan processes
pytest (windows-latest, 3.11)	Complete job	2026-10-03T15:22:44.0308626Z ##[warning]Node.js 20 is deprecated. The following actions target Node.js 20 but are being forced to run on Node.js 24: actions/checkout@v4, actions/setup-python@v5. For more information see: https://github.blog/changelog/2025-09-19-deprecation-of-node-20-on-github-actions-runners/
pytest (ubuntu-latest, 3.11)	Set up job	﻿2026-10-03T14:59:24.6151602Z Current runner version: '2.337.0'
pytest (ubuntu-latest, 3.11)	Set up job	2026-10-03T14:59:24.6174376Z ##[group]Runner Image Provisioner
pytest (ubuntu-latest, 3.11)	Set up job	2026-10-03T14:59:24.6175193Z Hosted Compute Agent
pytest (ubuntu-latest, 3.11)	Set up job	2026-10-03T14:59:24.6175685Z Version: 20260901.588
pytest (ubuntu-latest, 3.11)	Set up job	2026-10-03T14:59:24.6176302Z Commit: f88ec8081b781fac6c440065ac7ff9e710ce3d0b
pytest (ubuntu-latest, 3.11)	Set up job	2026-10-03T14:59:24.6176922Z Build Date: 2026-09-01T19:56:44Z
pytest (ubuntu-latest, 3.11)	Set up job	2026-10-03T14:59:24.6177477Z Worker ID: {49a31ea0-3322-4496-8c14-28d215ce4623}
pytest (ubuntu-latest, 3.11)	Set up job	2026-10-03T14:59:24.6178029Z Azure Region: centralus
pytest (ubuntu-latest, 3.11)	Set up job	2026-10-03T14:59:24.6178833Z ##[endgroup]
pytest (ubuntu-latest, 3.11)	Set up job	2026-10-03T14:59:24.6180205Z ##[group]Operating System
pytest (ubuntu-latest, 3.11)	Set up job	2026-10-03T14:59:24.6180720Z Ubuntu
pytest (ubuntu-latest, 3.11)	Set up job	2026-10-03T14:59:24.6181155Z 24.04.5
pytest (ubuntu-latest, 3.11)	Set up job	2026-10-03T14:59:24.6181612Z LTS
pytest (ubuntu-latest, 3.11)	Set up job	2026-10-03T14:59:24.6182056Z ##[endgroup]
pytest (ubuntu-latest, 3.11)	Set up job	2026-10-03T14:59:24.6182511Z ##[group]Runner Image
pytest (ubuntu-latest, 3.11)	Set up job	2026-10-03T14:59:24.6182992Z Image: ubuntu-24.04
pytest (ubuntu-latest, 3.11)	Set up job	2026-10-03T14:59:24.6183460Z Version: 20260927.320.1
pytest (ubuntu-latest, 3.11)	Set up job	2026-10-03T14:59:24.6184239Z Included Software: https://github.com/actions/runner-images/blob/ubuntu24/20260927.320/images/ubuntu/Ubuntu2404-Readme.md
pytest (ubuntu-latest, 3.11)	Set up job	2026-10-03T14:59:24.6185541Z Image Release: https://github.com/actions/runner-images/releases/tag/ubuntu24%2F20260927.320
pytest (ubuntu-latest, 3.11)	Set up job	2026-10-03T14:59:24.6186257Z ##[endgroup]
pytest (ubuntu-latest, 3.11)	Set up job	2026-10-03T14:59:24.6187125Z ##[group]GITHUB_TOKEN Permissions
pytest (ubuntu-latest, 3.11)	Set up job	2026-10-03T14:59:24.6188710Z Contents: read
pytest (ubuntu-latest, 3.11)	Set up job	2026-10-03T14:59:24.6189530Z Metadata: read
pytest (ubuntu-latest, 3.11)	Set up job	2026-10-03T14:59:24.6190050Z ##[endgroup]
pytest (ubuntu-latest, 3.11)	Set up job	2026-10-03T14:59:24.6191836Z Secret source: Actions
pytest (ubuntu-latest, 3.11)	Set up job	2026-10-03T14:59:24.6192639Z Cache mode: write
pytest (ubuntu-latest, 3.11)	Set up job	2026-10-03T14:59:24.6193153Z Prepare workflow directory
pytest (ubuntu-latest, 3.11)	Set up job	2026-10-03T14:59:24.6548159Z Prepare all required actions
pytest (ubuntu-latest, 3.11)	Set up job	2026-10-03T14:59:24.6584878Z Getting action download info
pytest (ubuntu-latest, 3.11)	Set up job	2026-10-03T14:59:24.8969572Z Download action repository 'actions/checkout@v4' (SHA:11d5960a326750d5838078e36cf38b85af677262)
pytest (ubuntu-latest, 3.11)	Set up job	2026-10-03T14:59:25.2181424Z Download action repository 'actions/setup-python@v5' (SHA:a26af69be951a213d495a4c3e4e4022e16d87065)
pytest (ubuntu-latest, 3.11)	Set up job	2026-10-03T14:59:25.6256741Z Complete job name: pytest (ubuntu-latest, 3.11)
pytest (ubuntu-latest, 3.11)	Run actions/checkout@v4	﻿2026-10-03T14:59:25.6878667Z ##[group]Run actions/checkout@v4
pytest (ubuntu-latest, 3.11)	Run actions/checkout@v4	2026-10-03T14:59:25.6879820Z with:
pytest (ubuntu-latest, 3.11)	Run actions/checkout@v4	2026-10-03T14:59:25.6880335Z   fetch-depth: 0
pytest (ubuntu-latest, 3.11)	Run actions/checkout@v4	2026-10-03T14:59:25.6880760Z   persist-credentials: false
pytest (ubuntu-latest, 3.11)	Run actions/checkout@v4	2026-10-03T14:59:25.6881268Z   repository: andres18113/cisco-muejeje
pytest (ubuntu-latest, 3.11)	Run actions/checkout@v4	2026-10-03T14:59:25.6884641Z   token: ***
pytest (ubuntu-latest, 3.11)	Run actions/checkout@v4	2026-10-03T14:59:25.6885167Z   ssh-strict: true
pytest (ubuntu-latest, 3.11)	Run actions/checkout@v4	2026-10-03T14:59:25.6885729Z   ssh-user: git
pytest (ubuntu-latest, 3.11)	Run actions/checkout@v4	2026-10-03T14:59:25.6886153Z   clean: true
pytest (ubuntu-latest, 3.11)	Run actions/checkout@v4	2026-10-03T14:59:25.6886677Z   sparse-checkout-cone-mode: true
pytest (ubuntu-latest, 3.11)	Run actions/checkout@v4	2026-10-03T14:59:25.6887169Z   fetch-tags: false
pytest (ubuntu-latest, 3.11)	Run actions/checkout@v4	2026-10-03T14:59:25.6887584Z   show-progress: true
pytest (ubuntu-latest, 3.11)	Run actions/checkout@v4	2026-10-03T14:59:25.6887989Z   lfs: false
pytest (ubuntu-latest, 3.11)	Run actions/checkout@v4	2026-10-03T14:59:25.6888382Z   submodules: false
pytest (ubuntu-latest, 3.11)	Run actions/checkout@v4	2026-10-03T14:59:25.6888836Z   set-safe-directory: true
pytest (ubuntu-latest, 3.11)	Run actions/checkout@v4	2026-10-03T14:59:25.6889695Z   allow-unsafe-pr-checkout: false
pytest (ubuntu-latest, 3.11)	Run actions/checkout@v4	2026-10-03T14:59:25.6890492Z env:
pytest (ubuntu-latest, 3.11)	Run actions/checkout@v4	2026-10-03T14:59:25.6891281Z   PT_MCP_BRIDGE_TOKEN: ci-token-long-enough-to-be-considered-valid-0123456789
pytest (ubuntu-latest, 3.11)	Run actions/checkout@v4	2026-10-03T14:59:25.6892072Z ##[endgroup]
pytest (ubuntu-latest, 3.11)	Run actions/checkout@v4	2026-10-03T14:59:25.7777993Z Syncing repository: andres18113/cisco-muejeje
pytest (ubuntu-latest, 3.11)	Run actions/checkout@v4	2026-10-03T14:59:25.7780419Z ##[group]Getting Git version info
pytest (ubuntu-latest, 3.11)	Run actions/checkout@v4	2026-10-03T14:59:25.7781165Z Working directory is '/home/runner/work/cisco-muejeje/cisco-muejeje'
pytest (ubuntu-latest, 3.11)	Run actions/checkout@v4	2026-10-03T14:59:25.7782147Z [command]/usr/bin/git version
pytest (ubuntu-latest, 3.11)	Run actions/checkout@v4	2026-10-03T14:59:25.7892458Z git version 2.55.0
pytest (ubuntu-latest, 3.11)	Run actions/checkout@v4	2026-10-03T14:59:25.7913772Z ##[endgroup]
pytest (ubuntu-latest, 3.11)	Run actions/checkout@v4	2026-10-03T14:59:25.7921516Z Temporarily overriding HOME='/home/runner/work/_temp/845b2f93-9302-4587-be68-27e45a4b4fc2' before making global git config changes
pytest (ubuntu-latest, 3.11)	Run actions/checkout@v4	2026-10-03T14:59:25.7923037Z Adding repository directory to the temporary git global config as a safe directory
pytest (ubuntu-latest, 3.11)	Run actions/checkout@v4	2026-10-03T14:59:25.7928055Z [command]/usr/bin/git config --global --add safe.directory /home/runner/work/cisco-muejeje/cisco-muejeje
pytest (ubuntu-latest, 3.11)	Run actions/checkout@v4	2026-10-03T14:59:25.8533055Z Deleting the contents of '/home/runner/work/cisco-muejeje/cisco-muejeje'
pytest (ubuntu-latest, 3.11)	Run actions/checkout@v4	2026-10-03T14:59:25.8538491Z ##[group]Initializing the repository
pytest (ubuntu-latest, 3.11)	Run actions/checkout@v4	2026-10-03T14:59:25.8542949Z [command]/usr/bin/git init /home/runner/work/cisco-muejeje/cisco-muejeje
pytest (ubuntu-latest, 3.11)	Run actions/checkout@v4	2026-10-03T14:59:25.9940646Z hint: Using 'master' as the name for the initial branch. This default branch name
pytest (ubuntu-latest, 3.11)	Run actions/checkout@v4	2026-10-03T14:59:25.9941936Z hint: will change to "main" in Git 3.0. To configure the initial branch name
pytest (ubuntu-latest, 3.11)	Run actions/checkout@v4	2026-10-03T14:59:25.9942728Z hint: to use in all of your new repositories, which will suppress this warning,
pytest (ubuntu-latest, 3.11)	Run actions/checkout@v4	2026-10-03T14:59:25.9943546Z hint: call:
pytest (ubuntu-latest, 3.11)	Run actions/checkout@v4	2026-10-03T14:59:25.9943981Z hint:
pytest (ubuntu-latest, 3.11)	Run actions/checkout@v4	2026-10-03T14:59:25.9944537Z hint: 	git config --global init.defaultBranch <name>
pytest (ubuntu-latest, 3.11)	Run actions/checkout@v4	2026-10-03T14:59:25.9945193Z hint:
pytest (ubuntu-latest, 3.11)	Run actions/checkout@v4	2026-10-03T14:59:25.9945701Z hint: Names commonly chosen instead of 'master' are 'main', 'trunk' and
pytest (ubuntu-latest, 3.11)	Run actions/checkout@v4	2026-10-03T14:59:25.9946492Z hint: 'development'. The just-created branch can be renamed via this command:
pytest (ubuntu-latest, 3.11)	Run actions/checkout@v4	2026-10-03T14:59:25.9947120Z hint:
pytest (ubuntu-latest, 3.11)	Run actions/checkout@v4	2026-10-03T14:59:25.9947509Z hint: 	git branch -m <name>
pytest (ubuntu-latest, 3.11)	Run actions/checkout@v4	2026-10-03T14:59:25.9947961Z hint:
pytest (ubuntu-latest, 3.11)	Run actions/checkout@v4	2026-10-03T14:59:25.9948505Z hint: Disable this message with "git config set advice.defaultBranchName false"
pytest (ubuntu-latest, 3.11)	Run actions/checkout@v4	2026-10-03T14:59:25.9949986Z Initialized empty Git repository in /home/runner/work/cisco-muejeje/cisco-muejeje/.git/
pytest (ubuntu-latest, 3.11)	Run actions/checkout@v4	2026-10-03T14:59:25.9957837Z [command]/usr/bin/git remote add origin https://github.com/andres18113/cisco-muejeje
pytest (ubuntu-latest, 3.11)	Run actions/checkout@v4	2026-10-03T14:59:26.0241186Z ##[endgroup]
pytest (ubuntu-latest, 3.11)	Run actions/checkout@v4	2026-10-03T14:59:26.0242616Z ##[group]Disabling automatic garbage collection
pytest (ubuntu-latest, 3.11)	Run actions/checkout@v4	2026-10-03T14:59:26.0243641Z [command]/usr/bin/git config --local gc.auto 0
pytest (ubuntu-latest, 3.11)	Run actions/checkout@v4	2026-10-03T14:59:26.0324320Z ##[endgroup]
pytest (ubuntu-latest, 3.11)	Run actions/checkout@v4	2026-10-03T14:59:26.0325893Z ##[group]Setting up auth
pytest (ubuntu-latest, 3.11)	Run actions/checkout@v4	2026-10-03T14:59:26.0331290Z [command]/usr/bin/git config --local --name-only --get-regexp core\.sshCommand
pytest (ubuntu-latest, 3.11)	Run actions/checkout@v4	2026-10-03T14:59:26.0359391Z [command]/usr/bin/git submodule foreach --recursive sh -c "git config --local --name-only --get-regexp 'core\.sshCommand' && git config --local --unset-all 'core.sshCommand' || :"
pytest (ubuntu-latest, 3.11)	Run actions/checkout@v4	2026-10-03T14:59:26.0648814Z [command]/usr/bin/git config --local --name-only --get-regexp http\.https\:\/\/github\.com\/\.extraheader
pytest (ubuntu-latest, 3.11)	Run actions/checkout@v4	2026-10-03T14:59:26.0676369Z [command]/usr/bin/git submodule foreach --recursive sh -c "git config --local --name-only --get-regexp 'http\.https\:\/\/github\.com\/\.extraheader' && git config --local --unset-all 'http.https://github.com/.extraheader' || :"
pytest (ubuntu-latest, 3.11)	Run actions/checkout@v4	2026-10-03T14:59:26.0844804Z [command]/usr/bin/git config --local --name-only --get-regexp ^includeIf\.gitdir:
pytest (ubuntu-latest, 3.11)	Run actions/checkout@v4	2026-10-03T14:59:26.0871990Z [command]/usr/bin/git submodule foreach --recursive git config --local --show-origin --name-only --get-regexp remote.origin.url
pytest (ubuntu-latest, 3.11)	Run actions/checkout@v4	2026-10-03T14:59:26.1037138Z [command]/usr/bin/git config --local http.https://github.com/.extraheader AUTHORIZATION: basic ***
pytest (ubuntu-latest, 3.11)	Run actions/checkout@v4	2026-10-03T14:59:26.1819226Z ##[endgroup]
pytest (ubuntu-latest, 3.11)	Run actions/checkout@v4	2026-10-03T14:59:26.1820922Z ##[group]Fetching the repository
pytest (ubuntu-latest, 3.11)	Run actions/checkout@v4	2026-10-03T14:59:26.1832435Z [command]/usr/bin/git -c protocol.version=2 fetch --prune --no-recurse-submodules origin +refs/heads/*:refs/remotes/origin/* +refs/tags/*:refs/tags/*
pytest (ubuntu-latest, 3.11)	Run actions/checkout@v4	2026-10-03T14:59:29.9189407Z From https://github.com/andres18113/cisco-muejeje
pytest (ubuntu-latest, 3.11)	Run actions/checkout@v4	2026-10-03T14:59:29.9190545Z  * [new branch]      feature/iot-connectivity -> origin/feature/iot-connectivity
pytest (ubuntu-latest, 3.11)	Run actions/checkout@v4	2026-10-03T14:59:29.9191500Z  * [new branch]      feature/server-pt-goal-foundations -> origin/feature/server-pt-goal-foundations
pytest (ubuntu-latest, 3.11)	Run actions/checkout@v4	2026-10-03T14:59:29.9192369Z  * [new branch]      feature/server-pt-s0-observation-integrity -> origin/feature/server-pt-s0-observation-integrity
pytest (ubuntu-latest, 3.11)	Run actions/checkout@v4	2026-10-03T14:59:29.9193032Z  * [new branch]      feature/server-pt-s1-product-entry -> origin/feature/server-pt-s1-product-entry
pytest (ubuntu-latest, 3.11)	Run actions/checkout@v4	2026-10-03T14:59:29.9193630Z  * [new branch]      feature/server-pt-s2-mail -> origin/feature/server-pt-s2-mail
pytest (ubuntu-latest, 3.11)	Run actions/checkout@v4	2026-10-03T14:59:29.9194243Z  * [new branch]      feature/server-pt-s3-dhcp -> origin/feature/server-pt-s3-dhcp
pytest (ubuntu-latest, 3.11)	Run actions/checkout@v4	2026-10-03T14:59:29.9194904Z  * [new branch]      feature/server-pt-s4a-qualification-runner -> origin/feature/server-pt-s4a-qualification-runner
pytest (ubuntu-latest, 3.11)	Run actions/checkout@v4	2026-10-03T14:59:29.9195535Z  * [new branch]      main       -> origin/main
pytest (ubuntu-latest, 3.11)	Run actions/checkout@v4	2026-10-03T14:59:29.9200270Z [command]/usr/bin/git branch --list --remote origin/feature/server-pt-goal-foundations
pytest (ubuntu-latest, 3.11)	Run actions/checkout@v4	2026-10-03T14:59:29.9224902Z   origin/feature/server-pt-goal-foundations
pytest (ubuntu-latest, 3.11)	Run actions/checkout@v4	2026-10-03T14:59:29.9232738Z [command]/usr/bin/git rev-parse refs/remotes/origin/feature/server-pt-goal-foundations
pytest (ubuntu-latest, 3.11)	Run actions/checkout@v4	2026-10-03T14:59:29.9253147Z ec3b01f84896c9a392f7cc142443460c9d76b8eb
pytest (ubuntu-latest, 3.11)	Run actions/checkout@v4	2026-10-03T14:59:29.9255853Z ##[endgroup]
pytest (ubuntu-latest, 3.11)	Run actions/checkout@v4	2026-10-03T14:59:29.9256701Z ##[group]Determining the checkout info
pytest (ubuntu-latest, 3.11)	Run actions/checkout@v4	2026-10-03T14:59:29.9257526Z ##[endgroup]
pytest (ubuntu-latest, 3.11)	Run actions/checkout@v4	2026-10-03T14:59:29.9269896Z [command]/usr/bin/git sparse-checkout disable
pytest (ubuntu-latest, 3.11)	Run actions/checkout@v4	2026-10-03T14:59:29.9323308Z [command]/usr/bin/git config --local --unset-all extensions.worktreeConfig
pytest (ubuntu-latest, 3.11)	Run actions/checkout@v4	2026-10-03T14:59:29.9350484Z ##[group]Checking out the ref
pytest (ubuntu-latest, 3.11)	Run actions/checkout@v4	2026-10-03T14:59:29.9354412Z [command]/usr/bin/git checkout --progress --force -B feature/server-pt-goal-foundations refs/remotes/origin/feature/server-pt-goal-foundations
pytest (ubuntu-latest, 3.11)	Run actions/checkout@v4	2026-10-03T14:59:30.9532439Z Switched to a new branch 'feature/server-pt-goal-foundations'
pytest (ubuntu-latest, 3.11)	Run actions/checkout@v4	2026-10-03T14:59:30.9533530Z branch 'feature/server-pt-goal-foundations' set up to track 'origin/feature/server-pt-goal-foundations'.
pytest (ubuntu-latest, 3.11)	Run actions/checkout@v4	2026-10-03T14:59:30.9549795Z ##[endgroup]
pytest (ubuntu-latest, 3.11)	Run actions/checkout@v4	2026-10-03T14:59:30.9588591Z [command]/usr/bin/git log -1 --format=%H
pytest (ubuntu-latest, 3.11)	Run actions/checkout@v4	2026-10-03T14:59:30.9609435Z ec3b01f84896c9a392f7cc142443460c9d76b8eb
pytest (ubuntu-latest, 3.11)	Run actions/checkout@v4	2026-10-03T14:59:30.9616191Z ##[group]Removing auth
pytest (ubuntu-latest, 3.11)	Run actions/checkout@v4	2026-10-03T14:59:30.9619651Z [command]/usr/bin/git config --local --name-only --get-regexp core\.sshCommand
pytest (ubuntu-latest, 3.11)	Run actions/checkout@v4	2026-10-03T14:59:30.9660278Z [command]/usr/bin/git submodule foreach --recursive sh -c "git config --local --name-only --get-regexp 'core\.sshCommand' && git config --local --unset-all 'core.sshCommand' || :"
pytest (ubuntu-latest, 3.11)	Run actions/checkout@v4	2026-10-03T14:59:30.9801432Z [command]/usr/bin/git config --local --name-only --get-regexp http\.https\:\/\/github\.com\/\.extraheader
pytest (ubuntu-latest, 3.11)	Run actions/checkout@v4	2026-10-03T14:59:30.9821783Z http.https://github.com/.extraheader
pytest (ubuntu-latest, 3.11)	Run actions/checkout@v4	2026-10-03T14:59:30.9829298Z [command]/usr/bin/git config --local --unset-all http.https://github.com/.extraheader
pytest (ubuntu-latest, 3.11)	Run actions/checkout@v4	2026-10-03T14:59:31.0132846Z [command]/usr/bin/git submodule foreach --recursive sh -c "git config --local --name-only --get-regexp 'http\.https\:\/\/github\.com\/\.extraheader' && git config --local --unset-all 'http.https://github.com/.extraheader' || :"
pytest (ubuntu-latest, 3.11)	Run actions/checkout@v4	2026-10-03T14:59:31.0304817Z [command]/usr/bin/git config --local --name-only --get-regexp ^includeIf\.gitdir:
pytest (ubuntu-latest, 3.11)	Run actions/checkout@v4	2026-10-03T14:59:31.0329158Z [command]/usr/bin/git submodule foreach --recursive git config --local --show-origin --name-only --get-regexp remote.origin.url
pytest (ubuntu-latest, 3.11)	Run actions/checkout@v4	2026-10-03T14:59:31.0479179Z ##[endgroup]
pytest (ubuntu-latest, 3.11)	Run actions/setup-python@v5	﻿2026-10-03T14:59:31.0680574Z ##[group]Run actions/setup-python@v5
pytest (ubuntu-latest, 3.11)	Run actions/setup-python@v5	2026-10-03T14:59:31.0680861Z with:
pytest (ubuntu-latest, 3.11)	Run actions/setup-python@v5	2026-10-03T14:59:31.0681097Z   python-version: 3.11
pytest (ubuntu-latest, 3.11)	Run actions/setup-python@v5	2026-10-03T14:59:31.0681344Z   check-latest: false
pytest (ubuntu-latest, 3.11)	Run actions/setup-python@v5	2026-10-03T14:59:31.0683254Z   token: ***
pytest (ubuntu-latest, 3.11)	Run actions/setup-python@v5	2026-10-03T14:59:31.0683466Z   update-environment: true
pytest (ubuntu-latest, 3.11)	Run actions/setup-python@v5	2026-10-03T14:59:31.0683722Z   allow-prereleases: false
pytest (ubuntu-latest, 3.11)	Run actions/setup-python@v5	2026-10-03T14:59:31.0683968Z   freethreaded: false
pytest (ubuntu-latest, 3.11)	Run actions/setup-python@v5	2026-10-03T14:59:31.0684187Z env:
pytest (ubuntu-latest, 3.11)	Run actions/setup-python@v5	2026-10-03T14:59:31.0684481Z   PT_MCP_BRIDGE_TOKEN: ci-token-long-enough-to-be-considered-valid-0123456789
pytest (ubuntu-latest, 3.11)	Run actions/setup-python@v5	2026-10-03T14:59:31.0684803Z ##[endgroup]
pytest (ubuntu-latest, 3.11)	Run actions/setup-python@v5	2026-10-03T14:59:31.1660825Z ##[group]Installed versions
pytest (ubuntu-latest, 3.11)	Run actions/setup-python@v5	2026-10-03T14:59:31.1735396Z (node:2156) [DEP0040] DeprecationWarning: The `punycode` module is deprecated. Please use a userland alternative instead.
pytest (ubuntu-latest, 3.11)	Run actions/setup-python@v5	2026-10-03T14:59:31.1736214Z (Use `node --trace-deprecation ...` to show where the warning was created)
pytest (ubuntu-latest, 3.11)	Run actions/setup-python@v5	2026-10-03T14:59:31.1736772Z Successfully set up CPython (3.11.16)
pytest (ubuntu-latest, 3.11)	Run actions/setup-python@v5	2026-10-03T14:59:31.1737428Z ##[endgroup]
pytest (ubuntu-latest, 3.11)	Create checkout-local environment	﻿2026-10-03T14:59:31.1844864Z ##[group]Run python -m venv .venv
pytest (ubuntu-latest, 3.11)	Create checkout-local environment	2026-10-03T14:59:31.1845458Z ^[[36;1mpython -m venv .venv^[[0m
pytest (ubuntu-latest, 3.11)	Create checkout-local environment	2026-10-03T14:59:31.2217603Z shell: /usr/bin/bash -e {0}
pytest (ubuntu-latest, 3.11)	Create checkout-local environment	2026-10-03T14:59:31.2217966Z env:
pytest (ubuntu-latest, 3.11)	Create checkout-local environment	2026-10-03T14:59:31.2218324Z   PT_MCP_BRIDGE_TOKEN: ci-token-long-enough-to-be-considered-valid-0123456789
pytest (ubuntu-latest, 3.11)	Create checkout-local environment	2026-10-03T14:59:31.2218751Z   pythonLocation: /opt/hostedtoolcache/Python/3.11.16/x64
pytest (ubuntu-latest, 3.11)	Create checkout-local environment	2026-10-03T14:59:31.2219406Z   PKG_CONFIG_PATH: /opt/hostedtoolcache/Python/3.11.16/x64/lib/pkgconfig
pytest (ubuntu-latest, 3.11)	Create checkout-local environment	2026-10-03T14:59:31.2219758Z   Python_ROOT_DIR: /opt/hostedtoolcache/Python/3.11.16/x64
pytest (ubuntu-latest, 3.11)	Create checkout-local environment	2026-10-03T14:59:31.2220164Z   Python2_ROOT_DIR: /opt/hostedtoolcache/Python/3.11.16/x64
pytest (ubuntu-latest, 3.11)	Create checkout-local environment	2026-10-03T14:59:31.2220496Z   Python3_ROOT_DIR: /opt/hostedtoolcache/Python/3.11.16/x64
pytest (ubuntu-latest, 3.11)	Create checkout-local environment	2026-10-03T14:59:31.2221047Z   LD_LIBRARY_PATH: /opt/hostedtoolcache/Python/3.11.16/x64/lib
pytest (ubuntu-latest, 3.11)	Create checkout-local environment	2026-10-03T14:59:31.2221332Z ##[endgroup]
pytest (ubuntu-latest, 3.11)	Install (Ubuntu)	﻿2026-10-03T14:59:35.7928395Z ##[group]Run .venv/bin/python -m pip install --upgrade pip
pytest (ubuntu-latest, 3.11)	Install (Ubuntu)	2026-10-03T14:59:35.7928866Z ^[[36;1m.venv/bin/python -m pip install --upgrade pip^[[0m
pytest (ubuntu-latest, 3.11)	Install (Ubuntu)	2026-10-03T14:59:35.7929408Z ^[[36;1m.venv/bin/python -m pip install -e ".[test,quality]"^[[0m
pytest (ubuntu-latest, 3.11)	Install (Ubuntu)	2026-10-03T14:59:35.7962961Z shell: /usr/bin/bash -e {0}
pytest (ubuntu-latest, 3.11)	Install (Ubuntu)	2026-10-03T14:59:35.7963260Z env:
pytest (ubuntu-latest, 3.11)	Install (Ubuntu)	2026-10-03T14:59:35.7963578Z   PT_MCP_BRIDGE_TOKEN: ci-token-long-enough-to-be-considered-valid-0123456789
pytest (ubuntu-latest, 3.11)	Install (Ubuntu)	2026-10-03T14:59:35.7964010Z   pythonLocation: /opt/hostedtoolcache/Python/3.11.16/x64
pytest (ubuntu-latest, 3.11)	Install (Ubuntu)	2026-10-03T14:59:35.7964360Z   PKG_CONFIG_PATH: /opt/hostedtoolcache/Python/3.11.16/x64/lib/pkgconfig
pytest (ubuntu-latest, 3.11)	Install (Ubuntu)	2026-10-03T14:59:35.7964701Z   Python_ROOT_DIR: /opt/hostedtoolcache/Python/3.11.16/x64
pytest (ubuntu-latest, 3.11)	Install (Ubuntu)	2026-10-03T14:59:35.7965049Z   Python2_ROOT_DIR: /opt/hostedtoolcache/Python/3.11.16/x64
pytest (ubuntu-latest, 3.11)	Install (Ubuntu)	2026-10-03T14:59:35.7965416Z   Python3_ROOT_DIR: /opt/hostedtoolcache/Python/3.11.16/x64
pytest (ubuntu-latest, 3.11)	Install (Ubuntu)	2026-10-03T14:59:35.7965764Z   LD_LIBRARY_PATH: /opt/hostedtoolcache/Python/3.11.16/x64/lib
pytest (ubuntu-latest, 3.11)	Install (Ubuntu)	2026-10-03T14:59:35.7966043Z ##[endgroup]
pytest (ubuntu-latest, 3.11)	Install (Ubuntu)	2026-10-03T14:59:36.0154942Z Requirement already satisfied: pip in ./.venv/lib/python3.11/site-packages (24.0)
pytest (ubuntu-latest, 3.11)	Install (Ubuntu)	2026-10-03T14:59:36.1108194Z Collecting pip
pytest (ubuntu-latest, 3.11)	Install (Ubuntu)	2026-10-03T14:59:36.1904342Z   Downloading pip-26.2.1-py3-none-any.whl.metadata (4.6 kB)
pytest (ubuntu-latest, 3.11)	Install (Ubuntu)	2026-10-03T14:59:36.2041902Z Downloading pip-26.2.1-py3-none-any.whl (1.8 MB)
pytest (ubuntu-latest, 3.11)	Install (Ubuntu)	2026-10-03T14:59:36.2861283Z    ━━━━━━━━━━━━━━━━━━━━━━━━━━━━━━━━━━━━━━━━ 1.8/1.8 MB 23.0 MB/s eta 0:00:00
pytest (ubuntu-latest, 3.11)	Install (Ubuntu)	2026-10-03T14:59:36.3157855Z Installing collected packages: pip
pytest (ubuntu-latest, 3.11)	Install (Ubuntu)	2026-10-03T14:59:36.3158526Z   Attempting uninstall: pip
pytest (ubuntu-latest, 3.11)	Install (Ubuntu)	2026-10-03T14:59:36.3170595Z     Found existing installation: pip 24.0
pytest (ubuntu-latest, 3.11)	Install (Ubuntu)	2026-10-03T14:59:36.3355684Z     Uninstalling pip-24.0:
pytest (ubuntu-latest, 3.11)	Install (Ubuntu)	2026-10-03T14:59:36.3392627Z       Successfully uninstalled pip-24.0
pytest (ubuntu-latest, 3.11)	Install (Ubuntu)	2026-10-03T14:59:36.8066564Z Successfully installed pip-26.2.1
pytest (ubuntu-latest, 3.11)	Install (Ubuntu)	2026-10-03T14:59:37.3612596Z Obtaining file:///home/runner/work/cisco-muejeje/cisco-muejeje
pytest (ubuntu-latest, 3.11)	Install (Ubuntu)	2026-10-03T14:59:37.3627499Z   Installing build dependencies: started
pytest (ubuntu-latest, 3.11)	Install (Ubuntu)	2026-10-03T14:59:42.4472313Z   Installing build dependencies: finished with status 'done'
pytest (ubuntu-latest, 3.11)	Install (Ubuntu)	2026-10-03T14:59:42.4477148Z   Checking if build backend supports build_editable: started
pytest (ubuntu-latest, 3.11)	Install (Ubuntu)	2026-10-03T14:59:42.4727206Z   Checking if build backend supports build_editable: finished with status 'done'
pytest (ubuntu-latest, 3.11)	Install (Ubuntu)	2026-10-03T14:59:42.4732313Z   Getting requirements to build editable: started
pytest (ubuntu-latest, 3.11)	Install (Ubuntu)	2026-10-03T14:59:42.5638333Z   Getting requirements to build editable: finished with status 'done'
pytest (ubuntu-latest, 3.11)	Install (Ubuntu)	2026-10-03T14:59:42.5647608Z   Installing backend dependencies: started
pytest (ubuntu-latest, 3.11)	Install (Ubuntu)	2026-10-03T14:59:42.9696421Z   Installing backend dependencies: finished with status 'done'
pytest (ubuntu-latest, 3.11)	Install (Ubuntu)	2026-10-03T14:59:42.9702341Z   Preparing editable metadata (pyproject.toml): started
pytest (ubuntu-latest, 3.11)	Install (Ubuntu)	2026-10-03T14:59:43.1161482Z   Preparing editable metadata (pyproject.toml): finished with status 'done'
pytest (ubuntu-latest, 3.11)	Install (Ubuntu)	2026-10-03T14:59:43.2046687Z Collecting mcp<2,>=1.13 (from mcp[cli]<2,>=1.13->packet-tracer-mcp==0.8.0)
pytest (ubuntu-latest, 3.11)	Install (Ubuntu)	2026-10-03T14:59:43.2686568Z   Downloading mcp-1.30.0-py3-none-any.whl.metadata (9.3 kB)
pytest (ubuntu-latest, 3.11)	Install (Ubuntu)	2026-10-03T14:59:43.3938466Z Collecting pydantic<3,>=2.11 (from packet-tracer-mcp==0.8.0)
pytest (ubuntu-latest, 3.11)	Install (Ubuntu)	2026-10-03T14:59:43.4070004Z   Downloading pydantic-2.13.5-py3-none-any.whl.metadata (110 kB)
pytest (ubuntu-latest, 3.11)	Install (Ubuntu)	2026-10-03T14:59:43.6646603Z Collecting ruff==0.16.7 (from packet-tracer-mcp==0.8.0)
pytest (ubuntu-latest, 3.11)	Install (Ubuntu)	2026-10-03T14:59:43.6781625Z   Downloading ruff-0.16.7-py3-none-manylinux_2_17_x86_64.manylinux2014_x86_64.whl.metadata (20 kB)
pytest (ubuntu-latest, 3.11)	Install (Ubuntu)	2026-10-03T14:59:43.7112419Z Collecting pytest>=8 (from packet-tracer-mcp==0.8.0)
pytest (ubuntu-latest, 3.11)	Install (Ubuntu)	2026-10-03T14:59:43.7244410Z   Downloading pytest-9.1.1-py3-none-any.whl.metadata (7.6 kB)
pytest (ubuntu-latest, 3.11)	Install (Ubuntu)	2026-10-03T14:59:43.7510373Z Collecting anyio>=4.5 (from mcp<2,>=1.13->mcp[cli]<2,>=1.13->packet-tracer-mcp==0.8.0)
pytest (ubuntu-latest, 3.11)	Install (Ubuntu)	2026-10-03T14:59:43.7646899Z   Downloading anyio-4.15.1-py3-none-any.whl.metadata (4.7 kB)
pytest (ubuntu-latest, 3.11)	Install (Ubuntu)	2026-10-03T14:59:43.7914849Z Collecting httpx-sse>=0.4 (from mcp<2,>=1.13->mcp[cli]<2,>=1.13->packet-tracer-mcp==0.8.0)
pytest (ubuntu-latest, 3.11)	Install (Ubuntu)	2026-10-03T14:59:43.8041314Z   Downloading httpx_sse-0.4.3-py3-none-any.whl.metadata (9.7 kB)
pytest (ubuntu-latest, 3.11)	Install (Ubuntu)	2026-10-03T14:59:43.8441208Z Collecting httpx<1.0.0,>=0.27.1 (from mcp<2,>=1.13->mcp[cli]<2,>=1.13->packet-tracer-mcp==0.8.0)
pytest (ubuntu-latest, 3.11)	Install (Ubuntu)	2026-10-03T14:59:43.8570698Z   Downloading httpx-0.28.1-py3-none-any.whl.metadata (7.1 kB)
pytest (ubuntu-latest, 3.11)	Install (Ubuntu)	2026-10-03T14:59:43.8836083Z Collecting jsonschema>=4.20.0 (from mcp<2,>=1.13->mcp[cli]<2,>=1.13->packet-tracer-mcp==0.8.0)
pytest (ubuntu-latest, 3.11)	Install (Ubuntu)	2026-10-03T14:59:43.8963631Z   Downloading jsonschema-4.26.0-py3-none-any.whl.metadata (7.6 kB)
pytest (ubuntu-latest, 3.11)	Install (Ubuntu)	2026-10-03T14:59:43.9288726Z Collecting pydantic-settings>=2.5.2 (from mcp<2,>=1.13->mcp[cli]<2,>=1.13->packet-tracer-mcp==0.8.0)
pytest (ubuntu-latest, 3.11)	Install (Ubuntu)	2026-10-03T14:59:43.9415347Z   Downloading pydantic_settings-2.15.0-py3-none-any.whl.metadata (3.9 kB)
pytest (ubuntu-latest, 3.11)	Install (Ubuntu)	2026-10-03T14:59:43.9639725Z Collecting pyjwt>=2.10.1 (from pyjwt[crypto]>=2.10.1->mcp<2,>=1.13->mcp[cli]<2,>=1.13->packet-tracer-mcp==0.8.0)
pytest (ubuntu-latest, 3.11)	Install (Ubuntu)	2026-10-03T14:59:43.9765804Z   Downloading pyjwt-2.15.1-py3-none-any.whl.metadata (3.5 kB)
pytest (ubuntu-latest, 3.11)	Install (Ubuntu)	2026-10-03T14:59:43.9977937Z Collecting python-multipart>=0.0.9 (from mcp<2,>=1.13->mcp[cli]<2,>=1.13->packet-tracer-mcp==0.8.0)
pytest (ubuntu-latest, 3.11)	Install (Ubuntu)	2026-10-03T14:59:44.0105820Z   Downloading python_multipart-0.0.32-py3-none-any.whl.metadata (2.1 kB)
pytest (ubuntu-latest, 3.11)	Install (Ubuntu)	2026-10-03T14:59:44.0358396Z Collecting sse-starlette>=1.6.1 (from mcp<2,>=1.13->mcp[cli]<2,>=1.13->packet-tracer-mcp==0.8.0)
pytest (ubuntu-latest, 3.11)	Install (Ubuntu)	2026-10-03T14:59:44.0488025Z   Downloading sse_starlette-3.5.0-py3-none-any.whl.metadata (15 kB)
pytest (ubuntu-latest, 3.11)	Install (Ubuntu)	2026-10-03T14:59:44.0773498Z Collecting starlette>=0.27 (from mcp<2,>=1.13->mcp[cli]<2,>=1.13->packet-tracer-mcp==0.8.0)
pytest (ubuntu-latest, 3.11)	Install (Ubuntu)	2026-10-03T14:59:44.0900697Z   Downloading starlette-1.7.0-py3-none-any.whl.metadata (6.6 kB)
pytest (ubuntu-latest, 3.11)	Install (Ubuntu)	2026-10-03T14:59:44.1286482Z Collecting typing-extensions>=4.9.0 (from mcp<2,>=1.13->mcp[cli]<2,>=1.13->packet-tracer-mcp==0.8.0)
pytest (ubuntu-latest, 3.11)	Install (Ubuntu)	2026-10-03T14:59:44.1412753Z   Downloading typing_extensions-4.16.0-py3-none-any.whl.metadata (3.3 kB)
pytest (ubuntu-latest, 3.11)	Install (Ubuntu)	2026-10-03T14:59:44.1598668Z Collecting typing-inspection>=0.4.1 (from mcp<2,>=1.13->mcp[cli]<2,>=1.13->packet-tracer-mcp==0.8.0)
pytest (ubuntu-latest, 3.11)	Install (Ubuntu)	2026-10-03T14:59:44.1726260Z   Downloading typing_inspection-0.4.4-py3-none-any.whl.metadata (2.6 kB)
pytest (ubuntu-latest, 3.11)	Install (Ubuntu)	2026-10-03T14:59:44.2167016Z Collecting uvicorn>=0.31.1 (from mcp<2,>=1.13->mcp[cli]<2,>=1.13->packet-tracer-mcp==0.8.0)
pytest (ubuntu-latest, 3.11)	Install (Ubuntu)	2026-10-03T14:59:44.2297039Z   Downloading uvicorn-0.54.0-py3-none-any.whl.metadata (6.6 kB)
pytest (ubuntu-latest, 3.11)	Install (Ubuntu)	2026-10-03T14:59:44.2537666Z Collecting certifi (from httpx<1.0.0,>=0.27.1->mcp<2,>=1.13->mcp[cli]<2,>=1.13->packet-tracer-mcp==0.8.0)
pytest (ubuntu-latest, 3.11)	Install (Ubuntu)	2026-10-03T14:59:44.2667141Z   Downloading certifi-2026.7.22-py3-none-any.whl.metadata (2.5 kB)
pytest (ubuntu-latest, 3.11)	Install (Ubuntu)	2026-10-03T14:59:44.3057582Z Collecting httpcore==1.* (from httpx<1.0.0,>=0.27.1->mcp<2,>=1.13->mcp[cli]<2,>=1.13->packet-tracer-mcp==0.8.0)
pytest (ubuntu-latest, 3.11)	Install (Ubuntu)	2026-10-03T14:59:44.3184577Z   Downloading httpcore-1.0.9-py3-none-any.whl.metadata (21 kB)
pytest (ubuntu-latest, 3.11)	Install (Ubuntu)	2026-10-03T14:59:44.3422914Z Collecting idna (from httpx<1.0.0,>=0.27.1->mcp<2,>=1.13->mcp[cli]<2,>=1.13->packet-tracer-mcp==0.8.0)
pytest (ubuntu-latest, 3.11)	Install (Ubuntu)	2026-10-03T14:59:44.3551753Z   Downloading idna-3.20-py3-none-any.whl.metadata (7.2 kB)
pytest (ubuntu-latest, 3.11)	Install (Ubuntu)	2026-10-03T14:59:44.3927028Z Collecting h11>=0.16 (from httpcore==1.*->httpx<1.0.0,>=0.27.1->mcp<2,>=1.13->mcp[cli]<2,>=1.13->packet-tracer-mcp==0.8.0)
pytest (ubuntu-latest, 3.11)	Install (Ubuntu)	2026-10-03T14:59:44.4056882Z   Downloading h11-0.16.0-py3-none-any.whl.metadata (8.3 kB)
pytest (ubuntu-latest, 3.11)	Install (Ubuntu)	2026-10-03T14:59:44.4289630Z Collecting python-dotenv>=1.0.0 (from mcp[cli]<2,>=1.13->packet-tracer-mcp==0.8.0)
pytest (ubuntu-latest, 3.11)	Install (Ubuntu)	2026-10-03T14:59:44.4416225Z   Downloading python_dotenv-1.2.4-py3-none-any.whl.metadata (29 kB)
pytest (ubuntu-latest, 3.11)	Install (Ubuntu)	2026-10-03T14:59:44.4856204Z Collecting typer>=0.16.0 (from mcp[cli]<2,>=1.13->packet-tracer-mcp==0.8.0)
pytest (ubuntu-latest, 3.11)	Install (Ubuntu)	2026-10-03T14:59:44.4983266Z   Downloading typer-0.27.2-py3-none-any.whl.metadata (16 kB)
pytest (ubuntu-latest, 3.11)	Install (Ubuntu)	2026-10-03T14:59:44.5191512Z Collecting annotated-types>=0.6.0 (from pydantic<3,>=2.11->packet-tracer-mcp==0.8.0)
pytest (ubuntu-latest, 3.11)	Install (Ubuntu)	2026-10-03T14:59:44.5319979Z   Downloading annotated_types-0.8.0-py3-none-any.whl.metadata (15 kB)
pytest (ubuntu-latest, 3.11)	Install (Ubuntu)	2026-10-03T14:59:44.9332513Z Collecting pydantic-core==2.46.5 (from pydantic<3,>=2.11->packet-tracer-mcp==0.8.0)
pytest (ubuntu-latest, 3.11)	Install (Ubuntu)	2026-10-03T14:59:44.9464357Z   Downloading pydantic_core-2.46.5-cp311-cp311-manylinux_2_17_x86_64.manylinux2014_x86_64.whl.metadata (6.6 kB)
pytest (ubuntu-latest, 3.11)	Install (Ubuntu)	2026-10-03T14:59:44.9854254Z Collecting attrs>=22.2.0 (from jsonschema>=4.20.0->mcp<2,>=1.13->mcp[cli]<2,>=1.13->packet-tracer-mcp==0.8.0)
pytest (ubuntu-latest, 3.11)	Install (Ubuntu)	2026-10-03T14:59:44.9982925Z   Downloading attrs-26.1.0-py3-none-any.whl.metadata (8.8 kB)
pytest (ubuntu-latest, 3.11)	Install (Ubuntu)	2026-10-03T14:59:45.0178908Z Collecting jsonschema-specifications>=2023.03.6 (from jsonschema>=4.20.0->mcp<2,>=1.13->mcp[cli]<2,>=1.13->packet-tracer-mcp==0.8.0)
pytest (ubuntu-latest, 3.11)	Install (Ubuntu)	2026-10-03T14:59:45.0304987Z   Downloading jsonschema_specifications-2025.9.1-py3-none-any.whl.metadata (2.9 kB)
pytest (ubuntu-latest, 3.11)	Install (Ubuntu)	2026-10-03T14:59:45.0541776Z Collecting referencing>=0.28.4 (from jsonschema>=4.20.0->mcp<2,>=1.13->mcp[cli]<2,>=1.13->packet-tracer-mcp==0.8.0)
pytest (ubuntu-latest, 3.11)	Install (Ubuntu)	2026-10-03T14:59:45.0669176Z   Downloading referencing-0.37.0-py3-none-any.whl.metadata (2.8 kB)
pytest (ubuntu-latest, 3.11)	Install (Ubuntu)	2026-10-03T14:59:45.2438383Z Collecting rpds-py>=0.25.0 (from jsonschema>=4.20.0->mcp<2,>=1.13->mcp[cli]<2,>=1.13->packet-tracer-mcp==0.8.0)
pytest (ubuntu-latest, 3.11)	Install (Ubuntu)	2026-10-03T14:59:45.2569801Z   Downloading rpds_py-2026.6.3-cp311-cp311-manylinux_2_17_x86_64.manylinux2014_x86_64.whl.metadata (4.1 kB)
pytest (ubuntu-latest, 3.11)	Install (Ubuntu)	2026-10-03T14:59:45.3758044Z Collecting cryptography>=3.4.0 (from pyjwt[crypto]>=2.10.1->mcp<2,>=1.13->mcp[cli]<2,>=1.13->packet-tracer-mcp==0.8.0)
pytest (ubuntu-latest, 3.11)	Install (Ubuntu)	2026-10-03T14:59:45.3889167Z   Downloading cryptography-50.0.2-cp311-abi3-manylinux_2_34_x86_64.whl.metadata (4.4 kB)
pytest (ubuntu-latest, 3.11)	Install (Ubuntu)	2026-10-03T14:59:45.5021954Z Collecting cffi>=2.0.0 (from cryptography>=3.4.0->pyjwt[crypto]>=2.10.1->mcp<2,>=1.13->mcp[cli]<2,>=1.13->packet-tracer-mcp==0.8.0)
pytest (ubuntu-latest, 3.11)	Install (Ubuntu)	2026-10-03T14:59:45.5154232Z   Downloading cffi-2.1.1-cp311-cp311-manylinux2014_x86_64.manylinux_2_17_x86_64.whl.metadata (2.5 kB)
pytest (ubuntu-latest, 3.11)	Install (Ubuntu)	2026-10-03T14:59:45.5350154Z Collecting pycparser (from cffi>=2.0.0->cryptography>=3.4.0->pyjwt[crypto]>=2.10.1->mcp<2,>=1.13->mcp[cli]<2,>=1.13->packet-tracer-mcp==0.8.0)
pytest (ubuntu-latest, 3.11)	Install (Ubuntu)	2026-10-03T14:59:45.5477326Z   Downloading pycparser-3.0-py3-none-any.whl.metadata (8.2 kB)
pytest (ubuntu-latest, 3.11)	Install (Ubuntu)	2026-10-03T14:59:45.5669787Z Collecting iniconfig>=1.0.1 (from pytest>=8->packet-tracer-mcp==0.8.0)
pytest (ubuntu-latest, 3.11)	Install (Ubuntu)	2026-10-03T14:59:45.5797423Z   Downloading iniconfig-2.3.0-py3-none-any.whl.metadata (2.5 kB)
pytest (ubuntu-latest, 3.11)	Install (Ubuntu)	2026-10-03T14:59:45.5872096Z Collecting packaging>=22 (from pytest>=8->packet-tracer-mcp==0.8.0)
pytest (ubuntu-latest, 3.11)	Install (Ubuntu)	2026-10-03T14:59:45.5882535Z   Using cached packaging-26.3-py3-none-any.whl.metadata (3.5 kB)
pytest (ubuntu-latest, 3.11)	Install (Ubuntu)	2026-10-03T14:59:45.5918854Z Collecting pluggy<2,>=1.5 (from pytest>=8->packet-tracer-mcp==0.8.0)
pytest (ubuntu-latest, 3.11)	Install (Ubuntu)	2026-10-03T14:59:45.5928457Z   Using cached pluggy-1.6.0-py3-none-any.whl.metadata (4.8 kB)
pytest (ubuntu-latest, 3.11)	Install (Ubuntu)	2026-10-03T14:59:45.6137407Z Collecting pygments>=2.7.2 (from pytest>=8->packet-tracer-mcp==0.8.0)
pytest (ubuntu-latest, 3.11)	Install (Ubuntu)	2026-10-03T14:59:45.6264412Z   Downloading pygments-2.21.0-py3-none-any.whl.metadata (2.5 kB)
pytest (ubuntu-latest, 3.11)	Install (Ubuntu)	2026-10-03T14:59:45.6537055Z Collecting shellingham>=1.3.0 (from typer>=0.16.0->mcp[cli]<2,>=1.13->packet-tracer-mcp==0.8.0)
pytest (ubuntu-latest, 3.11)	Install (Ubuntu)	2026-10-03T14:59:45.6663474Z   Downloading shellingham-1.5.4-py2.py3-none-any.whl.metadata (3.5 kB)
pytest (ubuntu-latest, 3.11)	Install (Ubuntu)	2026-10-03T14:59:45.7054597Z Collecting rich>=13.8.0 (from typer>=0.16.0->mcp[cli]<2,>=1.13->packet-tracer-mcp==0.8.0)
pytest (ubuntu-latest, 3.11)	Install (Ubuntu)	2026-10-03T14:59:45.7185226Z   Downloading rich-15.0.0-py3-none-any.whl.metadata (18 kB)
pytest (ubuntu-latest, 3.11)	Install (Ubuntu)	2026-10-03T14:59:45.7385330Z Collecting annotated-doc>=0.0.2 (from typer>=0.16.0->mcp[cli]<2,>=1.13->packet-tracer-mcp==0.8.0)
pytest (ubuntu-latest, 3.11)	Install (Ubuntu)	2026-10-03T14:59:45.7513888Z   Downloading annotated_doc-0.0.5-py3-none-any.whl.metadata (6.5 kB)
pytest (ubuntu-latest, 3.11)	Install (Ubuntu)	2026-10-03T14:59:45.7741647Z Collecting markdown-it-py>=2.2.0 (from rich>=13.8.0->typer>=0.16.0->mcp[cli]<2,>=1.13->packet-tracer-mcp==0.8.0)
pytest (ubuntu-latest, 3.11)	Install (Ubuntu)	2026-10-03T14:59:45.7870775Z   Downloading markdown_it_py-4.2.0-py3-none-any.whl.metadata (7.4 kB)
pytest (ubuntu-latest, 3.11)	Install (Ubuntu)	2026-10-03T14:59:45.8089245Z Collecting mdurl~=0.1 (from markdown-it-py>=2.2.0->rich>=13.8.0->typer>=0.16.0->mcp[cli]<2,>=1.13->packet-tracer-mcp==0.8.0)
pytest (ubuntu-latest, 3.11)	Install (Ubuntu)	2026-10-03T14:59:45.8215856Z   Downloading mdurl-0.1.2-py3-none-any.whl.metadata (1.6 kB)
pytest (ubuntu-latest, 3.11)	Install (Ubuntu)	2026-10-03T14:59:45.8590995Z Collecting click>=7.0 (from uvicorn>=0.31.1->mcp<2,>=1.13->mcp[cli]<2,>=1.13->packet-tracer-mcp==0.8.0)
pytest (ubuntu-latest, 3.11)	Install (Ubuntu)	2026-10-03T14:59:45.8721326Z   Downloading click-8.5.0-py3-none-any.whl.metadata (2.6 kB)
pytest (ubuntu-latest, 3.11)	Install (Ubuntu)	2026-10-03T14:59:45.8903132Z Downloading ruff-0.16.7-py3-none-manylinux_2_17_x86_64.manylinux2014_x86_64.whl (10.4 MB)
pytest (ubuntu-latest, 3.11)	Install (Ubuntu)	2026-10-03T14:59:46.4177281Z    ━━━━━━━━━━━━━━━━━━━━━━━━━━━━━━━━━━━━━━━━ 10.4/10.4 MB 20.6 MB/s  0:00:00
pytest (ubuntu-latest, 3.11)	Install (Ubuntu)	2026-10-03T14:59:46.4307872Z Downloading mcp-1.30.0-py3-none-any.whl (234 kB)
pytest (ubuntu-latest, 3.11)	Install (Ubuntu)	2026-10-03T14:59:46.4485366Z Downloading httpx-0.28.1-py3-none-any.whl (73 kB)
pytest (ubuntu-latest, 3.11)	Install (Ubuntu)	2026-10-03T14:59:46.4633461Z Downloading httpcore-1.0.9-py3-none-any.whl (78 kB)
pytest (ubuntu-latest, 3.11)	Install (Ubuntu)	2026-10-03T14:59:46.4857214Z Downloading pydantic-2.13.5-py3-none-any.whl (472 kB)
pytest (ubuntu-latest, 3.11)	Install (Ubuntu)	2026-10-03T14:59:46.5117017Z Downloading pydantic_core-2.46.5-cp311-cp311-manylinux_2_17_x86_64.manylinux2014_x86_64.whl (2.1 MB)
pytest (ubuntu-latest, 3.11)	Install (Ubuntu)	2026-10-03T14:59:46.5757002Z    ━━━━━━━━━━━━━━━━━━━━━━━━━━━━━━━━━━━━━━━━ 2.1/2.1 MB 30.4 MB/s  0:00:00
pytest (ubuntu-latest, 3.11)	Install (Ubuntu)	2026-10-03T14:59:46.5889447Z Downloading annotated_types-0.8.0-py3-none-any.whl (13 kB)
pytest (ubuntu-latest, 3.11)	Install (Ubuntu)	2026-10-03T14:59:46.6041116Z Downloading anyio-4.15.1-py3-none-any.whl (132 kB)
pytest (ubuntu-latest, 3.11)	Install (Ubuntu)	2026-10-03T14:59:46.6213355Z Downloading h11-0.16.0-py3-none-any.whl (37 kB)
pytest (ubuntu-latest, 3.11)	Install (Ubuntu)	2026-10-03T14:59:46.6358847Z Downloading httpx_sse-0.4.3-py3-none-any.whl (9.0 kB)
pytest (ubuntu-latest, 3.11)	Install (Ubuntu)	2026-10-03T14:59:46.6578364Z Downloading idna-3.20-py3-none-any.whl (69 kB)
pytest (ubuntu-latest, 3.11)	Install (Ubuntu)	2026-10-03T14:59:46.6774672Z Downloading jsonschema-4.26.0-py3-none-any.whl (90 kB)
pytest (ubuntu-latest, 3.11)	Install (Ubuntu)	2026-10-03T14:59:46.6976440Z Downloading attrs-26.1.0-py3-none-any.whl (67 kB)
pytest (ubuntu-latest, 3.11)	Install (Ubuntu)	2026-10-03T14:59:46.7133463Z Downloading jsonschema_specifications-2025.9.1-py3-none-any.whl (18 kB)
pytest (ubuntu-latest, 3.11)	Install (Ubuntu)	2026-10-03T14:59:46.7276888Z Downloading pydantic_settings-2.15.0-py3-none-any.whl (69 kB)
pytest (ubuntu-latest, 3.11)	Install (Ubuntu)	2026-10-03T14:59:46.7477090Z Downloading pyjwt-2.15.1-py3-none-any.whl (33 kB)
pytest (ubuntu-latest, 3.11)	Install (Ubuntu)	2026-10-03T14:59:46.7632974Z Downloading cryptography-50.0.2-cp311-abi3-manylinux_2_34_x86_64.whl (4.8 MB)
pytest (ubuntu-latest, 3.11)	Install (Ubuntu)	2026-10-03T14:59:46.8535102Z    ━━━━━━━━━━━━━━━━━━━━━━━━━━━━━━━━━━━━━━━━ 4.8/4.8 MB 52.4 MB/s  0:00:00
pytest (ubuntu-latest, 3.11)	Install (Ubuntu)	2026-10-03T14:59:46.8666570Z Downloading cffi-2.1.1-cp311-cp311-manylinux2014_x86_64.manylinux_2_17_x86_64.whl (217 kB)
pytest (ubuntu-latest, 3.11)	Install (Ubuntu)	2026-10-03T14:59:46.8843072Z Downloading pytest-9.1.1-py3-none-any.whl (386 kB)
pytest (ubuntu-latest, 3.11)	Install (Ubuntu)	2026-10-03T14:59:46.8990955Z Using cached pluggy-1.6.0-py3-none-any.whl (20 kB)
pytest (ubuntu-latest, 3.11)	Install (Ubuntu)	2026-10-03T14:59:46.9119345Z Downloading iniconfig-2.3.0-py3-none-any.whl (7.5 kB)
pytest (ubuntu-latest, 3.11)	Install (Ubuntu)	2026-10-03T14:59:46.9149164Z Using cached packaging-26.3-py3-none-any.whl (129 kB)
pytest (ubuntu-latest, 3.11)	Install (Ubuntu)	2026-10-03T14:59:46.9279876Z Downloading pygments-2.21.0-py3-none-any.whl (1.3 MB)
pytest (ubuntu-latest, 3.11)	Install (Ubuntu)	2026-10-03T14:59:46.9472845Z    ━━━━━━━━━━━━━━━━━━━━━━━━━━━━━━━━━━━━━━━━ 1.3/1.3 MB 63.7 MB/s  0:00:00
pytest (ubuntu-latest, 3.11)	Install (Ubuntu)	2026-10-03T14:59:46.9601545Z Downloading python_dotenv-1.2.4-py3-none-any.whl (23 kB)
pytest (ubuntu-latest, 3.11)	Install (Ubuntu)	2026-10-03T14:59:46.9749238Z Downloading python_multipart-0.0.32-py3-none-any.whl (30 kB)
pytest (ubuntu-latest, 3.11)	Install (Ubuntu)	2026-10-03T14:59:47.0060650Z Downloading referencing-0.37.0-py3-none-any.whl (26 kB)
pytest (ubuntu-latest, 3.11)	Install (Ubuntu)	2026-10-03T14:59:47.0213315Z Downloading rpds_py-2026.6.3-cp311-cp311-manylinux_2_17_x86_64.manylinux2014_x86_64.whl (371 kB)
pytest (ubuntu-latest, 3.11)	Install (Ubuntu)	2026-10-03T14:59:47.0392716Z Downloading sse_starlette-3.5.0-py3-none-any.whl (17 kB)
pytest (ubuntu-latest, 3.11)	Install (Ubuntu)	2026-10-03T14:59:47.0541074Z Downloading starlette-1.7.0-py3-none-any.whl (78 kB)
pytest (ubuntu-latest, 3.11)	Install (Ubuntu)	2026-10-03T14:59:47.0690785Z Downloading typer-0.27.2-py3-none-any.whl (123 kB)
pytest (ubuntu-latest, 3.11)	Install (Ubuntu)	2026-10-03T14:59:47.0986421Z Downloading annotated_doc-0.0.5-py3-none-any.whl (5.3 kB)
pytest (ubuntu-latest, 3.11)	Install (Ubuntu)	2026-10-03T14:59:47.1132867Z Downloading rich-15.0.0-py3-none-any.whl (310 kB)
pytest (ubuntu-latest, 3.11)	Install (Ubuntu)	2026-10-03T14:59:47.1308194Z Downloading markdown_it_py-4.2.0-py3-none-any.whl (91 kB)
pytest (ubuntu-latest, 3.11)	Install (Ubuntu)	2026-10-03T14:59:47.1462065Z Downloading mdurl-0.1.2-py3-none-any.whl (10.0 kB)
pytest (ubuntu-latest, 3.11)	Install (Ubuntu)	2026-10-03T14:59:47.1613875Z Downloading shellingham-1.5.4-py2.py3-none-any.whl (9.8 kB)
pytest (ubuntu-latest, 3.11)	Install (Ubuntu)	2026-10-03T14:59:47.1903576Z Downloading typing_extensions-4.16.0-py3-none-any.whl (45 kB)
pytest (ubuntu-latest, 3.11)	Install (Ubuntu)	2026-10-03T14:59:47.2058532Z Downloading typing_inspection-0.4.4-py3-none-any.whl (14 kB)
pytest (ubuntu-latest, 3.11)	Install (Ubuntu)	2026-10-03T14:59:47.2214918Z Downloading uvicorn-0.54.0-py3-none-any.whl (87 kB)
pytest (ubuntu-latest, 3.11)	Install (Ubuntu)	2026-10-03T14:59:47.2364305Z Downloading click-8.5.0-py3-none-any.whl (125 kB)
pytest (ubuntu-latest, 3.11)	Install (Ubuntu)	2026-10-03T14:59:47.2515806Z Downloading certifi-2026.7.22-py3-none-any.whl (136 kB)
pytest (ubuntu-latest, 3.11)	Install (Ubuntu)	2026-10-03T14:59:47.2759607Z Downloading pycparser-3.0-py3-none-any.whl (48 kB)
pytest (ubuntu-latest, 3.11)	Install (Ubuntu)	2026-10-03T14:59:47.3419981Z Building wheels for collected packages: packet-tracer-mcp
pytest (ubuntu-latest, 3.11)	Install (Ubuntu)	2026-10-03T14:59:47.3427340Z   Building editable for packet-tracer-mcp (pyproject.toml): started
pytest (ubuntu-latest, 3.11)	Install (Ubuntu)	2026-10-03T14:59:47.3661604Z   Building editable for packet-tracer-mcp (pyproject.toml): finished with status 'done'
pytest (ubuntu-latest, 3.11)	Install (Ubuntu)	2026-10-03T14:59:47.3665177Z   Created wheel for packet-tracer-mcp: filename=packet_tracer_mcp-0.8.0-py3-none-any.whl size=3665 sha256=b2e9d302d47cb5c8f4f60e8b9e62681d8ae93b48470b34e865af4bb5cf825565
pytest (ubuntu-latest, 3.11)	Install (Ubuntu)	2026-10-03T14:59:47.3666675Z   Stored in directory: /tmp/pip-ephem-wheel-cache-n6s51_my/wheels/c9/ea/df/85e5369c528043225de2fd6b336256ce7f869f95caa000eaf7
pytest (ubuntu-latest, 3.11)	Install (Ubuntu)	2026-10-03T14:59:47.3676719Z Successfully built packet-tracer-mcp
pytest (ubuntu-latest, 3.11)	Install (Ubuntu)	2026-10-03T14:59:47.4112400Z Installing collected packages: typing-extensions, shellingham, ruff, rpds-py, python-multipart, python-dotenv, pyjwt, pygments, pycparser, pluggy, packaging, mdurl, iniconfig, idna, httpx-sse, h11, click, certifi, attrs, annotated-types, annotated-doc, uvicorn, typing-inspection, referencing, pytest, pydantic-core, markdown-it-py, httpcore, cffi, anyio, starlette, rich, pydantic, jsonschema-specifications, httpx, cryptography, typer, sse-starlette, pydantic-settings, jsonschema, mcp, packet-tracer-mcp
pytest (ubuntu-latest, 3.11)	Install (Ubuntu)	2026-10-03T14:59:49.4283391Z 
pytest (ubuntu-latest, 3.11)	Install (Ubuntu)	2026-10-03T14:59:49.4301833Z Successfully installed annotated-doc-0.0.5 annotated-types-0.8.0 anyio-4.15.1 attrs-26.1.0 certifi-2026.7.22 cffi-2.1.1 click-8.5.0 cryptography-50.0.2 h11-0.16.0 httpcore-1.0.9 httpx-0.28.1 httpx-sse-0.4.3 idna-3.20 iniconfig-2.3.0 jsonschema-4.26.0 jsonschema-specifications-2025.9.1 markdown-it-py-4.2.0 mcp-1.30.0 mdurl-0.1.2 packaging-26.3 packet-tracer-mcp-0.8.0 pluggy-1.6.0 pycparser-3.0 pydantic-2.13.5 pydantic-core-2.46.5 pydantic-settings-2.15.0 pygments-2.21.0 pyjwt-2.15.1 pytest-9.1.1 python-dotenv-1.2.4 python-multipart-0.0.32 referencing-0.37.0 rich-15.0.0 rpds-py-2026.6.3 ruff-0.16.7 shellingham-1.5.4 sse-starlette-3.5.0 starlette-1.7.0 typer-0.27.2 typing-extensions-4.16.0 typing-inspection-0.4.4 uvicorn-0.54.0
pytest (ubuntu-latest, 3.11)	Run tests (Ubuntu)	﻿2026-10-03T14:59:49.5688482Z ##[group]Run .venv/bin/python -m pytest -q -rs
pytest (ubuntu-latest, 3.11)	Run tests (Ubuntu)	2026-10-03T14:59:49.5688844Z ^[[36;1m.venv/bin/python -m pytest -q -rs^[[0m
pytest (ubuntu-latest, 3.11)	Run tests (Ubuntu)	2026-10-03T14:59:49.5725695Z shell: /usr/bin/bash -e {0}
pytest (ubuntu-latest, 3.11)	Run tests (Ubuntu)	2026-10-03T14:59:49.5726155Z env:
pytest (ubuntu-latest, 3.11)	Run tests (Ubuntu)	2026-10-03T14:59:49.5726522Z   PT_MCP_BRIDGE_TOKEN: ci-token-long-enough-to-be-considered-valid-0123456789
pytest (ubuntu-latest, 3.11)	Run tests (Ubuntu)	2026-10-03T14:59:49.5726960Z   pythonLocation: /opt/hostedtoolcache/Python/3.11.16/x64
pytest (ubuntu-latest, 3.11)	Run tests (Ubuntu)	2026-10-03T14:59:49.5727362Z   PKG_CONFIG_PATH: /opt/hostedtoolcache/Python/3.11.16/x64/lib/pkgconfig
pytest (ubuntu-latest, 3.11)	Run tests (Ubuntu)	2026-10-03T14:59:49.5727750Z   Python_ROOT_DIR: /opt/hostedtoolcache/Python/3.11.16/x64
pytest (ubuntu-latest, 3.11)	Run tests (Ubuntu)	2026-10-03T14:59:49.5728146Z   Python2_ROOT_DIR: /opt/hostedtoolcache/Python/3.11.16/x64
pytest (ubuntu-latest, 3.11)	Run tests (Ubuntu)	2026-10-03T14:59:49.5728497Z   Python3_ROOT_DIR: /opt/hostedtoolcache/Python/3.11.16/x64
pytest (ubuntu-latest, 3.11)	Run tests (Ubuntu)	2026-10-03T14:59:49.5728890Z   LD_LIBRARY_PATH: /opt/hostedtoolcache/Python/3.11.16/x64/lib
pytest (ubuntu-latest, 3.11)	Run tests (Ubuntu)	2026-10-03T14:59:49.5729312Z ##[endgroup]
pytest (ubuntu-latest, 3.11)	Run tests (Ubuntu)	2026-10-03T15:00:11.8018201Z ........................................................................ [  0%]
pytest (ubuntu-latest, 3.11)	Run tests (Ubuntu)	2026-10-03T15:00:11.8454509Z ........................................................................ [  1%]
pytest (ubuntu-latest, 3.11)	Run tests (Ubuntu)	2026-10-03T15:00:11.8767748Z ........................................................................ [  2%]
pytest (ubuntu-latest, 3.11)	Run tests (Ubuntu)	2026-10-03T15:00:13.3093713Z ........................................................................ [  3%]
pytest (ubuntu-latest, 3.11)	Run tests (Ubuntu)	2026-10-03T15:00:14.8687373Z ........................................................................ [  4%]
pytest (ubuntu-latest, 3.11)	Run tests (Ubuntu)	2026-10-03T15:00:36.1857939Z ........................................................................ [  4%]
pytest (ubuntu-latest, 3.11)	Run tests (Ubuntu)	2026-10-03T15:00:38.4795097Z ........................................................................ [  5%]
pytest (ubuntu-latest, 3.11)	Run tests (Ubuntu)	2026-10-03T15:00:39.6363769Z ........................................................................ [  6%]
pytest (ubuntu-latest, 3.11)	Run tests (Ubuntu)	2026-10-03T15:00:41.8443777Z ........................................................................ [  7%]
pytest (ubuntu-latest, 3.11)	Run tests (Ubuntu)	2026-10-03T15:00:45.1087015Z ........................................................................ [  8%]
pytest (ubuntu-latest, 3.11)	Run tests (Ubuntu)	2026-10-03T15:00:47.0164022Z ........................................................................ [  8%]
pytest (ubuntu-latest, 3.11)	Run tests (Ubuntu)	2026-10-03T15:00:48.6172420Z ........................................................................ [  9%]
pytest (ubuntu-latest, 3.11)	Run tests (Ubuntu)	2026-10-03T15:00:48.7629493Z ........................................................................ [ 10%]
pytest (ubuntu-latest, 3.11)	Run tests (Ubuntu)	2026-10-03T15:00:48.8479337Z ........................................................................ [ 11%]
pytest (ubuntu-latest, 3.11)	Run tests (Ubuntu)	2026-10-03T15:00:49.1132082Z ........................................................................ [ 12%]
pytest (ubuntu-latest, 3.11)	Run tests (Ubuntu)	2026-10-03T15:01:11.9542315Z ........................................................................ [ 12%]
pytest (ubuntu-latest, 3.11)	Run tests (Ubuntu)	2026-10-03T15:01:23.5351554Z ........................................................................ [ 13%]
pytest (ubuntu-latest, 3.11)	Run tests (Ubuntu)	2026-10-03T15:01:30.2192324Z ........................................................................ [ 14%]
pytest (ubuntu-latest, 3.11)	Run tests (Ubuntu)	2026-10-03T15:01:34.5820588Z ........................................................................ [ 15%]
pytest (ubuntu-latest, 3.11)	Run tests (Ubuntu)	2026-10-03T15:01:49.8575879Z ........................................................................ [ 16%]
pytest (ubuntu-latest, 3.11)	Run tests (Ubuntu)	2026-10-03T15:01:55.8899628Z ........................................................................ [ 17%]
pytest (ubuntu-latest, 3.11)	Run tests (Ubuntu)	2026-10-03T15:02:04.3478487Z ........................................................................ [ 17%]
pytest (ubuntu-latest, 3.11)	Run tests (Ubuntu)	2026-10-03T15:02:33.6837326Z ........................................................................ [ 18%]
pytest (ubuntu-latest, 3.11)	Run tests (Ubuntu)	2026-10-03T15:02:41.3143624Z ........................................................................ [ 19%]
pytest (ubuntu-latest, 3.11)	Run tests (Ubuntu)	2026-10-03T15:02:50.6809457Z ........................................................................ [ 20%]
pytest (ubuntu-latest, 3.11)	Run tests (Ubuntu)	2026-10-03T15:02:58.4669678Z ........................................................................ [ 21%]
pytest (ubuntu-latest, 3.11)	Run tests (Ubuntu)	2026-10-03T15:02:59.1303640Z ........................................................................ [ 21%]
pytest (ubuntu-latest, 3.11)	Run tests (Ubuntu)	2026-10-03T15:02:59.7960455Z ........................................................................ [ 22%]
pytest (ubuntu-latest, 3.11)	Run tests (Ubuntu)	2026-10-03T15:03:00.3012879Z ............s........................................................... [ 23%]
pytest (ubuntu-latest, 3.11)	Run tests (Ubuntu)	2026-10-03T15:03:05.0580715Z ........................................................................ [ 24%]
pytest (ubuntu-latest, 3.11)	Run tests (Ubuntu)	2026-10-03T15:03:06.5859899Z ........................................................................ [ 25%]
pytest (ubuntu-latest, 3.11)	Run tests (Ubuntu)	2026-10-03T15:03:06.8910422Z ........................................................................ [ 25%]
pytest (ubuntu-latest, 3.11)	Run tests (Ubuntu)	2026-10-03T15:03:07.4882127Z ........................................................................ [ 26%]
pytest (ubuntu-latest, 3.11)	Run tests (Ubuntu)	2026-10-03T15:03:09.7018813Z ........................................................................ [ 27%]
pytest (ubuntu-latest, 3.11)	Run tests (Ubuntu)	2026-10-03T15:03:09.7611281Z ........................................................................ [ 28%]
pytest (ubuntu-latest, 3.11)	Run tests (Ubuntu)	2026-10-03T15:03:09.8122829Z ........................................................................ [ 29%]
pytest (ubuntu-latest, 3.11)	Run tests (Ubuntu)	2026-10-03T15:03:09.9655280Z ........................................................................ [ 30%]
pytest (ubuntu-latest, 3.11)	Run tests (Ubuntu)	2026-10-03T15:03:10.6945681Z ........................................................................ [ 30%]
pytest (ubuntu-latest, 3.11)	Run tests (Ubuntu)	2026-10-03T15:03:10.9919838Z ........................................................................ [ 31%]
pytest (ubuntu-latest, 3.11)	Run tests (Ubuntu)	2026-10-03T15:03:11.3609354Z ........................................................................ [ 32%]
pytest (ubuntu-latest, 3.11)	Run tests (Ubuntu)	2026-10-03T15:03:12.2403754Z ........................................................................ [ 33%]
pytest (ubuntu-latest, 3.11)	Run tests (Ubuntu)	2026-10-03T15:03:13.2022131Z ........................................................................ [ 34%]
pytest (ubuntu-latest, 3.11)	Run tests (Ubuntu)	2026-10-03T15:03:20.6504221Z ........................................................................ [ 34%]
pytest (ubuntu-latest, 3.11)	Run tests (Ubuntu)	2026-10-03T15:03:20.9921440Z ........................................................................ [ 35%]
pytest (ubuntu-latest, 3.11)	Run tests (Ubuntu)	2026-10-03T15:03:23.6055138Z ........................................................................ [ 36%]
pytest (ubuntu-latest, 3.11)	Run tests (Ubuntu)	2026-10-03T15:03:23.7738011Z ........................................................................ [ 37%]
pytest (ubuntu-latest, 3.11)	Run tests (Ubuntu)	2026-10-03T15:03:23.9432946Z ........................................................................ [ 38%]
pytest (ubuntu-latest, 3.11)	Run tests (Ubuntu)	2026-10-03T15:03:29.0292528Z ........................................................................ [ 38%]
pytest (ubuntu-latest, 3.11)	Run tests (Ubuntu)	2026-10-03T15:03:35.4442023Z ........................................................................ [ 39%]
pytest (ubuntu-latest, 3.11)	Run tests (Ubuntu)	2026-10-03T15:04:01.1209834Z ........................................................................ [ 40%]
pytest (ubuntu-latest, 3.11)	Run tests (Ubuntu)	2026-10-03T15:04:02.4662767Z ........................................................................ [ 41%]
pytest (ubuntu-latest, 3.11)	Run tests (Ubuntu)	2026-10-03T15:04:16.3342592Z ........................................................................ [ 42%]
pytest (ubuntu-latest, 3.11)	Run tests (Ubuntu)	2026-10-03T15:04:16.3630459Z ........................................................................ [ 43%]
pytest (ubuntu-latest, 3.11)	Run tests (Ubuntu)	2026-10-03T15:04:16.8974957Z ........................................................................ [ 43%]
pytest (ubuntu-latest, 3.11)	Run tests (Ubuntu)	2026-10-03T15:04:16.9915752Z ........................................................................ [ 44%]
pytest (ubuntu-latest, 3.11)	Run tests (Ubuntu)	2026-10-03T15:04:18.2944575Z ........................................................................ [ 45%]
pytest (ubuntu-latest, 3.11)	Run tests (Ubuntu)	2026-10-03T15:04:18.4179917Z ........................................................................ [ 46%]
pytest (ubuntu-latest, 3.11)	Run tests (Ubuntu)	2026-10-03T15:04:40.9365313Z ........................................................................ [ 47%]
pytest (ubuntu-latest, 3.11)	Run tests (Ubuntu)	2026-10-03T15:04:52.2728611Z ........................................................................ [ 47%]
pytest (ubuntu-latest, 3.11)	Run tests (Ubuntu)	2026-10-03T15:04:54.1599809Z ........................................................................ [ 48%]
pytest (ubuntu-latest, 3.11)	Run tests (Ubuntu)	2026-10-03T15:04:58.5815906Z ........................................................................ [ 49%]
pytest (ubuntu-latest, 3.11)	Run tests (Ubuntu)	2026-10-03T15:04:58.6089962Z ........................................................................ [ 50%]
pytest (ubuntu-latest, 3.11)	Run tests (Ubuntu)	2026-10-03T15:04:59.3039641Z ........................................................................ [ 51%]
pytest (ubuntu-latest, 3.11)	Run tests (Ubuntu)	2026-10-03T15:04:59.4975285Z ........................................................................ [ 51%]
pytest (ubuntu-latest, 3.11)	Run tests (Ubuntu)	2026-10-03T15:04:59.5934153Z ........................................................................ [ 52%]
pytest (ubuntu-latest, 3.11)	Run tests (Ubuntu)	2026-10-03T15:05:00.1643650Z ........................................................................ [ 53%]
pytest (ubuntu-latest, 3.11)	Run tests (Ubuntu)	2026-10-03T15:05:00.5423542Z ........................................................................ [ 54%]
pytest (ubuntu-latest, 3.11)	Run tests (Ubuntu)	2026-10-03T15:05:00.5693512Z ........................................................................ [ 55%]
pytest (ubuntu-latest, 3.11)	Run tests (Ubuntu)	2026-10-03T15:05:01.3958277Z ........................................................................ [ 56%]
pytest (ubuntu-latest, 3.11)	Run tests (Ubuntu)	2026-10-03T15:05:01.8302776Z ........................................................................ [ 56%]
pytest (ubuntu-latest, 3.11)	Run tests (Ubuntu)	2026-10-03T15:05:01.8772015Z ........................................................................ [ 57%]
pytest (ubuntu-latest, 3.11)	Run tests (Ubuntu)	2026-10-03T15:05:01.9117315Z ........................................................................ [ 58%]
pytest (ubuntu-latest, 3.11)	Run tests (Ubuntu)	2026-10-03T15:05:01.9394641Z .......................................................................s [ 59%]
pytest (ubuntu-latest, 3.11)	Run tests (Ubuntu)	2026-10-03T15:05:02.7873266Z ........................................................................ [ 60%]
pytest (ubuntu-latest, 3.11)	Run tests (Ubuntu)	2026-10-03T15:05:02.8205055Z ......................s................................................. [ 60%]
pytest (ubuntu-latest, 3.11)	Run tests (Ubuntu)	2026-10-03T15:05:02.8630290Z ........................................................................ [ 61%]
pytest (ubuntu-latest, 3.11)	Run tests (Ubuntu)	2026-10-03T15:05:02.8980678Z ........................................................................ [ 62%]
pytest (ubuntu-latest, 3.11)	Run tests (Ubuntu)	2026-10-03T15:05:02.9334289Z ........................................................................ [ 63%]
pytest (ubuntu-latest, 3.11)	Run tests (Ubuntu)	2026-10-03T15:05:03.2399481Z ........................................................................ [ 64%]
pytest (ubuntu-latest, 3.11)	Run tests (Ubuntu)	2026-10-03T15:05:07.4867954Z ........................................................................ [ 64%]
pytest (ubuntu-latest, 3.11)	Run tests (Ubuntu)	2026-10-03T15:05:09.7494120Z ........................................................................ [ 65%]
pytest (ubuntu-latest, 3.11)	Run tests (Ubuntu)	2026-10-03T15:05:10.5537371Z ..................................................................sss... [ 66%]
pytest (ubuntu-latest, 3.11)	Run tests (Ubuntu)	2026-10-03T15:05:10.6162327Z ........................................................................ [ 67%]
pytest (ubuntu-latest, 3.11)	Run tests (Ubuntu)	2026-10-03T15:05:14.7031011Z ........................................................................ [ 68%]
pytest (ubuntu-latest, 3.11)	Run tests (Ubuntu)	2026-10-03T15:05:16.9443207Z ........................................................................ [ 68%]
pytest (ubuntu-latest, 3.11)	Run tests (Ubuntu)	2026-10-03T15:05:20.6045758Z ........................................................................ [ 69%]
pytest (ubuntu-latest, 3.11)	Run tests (Ubuntu)	2026-10-03T15:05:22.9687250Z ........................................................................ [ 70%]
pytest (ubuntu-latest, 3.11)	Run tests (Ubuntu)	2026-10-03T15:05:23.4307852Z ........................................................................ [ 71%]
pytest (ubuntu-latest, 3.11)	Run tests (Ubuntu)	2026-10-03T15:05:24.8474216Z ........................................................................ [ 72%]
pytest (ubuntu-latest, 3.11)	Run tests (Ubuntu)	2026-10-03T15:05:25.2625453Z ........................................................................ [ 73%]
pytest (ubuntu-latest, 3.11)	Run tests (Ubuntu)	2026-10-03T15:05:25.9233913Z .................................................................ss..... [ 73%]
pytest (ubuntu-latest, 3.11)	Run tests (Ubuntu)	2026-10-03T15:05:33.0434419Z ........................................................................ [ 74%]
pytest (ubuntu-latest, 3.11)	Run tests (Ubuntu)	2026-10-03T15:05:34.2255209Z ............................s........................................... [ 75%]
pytest (ubuntu-latest, 3.11)	Run tests (Ubuntu)	2026-10-03T15:05:35.1928849Z ........................................................................ [ 76%]
pytest (ubuntu-latest, 3.11)	Run tests (Ubuntu)	2026-10-03T15:05:35.7086759Z ........................................................................ [ 77%]
pytest (ubuntu-latest, 3.11)	Run tests (Ubuntu)	2026-10-03T15:05:37.7206484Z ........................................................................ [ 77%]
pytest (ubuntu-latest, 3.11)	Run tests (Ubuntu)	2026-10-03T15:05:39.6485886Z ........................................................................ [ 78%]
pytest (ubuntu-latest, 3.11)	Run tests (Ubuntu)	2026-10-03T15:05:40.4174370Z ........................................................................ [ 79%]
pytest (ubuntu-latest, 3.11)	Run tests (Ubuntu)	2026-10-03T15:05:45.4505025Z ........................................................................ [ 80%]
pytest (ubuntu-latest, 3.11)	Run tests (Ubuntu)	2026-10-03T15:05:49.5748349Z ........................................................................ [ 81%]
pytest (ubuntu-latest, 3.11)	Run tests (Ubuntu)	2026-10-03T15:05:51.7027443Z ........................................................................ [ 81%]
pytest (ubuntu-latest, 3.11)	Run tests (Ubuntu)	2026-10-03T15:05:51.7324181Z ........................................................................ [ 82%]
pytest (ubuntu-latest, 3.11)	Run tests (Ubuntu)	2026-10-03T15:05:52.9601021Z ........................................................................ [ 83%]
pytest (ubuntu-latest, 3.11)	Run tests (Ubuntu)	2026-10-03T15:05:55.5415325Z ........................................................................ [ 84%]
pytest (ubuntu-latest, 3.11)	Run tests (Ubuntu)	2026-10-03T15:05:55.9969409Z ........................................................................ [ 85%]
pytest (ubuntu-latest, 3.11)	Run tests (Ubuntu)	2026-10-03T15:05:56.0257268Z ........................................................................ [ 86%]
pytest (ubuntu-latest, 3.11)	Run tests (Ubuntu)	2026-10-03T15:05:56.3135606Z ........................................................................ [ 86%]
pytest (ubuntu-latest, 3.11)	Run tests (Ubuntu)	2026-10-03T15:06:00.0409097Z ........................................................................ [ 87%]
pytest (ubuntu-latest, 3.11)	Run tests (Ubuntu)	2026-10-03T15:06:01.5098890Z ........................................................................ [ 88%]
pytest (ubuntu-latest, 3.11)	Run tests (Ubuntu)	2026-10-03T15:09:03.3103388Z ........................................................................ [ 89%]
pytest (ubuntu-latest, 3.11)	Run tests (Ubuntu)	2026-10-03T15:10:01.8267824Z ........................................................................ [ 90%]
pytest (ubuntu-latest, 3.11)	Run tests (Ubuntu)	2026-10-03T15:10:58.9326859Z ........................................................................ [ 90%]
pytest (ubuntu-latest, 3.11)	Run tests (Ubuntu)	2026-10-03T15:11:14.5217815Z ........................................................................ [ 91%]
pytest (ubuntu-latest, 3.11)	Run tests (Ubuntu)	2026-10-03T15:11:17.7010281Z ........................................................................ [ 92%]
pytest (ubuntu-latest, 3.11)	Run tests (Ubuntu)	2026-10-03T15:11:21.9072854Z ........................................................................ [ 93%]
pytest (ubuntu-latest, 3.11)	Run tests (Ubuntu)	2026-10-03T15:11:22.8689889Z ........................................................................ [ 94%]
pytest (ubuntu-latest, 3.11)	Run tests (Ubuntu)	2026-10-03T15:11:22.8980846Z ........................................................................ [ 94%]
pytest (ubuntu-latest, 3.11)	Run tests (Ubuntu)	2026-10-03T15:11:22.9271145Z ........................................................................ [ 95%]
pytest (ubuntu-latest, 3.11)	Run tests (Ubuntu)	2026-10-03T15:11:52.1158492Z ........................................................................ [ 96%]
pytest (ubuntu-latest, 3.11)	Run tests (Ubuntu)	2026-10-03T15:11:53.5306190Z ........................................................................ [ 97%]
pytest (ubuntu-latest, 3.11)	Run tests (Ubuntu)	2026-10-03T15:11:53.5922874Z ........................................................................ [ 98%]
pytest (ubuntu-latest, 3.11)	Run tests (Ubuntu)	2026-10-03T15:11:53.6380496Z ........................................................................ [ 99%]
pytest (ubuntu-latest, 3.11)	Run tests (Ubuntu)	2026-10-03T15:11:53.7032050Z .....................................................sssssssssssss...... [ 99%]
pytest (ubuntu-latest, 3.11)	Run tests (Ubuntu)	2026-10-03T15:11:57.0337731Z ..............                                                           [100%]
pytest (ubuntu-latest, 3.11)	Run tests (Ubuntu)	2026-10-03T15:11:57.0339309Z =============================== warnings summary ===============================
pytest (ubuntu-latest, 3.11)	Run tests (Ubuntu)	2026-10-03T15:11:57.0339932Z tests/test_e95_interface_routing_semantics.py::TestTheReferenceIsUnchanged::test_the_reference_still_emits_no_bandwidth_anywhere
pytest (ubuntu-latest, 3.11)	Run tests (Ubuntu)	2026-10-03T15:11:57.0340751Z tests/test_e95_productive_pipeline.py::TestTheCompilerReachesLinkPerformance::test_the_reference_still_compiles_after_the_wiring
pytest (ubuntu-latest, 3.11)	Run tests (Ubuntu)	2026-10-03T15:11:57.0341597Z tests/test_e95_productive_pipeline.py::TestUnknownProfileNeverMutates::test_an_unknown_profile_produces_zero_link_mode_mutations
pytest (ubuntu-latest, 3.11)	Run tests (Ubuntu)	2026-10-03T15:11:57.0342596Z   /home/runner/work/cisco-muejeje/cisco-muejeje/.venv/lib/python3.11/site-packages/_pytest/fixtures.py:1313: PytestRemovedIn10Warning: Class-scoped fixture defined as instance method is deprecated.
pytest (ubuntu-latest, 3.11)	Run tests (Ubuntu)	2026-10-03T15:11:57.0343302Z   Instance attributes set in this fixture will NOT be visible to test methods,
pytest (ubuntu-latest, 3.11)	Run tests (Ubuntu)	2026-10-03T15:11:57.0343712Z   as each test gets a new instance while the fixture runs only once per class.
pytest (ubuntu-latest, 3.11)	Run tests (Ubuntu)	2026-10-03T15:11:57.0344091Z   Use @classmethod decorator and set attributes on cls instead.
pytest (ubuntu-latest, 3.11)	Run tests (Ubuntu)	2026-10-03T15:11:57.0344588Z   See https://docs.pytest.org/en/stable/deprecations.html#class-scoped-fixture-as-instance-method
pytest (ubuntu-latest, 3.11)	Run tests (Ubuntu)	2026-10-03T15:11:57.0345036Z     fixturefunc = resolve_fixture_function(fixturedef, request)
pytest (ubuntu-latest, 3.11)	Run tests (Ubuntu)	2026-10-03T15:11:57.0345257Z 
pytest (ubuntu-latest, 3.11)	Run tests (Ubuntu)	2026-10-03T15:11:57.0345446Z -- Docs: https://docs.pytest.org/en/stable/how-to/capture-warnings.html
pytest (ubuntu-latest, 3.11)	Run tests (Ubuntu)	2026-10-03T15:11:57.0345819Z =========================== short test summary info ============================
pytest (ubuntu-latest, 3.11)	Run tests (Ubuntu)	2026-10-03T15:11:57.0346221Z SKIPPED [1] tests/test_dhcp_native_default_sequence.py:110: the D-DHCP record is machine-local
pytest (ubuntu-latest, 3.11)	Run tests (Ubuntu)	2026-10-03T15:11:57.0346727Z SKIPPED [1] tests/test_positive_voice_ab_evidence_ledger.py:131: no retained raw run is present in this checkout
pytest (ubuntu-latest, 3.11)	Run tests (Ubuntu)	2026-10-03T15:11:57.0347262Z SKIPPED [1] tests/test_positive_voice_dhcp_pool_observer.py:562: the ignored qualification artefact is absent here
pytest (ubuntu-latest, 3.11)	Run tests (Ubuntu)	2026-10-03T15:11:57.0347895Z SKIPPED [1] tests/test_receiver_continuity.py:332: the Win32 process reads exist only on Windows
pytest (ubuntu-latest, 3.11)	Run tests (Ubuntu)	2026-10-03T15:11:57.0348379Z SKIPPED [1] tests/test_receiver_continuity.py:353: the Win32 process reads exist only on Windows
pytest (ubuntu-latest, 3.11)	Run tests (Ubuntu)	2026-10-03T15:11:57.0348853Z SKIPPED [1] tests/test_receiver_continuity.py:381: the Win32 process reads exist only on Windows
pytest (ubuntu-latest, 3.11)	Run tests (Ubuntu)	2026-10-03T15:11:57.0349546Z SKIPPED [1] tests/test_server_pt_fastloop_retirement.py:2332: opt-in: set PT_MCP_NATIVE_WINDOW_TESTS=1 on Windows
pytest (ubuntu-latest, 3.11)	Run tests (Ubuntu)	2026-10-03T15:11:57.0350084Z SKIPPED [1] tests/test_server_pt_fastloop_retirement.py:2405: opt-in: set PT_MCP_NATIVE_WINDOW_TESTS=1 on Windows
pytest (ubuntu-latest, 3.11)	Run tests (Ubuntu)	2026-10-03T15:11:57.0350605Z SKIPPED [1] tests/test_server_pt_published_sources.py:188: the documentation extra (`.[docs]`) is not installed here
pytest (ubuntu-latest, 3.11)	Run tests (Ubuntu)	2026-10-03T15:11:57.0351044Z SKIPPED [1] tests/test_windows_process_census.py:160: Win32 ctypes only
pytest (ubuntu-latest, 3.11)	Run tests (Ubuntu)	2026-10-03T15:11:57.0351439Z SKIPPED [3] tests/test_windows_process_census.py:172: Win32 ctypes only
pytest (ubuntu-latest, 3.11)	Run tests (Ubuntu)	2026-10-03T15:11:57.0351857Z SKIPPED [1] tests/test_windows_process_census.py:181: Win32 ctypes only
pytest (ubuntu-latest, 3.11)	Run tests (Ubuntu)	2026-10-03T15:11:57.0352222Z SKIPPED [1] tests/test_windows_process_census.py:189: Win32 ctypes only
pytest (ubuntu-latest, 3.11)	Run tests (Ubuntu)	2026-10-03T15:11:57.0352569Z SKIPPED [1] tests/test_windows_process_census.py:224: Win32 ctypes only
pytest (ubuntu-latest, 3.11)	Run tests (Ubuntu)	2026-10-03T15:11:57.0352904Z SKIPPED [1] tests/test_windows_process_census.py:232: Win32 ctypes only
pytest (ubuntu-latest, 3.11)	Run tests (Ubuntu)	2026-10-03T15:11:57.0353290Z SKIPPED [3] tests/test_windows_process_census.py:241: Win32 ctypes only
pytest (ubuntu-latest, 3.11)	Run tests (Ubuntu)	2026-10-03T15:11:57.0353634Z SKIPPED [1] tests/test_windows_process_census.py:275: Win32 ctypes only
pytest (ubuntu-latest, 3.11)	Run tests (Ubuntu)	2026-10-03T15:11:57.0353980Z SKIPPED [1] tests/test_windows_process_census.py:315: Win32 ctypes only
pytest (ubuntu-latest, 3.11)	Run tests (Ubuntu)	2026-10-03T15:11:57.0354358Z 8848 passed, 22 skipped, 3 warnings in 724.24s (0:12:04)
pytest (ubuntu-latest, 3.11)	Post Run actions/setup-python@v5	﻿2026-10-03T15:11:58.3004854Z Post job cleanup.
pytest (ubuntu-latest, 3.11)	Post Run actions/setup-python@v5	2026-10-03T15:11:58.3872821Z (node:12250) [DEP0040] DeprecationWarning: The `punycode` module is deprecated. Please use a userland alternative instead.
pytest (ubuntu-latest, 3.11)	Post Run actions/setup-python@v5	2026-10-03T15:11:58.3873754Z (Use `node --trace-deprecation ...` to show where the warning was created)
pytest (ubuntu-latest, 3.11)	Post Run actions/checkout@v4	﻿2026-10-03T15:11:58.4030583Z Post job cleanup.
pytest (ubuntu-latest, 3.11)	Post Run actions/checkout@v4	2026-10-03T15:11:58.4689972Z [command]/usr/bin/git version
pytest (ubuntu-latest, 3.11)	Post Run actions/checkout@v4	2026-10-03T15:11:58.4720640Z git version 2.55.0
pytest (ubuntu-latest, 3.11)	Post Run actions/checkout@v4	2026-10-03T15:11:58.4744636Z Temporarily overriding HOME='/home/runner/work/_temp/5a36a232-2d02-4f55-a592-0eb5c1056447' before making global git config changes
pytest (ubuntu-latest, 3.11)	Post Run actions/checkout@v4	2026-10-03T15:11:58.4745662Z Adding repository directory to the temporary git global config as a safe directory
pytest (ubuntu-latest, 3.11)	Post Run actions/checkout@v4	2026-10-03T15:11:58.4748223Z [command]/usr/bin/git config --global --add safe.directory /home/runner/work/cisco-muejeje/cisco-muejeje
pytest (ubuntu-latest, 3.11)	Post Run actions/checkout@v4	2026-10-03T15:11:58.4779374Z [command]/usr/bin/git config --local --name-only --get-regexp core\.sshCommand
pytest (ubuntu-latest, 3.11)	Post Run actions/checkout@v4	2026-10-03T15:11:58.4804261Z [command]/usr/bin/git submodule foreach --recursive sh -c "git config --local --name-only --get-regexp 'core\.sshCommand' && git config --local --unset-all 'core.sshCommand' || :"
pytest (ubuntu-latest, 3.11)	Post Run actions/checkout@v4	2026-10-03T15:11:58.5022819Z [command]/usr/bin/git config --local --name-only --get-regexp http\.https\:\/\/github\.com\/\.extraheader
pytest (ubuntu-latest, 3.11)	Post Run actions/checkout@v4	2026-10-03T15:11:58.5059891Z [command]/usr/bin/git submodule foreach --recursive sh -c "git config --local --name-only --get-regexp 'http\.https\:\/\/github\.com\/\.extraheader' && git config --local --unset-all 'http.https://github.com/.extraheader' || :"
pytest (ubuntu-latest, 3.11)	Post Run actions/checkout@v4	2026-10-03T15:11:58.5297508Z [command]/usr/bin/git config --local --name-only --get-regexp ^includeIf\.gitdir:
pytest (ubuntu-latest, 3.11)	Post Run actions/checkout@v4	2026-10-03T15:11:58.5327687Z [command]/usr/bin/git submodule foreach --recursive git config --local --show-origin --name-only --get-regexp remote.origin.url
pytest (ubuntu-latest, 3.11)	Complete job	﻿2026-10-03T15:11:58.5685163Z Cleaning up orphan processes
pytest (ubuntu-latest, 3.11)	Complete job	2026-10-03T15:11:58.5917723Z ##[warning]Node.js 20 is deprecated. The following actions target Node.js 20 but are being forced to run on Node.js 24: actions/checkout@v4, actions/setup-python@v5. For more information see: https://github.blog/changelog/2025-09-19-deprecation-of-node-20-on-github-actions-runners/
